"game_id","home_team","away_team","matchupQuality","home_prob","away_prob","tie_prob","away_projected_pts","home_projected_pts","total_projected_pts","home_PtDiff","away_PtDiff","home_rating","away_rating","game_name","season","season_type","week","sport","league"
"401326322","Tampa Bay Buccaneers","Dallas Cowboys","84.938","0.6995","0.2980","0.0023","18.68","33.82","52.50","7.572","-7.572","8.245","5.383","Dallas Cowboys at Tampa Bay Buccaneers","2021","2","1","football","nfl"
"401326315","Atlanta Falcons","Philadelphia Eagles","28.52","0.6321","0.3649","0.0029","19.34","29.16","48.50","4.908","-4.908","-5.502","0.155","Philadelphia Eagles at Atlanta Falcons","2021","2","1","football","nfl"
"401326308","Buffalo Bills","Pittsburgh Steelers","59.88","0.6787","0.3187","0.0025","17.02","30.48","47.50","6.726","-6.726","8.594","-1.471","Pittsburgh Steelers at Buffalo Bills","2021","2","1","football","nfl"
"401326316","Cincinnati Bengals","Minnesota Vikings","59.262","0.4685","0.5277","0.0037","24.57","22.43","47.00","-1.068","1.068","1.619","0.988","Minnesota Vikings at Cincinnati Bengals","2021","2","1","football","nfl"
"401326317","Detroit Lions","San Francisco 49ers","43.489","0.3817","0.6152","0.0030","27.27","18.73","46.00","-4.27","4.27","-6.039","4.407","San Francisco 49ers at Detroit Lions","2021","2","1","football","nfl"
"401326311","Tennessee Titans","Arizona Cardinals","69.642","0.6357","0.3613","0.0029","21.95","32.05","54.00","5.047","-5.047","1.585","3.688","Arizona Cardinals at Tennessee Titans","2021","2","1","football","nfl"
"401326318","Indianapolis Colts","Seattle Seahawks","65.342","0.5268","0.4694","0.0037","23.47","25.54","49.00","1.035","-1.035","2.217","2.373","Seattle Seahawks at Indianapolis Colts","2021","2","1","football","nfl"
"401326312","Washington","Los Angeles Chargers","49.024","0.5930","0.4037","0.0032","19.31","26.19","45.50","3.444","-3.444","-2.037","1.79","Los Angeles Chargers at Washington ","2021","2","1","football","nfl"
"401326309","Carolina Panthers","New York Jets","17.62","0.6574","0.3398","0.0027","16.37","28.14","44.50","5.885","-5.885","-4.474","-8.791","New York Jets at Carolina Panthers","2021","2","1","football","nfl"
"401326310","Houston Texans","Jacksonville Jaguars","2.446","0.4770","0.5191","0.0038","23.51","21.99","45.50","-0.758","0.758","-9.988","-8.536","Jacksonville Jaguars at Houston Texans","2021","2","1","football","nfl"
"401326314","Kansas City Chiefs","Cleveland Browns","64.669","0.6764","0.3209","0.0025","20.62","33.88","54.50","6.634","-6.634","6.216","0.372","Cleveland Browns at Kansas City Chiefs","2021","2","1","football","nfl"
"401326313","New England Patriots","Miami Dolphins","57.213","0.5992","0.3975","0.0031","17.82","25.18","43.00","3.676","-3.676","4.991","-1.285","Miami Dolphins at New England Patriots","2021","2","1","football","nfl"
"401326319","New Orleans Saints","Green Bay Packers","79.759","0.4452","0.5511","0.0035","26.42","22.59","49.00","-1.915","1.915","2.593","5.281","Green Bay Packers at New Orleans Saints","2021","2","1","football","nfl"
"401326320","New York Giants","Denver Broncos","29.629","0.5299","0.4663","0.0037","19.60","21.90","41.50","1.147","-1.147","-5.536","0.478","Denver Broncos at New York Giants","2021","2","1","football","nfl"
"401326323","Los Angeles Rams","Chicago Bears","51.645","0.7117","0.2859","0.0023","14.92","31.08","46.00","8.079","-8.079","5.989","-3.967","Chicago Bears at Los Angeles Rams","2021","2","1","football","nfl"
"401326321","Las Vegas Raiders","Baltimore Ravens","44.407","0.4249","0.5716","0.0034","27.91","22.59","50.50","-2.659","2.659","-2.433","1.007","Baltimore Ravens at Las Vegas Raiders","2021","2","1","football","nfl"
"401326127","Washington","New York Giants","24.496","0.5599","0.4366","0.0035","18.31","22.70","41.00","2.195","-2.195","-2.937","-5.536","New York Giants at Washington ","2021","2","2","football","nfl"
"401326129","Chicago Bears","Cincinnati Bengals","40.292","0.5426","0.4537","0.0036","20.67","23.83","44.50","1.579","-1.579","-3.967","1.619","Cincinnati Bengals at Chicago Bears","2021","2","2","football","nfl"
"401326130","Cleveland Browns","Houston Texans","38.233","0.7971","0.2012","0.0016","12.44","36.06","48.50","11.807","-11.807","0.372","-9.988","Houston Texans at Cleveland Browns","2021","2","2","football","nfl"
"401326131","Indianapolis Colts","Los Angeles Rams","80.008","0.4403","0.5560","0.0035","25.81","21.69","47.50","-2.059","2.059","2.217","5.989","Los Angeles Rams at Indianapolis Colts","2021","2","2","football","nfl"
"401326353","Miami Dolphins","Buffalo Bills","76.794","0.4936","0.5023","0.0039","24.15","23.85","48.00","-0.153","0.153","-1.285","8.594","Buffalo Bills at Miami Dolphins","2021","2","2","football","nfl"
"401326354","New York Jets","New England Patriots","38.93","0.3469","0.6502","0.0027","27.01","15.99","43.00","-5.514","5.514","-8.791","4.991","New England Patriots at New York Jets","2021","2","2","football","nfl"
"401326355","Philadelphia Eagles","San Francisco 49ers","67.633","0.4681","0.5281","0.0037","25.57","23.44","49.00","-1.065","1.065","0.155","4.407","San Francisco 49ers at Philadelphia Eagles","2021","2","2","football","nfl"
"401326356","Pittsburgh Steelers","Las Vegas Raiders","38.38","0.6467","0.3504","0.0028","17.87","28.63","46.50","5.383","-5.383","-1.471","-2.433","Las Vegas Raiders at Pittsburgh Steelers","2021","2","2","football","nfl"
"401326128","Carolina Panthers","New Orleans Saints","42.257","0.3951","0.6016","0.0031","26.21","18.80","45.00","-3.705","3.705","-4.474","2.593","New Orleans Saints at Carolina Panthers","2021","2","2","football","nfl"
"401326132","Jacksonville Jaguars","Denver Broncos","19.899","0.3679","0.6291","0.0029","27.22","17.78","45.00","-4.717","4.717","-8.536","0.478","Denver Broncos at Jacksonville Jaguars","2021","2","2","football","nfl"
"401326357","Arizona Cardinals","Minnesota Vikings","63.385","0.6129","0.3839","0.0030","21.38","29.62","51.00","4.119","-4.119","3.688","0.988","Minnesota Vikings at Arizona Cardinals","2021","2","2","football","nfl"
"401326358","Tampa Bay Buccaneers","Atlanta Falcons","50.789","0.7850","0.2132","0.0017","14.79","37.21","52.00","11.21","-11.21","8.245","-5.502","Atlanta Falcons at Tampa Bay Buccaneers","2021","2","2","football","nfl"
"401326359","Los Angeles Chargers","Dallas Cowboys","77.724","0.5013","0.4946","0.0039","27.38","27.62","55.00","0.119","-0.119","1.79","5.383","Dallas Cowboys at Los Angeles Chargers","2021","2","2","football","nfl"
"401326360","Seattle Seahawks","Tennessee Titans","62.404","0.7075","0.2901","0.0023","19.22","34.78","54.00","7.776","-7.776","2.373","1.585","Tennessee Titans at Seattle Seahawks","2021","2","2","football","nfl"
"401326361","Baltimore Ravens","Kansas City Chiefs","78.116","0.4381","0.5583","0.0035","28.89","24.61","53.50","-2.138","2.138","1.007","6.216","Kansas City Chiefs at Baltimore Ravens","2021","2","2","football","nfl"
"401326362","Green Bay Packers","Detroit Lions","49.312","0.6732","0.3241","0.0026","17.85","30.65","48.50","6.404","-6.404","5.281","-6.039","Detroit Lions at Green Bay Packers","2021","2","2","football","nfl"
"401326363","Houston Texans","Carolina Panthers","7.156","0.3730","0.6240","0.0030","25.97","17.03","43.00","-4.468","4.468","-8.598","-4.474","Carolina Panthers at Houston Texans","2021","2","3","football","nfl"
"401326364","Buffalo Bills","Washington","56.997","0.7159","0.2817","0.0022","14.73","30.77","45.50","8.019","-8.019","8.594","-2.937","Washington  at Buffalo Bills","2021","2","3","football","nfl"
"401326365","Cleveland Browns","Chicago Bears","39.17","0.7165","0.2811","0.0022","14.46","30.54","45.00","8.044","-8.044","0.372","-4.483","Chicago Bears at Cleveland Browns","2021","2","3","football","nfl"
"401326366","Detroit Lions","Baltimore Ravens","30.123","0.2836","0.7140","0.0022","33.44","17.56","51.00","-7.941","7.941","-6.039","1.007","Baltimore Ravens at Detroit Lions","2021","2","3","football","nfl"
"401326372","Tennessee Titans","Indianapolis Colts","64.449","0.5568","0.4395","0.0035","21.44","25.56","47.00","2.061","-2.061","1.585","2.217","Indianapolis Colts at Tennessee Titans","2021","2","3","football","nfl"
"401326368","Kansas City Chiefs","Los Angeles Chargers","68.95","0.7282","0.2695","0.0021","18.97","36.03","55.00","8.53","-8.53","6.216","1.79","Los Angeles Chargers at Kansas City Chiefs","2021","2","3","football","nfl"
"401326369","New England Patriots","New Orleans Saints","71.386","0.5845","0.4121","0.0033","18.71","24.79","43.50","3.041","-3.041","4.991","2.593","New Orleans Saints at New England Patriots","2021","2","3","football","nfl"
"401326370","New York Giants","Atlanta Falcons","17.022","0.6338","0.3632","0.0029","18.92","28.58","47.50","4.83","-4.83","-5.536","-5.502","Atlanta Falcons at New York Giants","2021","2","3","football","nfl"
"401326371","Pittsburgh Steelers","Cincinnati Bengals","50.606","0.6310","0.3660","0.0029","16.27","25.73","42.00","4.727","-4.727","-1.471","1.619","Cincinnati Bengals at Pittsburgh Steelers","2021","2","3","football","nfl"
"401326367","Jacksonville Jaguars","Arizona Cardinals","32.492","0.3389","0.6583","0.0027","31.50","20.00","51.50","-5.747","5.747","-8.536","3.688","Arizona Cardinals at Jacksonville Jaguars","2021","2","3","football","nfl"
"401326373","Denver Broncos","New York Jets","39.739","0.7693","0.2287","0.0018","10.42","31.08","41.50","10.332","-10.332","0.478","-8.791","New York Jets at Denver Broncos","2021","2","3","football","nfl"
"401326374","Las Vegas Raiders","Miami Dolphins","34.7","0.6267","0.3703","0.0029","17.93","27.07","45.00","4.567","-4.567","-2.433","-2.249","Miami Dolphins at Las Vegas Raiders","2021","2","3","football","nfl"
"401326375","Los Angeles Rams","Tampa Bay Buccaneers","91.667","0.5540","0.4423","0.0035","25.54","29.46","55.00","1.961","-1.961","5.989","8.245","Tampa Bay Buccaneers at Los Angeles Rams","2021","2","3","football","nfl"
"401326376","Minnesota Vikings","Seattle Seahawks","62.476","0.4951","0.5008","0.0039","27.10","26.90","54.00","-0.1","0.1","0.988","2.373","Seattle Seahawks at Minnesota Vikings","2021","2","3","football","nfl"
"401326377","San Francisco 49ers","Green Bay Packers","80.097","0.6151","0.3817","0.0030","21.11","29.40","50.50","4.145","-4.145","4.407","5.281","Green Bay Packers at San Francisco 49ers","2021","2","3","football","nfl"
"401326378","Dallas Cowboys","Philadelphia Eagles","62.278","0.6733","0.3240","0.0026","19.43","32.07","51.50","6.322","-6.322","5.383","0.155","Philadelphia Eagles at Dallas Cowboys","2021","2","3","football","nfl"
"401326379","Cincinnati Bengals","Jacksonville Jaguars","41.426","0.6916","0.3058","0.0024","16.04","29.96","46.00","6.963","-6.963","1.619","-8.536","Jacksonville Jaguars at Cincinnati Bengals","2021","2","4","football","nfl"
"401326380","Atlanta Falcons","Washington","18.943","0.4792","0.5169","0.0038","24.15","22.85","47.00","-0.653","0.653","-5.502","-2.937","Washington  at Atlanta Falcons","2021","2","4","football","nfl"
"401326381","Buffalo Bills","Houston Texans","50","0.8621","0.1367","0.0011","8.66","38.84","47.50","15.09","-15.09","8.594","-8.598","Houston Texans at Buffalo Bills","2021","2","4","football","nfl"
"401326382","Chicago Bears","Detroit Lions","17.772","0.5605","0.4359","0.0035","18.58","22.92","41.50","2.166","-2.166","-4.483","-6.039","Detroit Lions at Chicago Bears","2021","2","4","football","nfl"
"401326383","Dallas Cowboys","Carolina Panthers","51.378","0.5777","0.4188","0.0033","22.98","28.52","51.50","2.769","-2.769","5.383","-4.474","Carolina Panthers at Dallas Cowboys","2021","2","4","football","nfl"
"401326384","Miami Dolphins","Indianapolis Colts","49.867","0.5370","0.4593","0.0036","19.65","22.35","42.00","1.347","-1.347","-2.249","2.217","Indianapolis Colts at Miami Dolphins","2021","2","4","football","nfl"
"401326385","Minnesota Vikings","Cleveland Browns","54.876","0.5133","0.4827","0.0038","25.22","26.28","51.50","0.53","-0.53","0.988","0.372","Cleveland Browns at Minnesota Vikings","2021","2","4","football","nfl"
"401326386","New Orleans Saints","New York Giants","45.724","0.7392","0.2586","0.0020","12.35","30.15","42.50","8.9","-8.9","2.593","-5.536","New York Giants at New Orleans Saints","2021","2","4","football","nfl"
"401326387","New York Jets","Tennessee Titans","24.439","0.3440","0.6531","0.0027","27.74","16.76","44.50","-5.493","5.493","-8.791","1.585","Tennessee Titans at New York Jets","2021","2","4","football","nfl"
"401326388","Philadelphia Eagles","Kansas City Chiefs","75.146","0.3261","0.6712","0.0026","33.17","20.83","54.00","-6.173","6.173","0.155","6.216","Kansas City Chiefs at Philadelphia Eagles","2021","2","4","football","nfl"
"401326389","Los Angeles Rams","Arizona Cardinals","78.879","0.6090","0.3878","0.0031","23.12","30.88","54.00","3.879","-3.879","5.989","3.688","Arizona Cardinals at Los Angeles Rams","2021","2","4","football","nfl"
"401326390","San Francisco 49ers","Seattle Seahawks","71.084","0.5631","0.4333","0.0034","23.74","28.26","52.00","2.258","-2.258","4.407","2.373","Seattle Seahawks at San Francisco 49ers","2021","2","4","football","nfl"
"401326391","Denver Broncos","Baltimore Ravens","55.338","0.5469","0.4494","0.0036","20.31","23.69","44.00","1.694","-1.694","0.478","1.007","Baltimore Ravens at Denver Broncos","2021","2","4","football","nfl"
"401326392","Green Bay Packers","Pittsburgh Steelers","57.997","0.6127","0.3841","0.0030","18.49","26.51","45.00","4.014","-4.014","5.281","-1.471","Pittsburgh Steelers at Green Bay Packers","2021","2","4","football","nfl"
"401326393","New England Patriots","Tampa Bay Buccaneers","92.34","0.4310","0.5655","0.0034","27.09","22.41","49.50","-2.339","2.339","4.991","8.245","Tampa Bay Buccaneers at New England Patriots","2021","2","4","football","nfl"
"401326394","Los Angeles Chargers","Las Vegas Raiders","48.166","0.5997","0.3970","0.0031","22.20","29.30","51.50","3.549","-3.549","1.79","-2.433","Las Vegas Raiders at Los Angeles Chargers","2021","2","4","football","nfl"
"401326395","Seattle Seahawks","Los Angeles Rams","81.158","0.4984","0.4975","0.0040","27.23","27.27","54.50","0.017","-0.017","2.373","5.989","Los Angeles Rams at Seattle Seahawks","2021","2","5","football","nfl"
"401326324","Atlanta Falcons","New York Jets","5.568","0.5683","0.4281","0.0034","20.33","25.17","45.50","2.423","-2.423","-5.502","-8.791","New York Jets at Atlanta Falcons","2021","2","5","football","nfl"
"401326397","Cincinnati Bengals","Green Bay Packers","76.22","0.4607","0.5356","0.0037","26.29","23.71","50.00","-1.29","1.29","1.619","5.281","Green Bay Packers at Cincinnati Bengals","2021","2","5","football","nfl"
"401326400","Minnesota Vikings","Detroit Lions","40.025","0.7365","0.2613","0.0021","16.03","33.48","49.50","8.725","-8.725","0.988","-6.039","Detroit Lions at Minnesota Vikings","2021","2","5","football","nfl"
"401326401","Pittsburgh Steelers","Denver Broncos","46.165","0.4879","0.5081","0.0039","20.35","19.65","40.00","-0.347","0.347","-1.471","0.478","Denver Broncos at Pittsburgh Steelers","2021","2","5","football","nfl"
"401326402","Tampa Bay Buccaneers","Miami Dolphins","57.636","0.7497","0.2482","0.0019","14.71","33.29","48.00","9.287","-9.287","8.245","-2.249","Miami Dolphins at Tampa Bay Buccaneers","2021","2","5","football","nfl"
"401326403","Washington","New Orleans Saints","48.563","0.4273","0.5692","0.0034","24.20","19.30","43.50","-2.452","2.452","-2.937","2.593","New Orleans Saints at Washington ","2021","2","5","football","nfl"
"401326396","Carolina Panthers","Philadelphia Eagles","32.441","0.6470","0.3501","0.0028","17.77","28.23","46.00","5.228","-5.228","-4.474","0.155","Philadelphia Eagles at Carolina Panthers","2021","2","5","football","nfl"
"401326399","Jacksonville Jaguars","Tennessee Titans","24.213","0.3847","0.6121","0.0030","28.46","20.54","49.00","-3.963","3.963","-8.536","1.585","Tennessee Titans at Jacksonville Jaguars","2021","2","5","football","nfl"
"401326398","Houston Texans","New England Patriots","37.826","0.3062","0.6912","0.0024","26.65","12.85","39.50","-6.9","6.9","-8.598","4.991","New England Patriots at Houston Texans","2021","2","5","football","nfl"
"401326405","Las Vegas Raiders","Chicago Bears","29.285","0.6358","0.3612","0.0029","18.18","27.82","46.00","4.817","-4.817","-2.433","-4.483","Chicago Bears at Las Vegas Raiders","2021","2","5","football","nfl"
"401326404","Los Angeles Chargers","Cleveland Browns","56.782","0.5479","0.4484","0.0036","21.78","25.22","47.00","1.716","-1.716","1.79","0.372","Cleveland Browns at Los Angeles Chargers","2021","2","5","football","nfl"
"401326407","Dallas Cowboys","New York Giants","49.894","0.7293","0.2685","0.0021","18.08","34.92","53.00","8.423","-8.423","5.383","-5.536","New York Giants at Dallas Cowboys","2021","2","5","football","nfl"
"401326406","Arizona Cardinals","San Francisco 49ers","69.86","0.6408","0.3563","0.0028","19.25","29.25","48.50","5","-5","3.688","2.347","San Francisco 49ers at Arizona Cardinals","2021","2","5","football","nfl"
"401326408","Kansas City Chiefs","Buffalo Bills","94.424","0.4898","0.5062","0.0039","28.78","28.22","57.00","-0.282","0.282","6.216","8.594","Buffalo Bills at Kansas City Chiefs","2021","2","5","football","nfl"
"401326409","Baltimore Ravens","Indianapolis Colts","62.429","0.6678","0.3295","0.0026","17.25","29.25","46.50","6.002","-6.002","1.007","2.217","Indianapolis Colts at Baltimore Ravens","2021","2","5","football","nfl"
"401326410","Philadelphia Eagles","Tampa Bay Buccaneers","81.255","0.2866","0.7110","0.0023","34.14","18.86","53.00","-7.642","7.642","0.155","8.245","Tampa Bay Buccaneers at Philadelphia Eagles","2021","2","6","football","nfl"
"401326325","Jacksonville Jaguars","Miami Dolphins","20.289","0.3871","0.6097","0.0031","27.36","19.64","47.00","-3.859","3.859","-8.536","-1.285","Miami Dolphins at Jacksonville Jaguars","2021","2","6","football","nfl"
"401326413","Chicago Bears","Green Bay Packers","53.015","0.4070","0.5897","0.0032","25.15","18.85","44.00","-3.153","3.153","-4.483","5.281","Green Bay Packers at Chicago Bears","2021","2","6","football","nfl"
"401326414","Detroit Lions","Cincinnati Bengals","32.535","0.4347","0.5617","0.0034","25.43","21.07","46.50","-2.182","2.182","-6.039","1.619","Cincinnati Bengals at Detroit Lions","2021","2","6","football","nfl"
"401326415","Indianapolis Colts","Houston Texans","42.768","0.7133","0.2843","0.0022","14.77","30.23","45.00","7.733","-7.733","2.217","-8.598","Houston Texans at Indianapolis Colts","2021","2","6","football","nfl"
"401326416","New York Giants","Los Angeles Rams","51.7","0.3397","0.6575","0.0027","30.09","18.91","49.00","-5.588","5.588","-5.536","5.989","Los Angeles Rams at New York Giants","2021","2","6","football","nfl"
"401326417","Washington","Kansas City Chiefs","62.957","0.3403","0.6569","0.0027","32.57","21.43","54.00","-5.567","5.567","-2.937","6.216","Kansas City Chiefs at Washington ","2021","2","6","football","nfl"
"401326412","Carolina Panthers","Minnesota Vikings","35.692","0.5435","0.4528","0.0036","21.20","24.30","45.50","1.554","-1.554","-4.474","0.988","Minnesota Vikings at Carolina Panthers","2021","2","6","football","nfl"
"401326411","Baltimore Ravens","Los Angeles Chargers","59.825","0.5871","0.4095","0.0032","22.44","28.57","51.00","3.065","-3.065","1.007","1.79","Los Angeles Chargers at Baltimore Ravens","2021","2","6","football","nfl"
"401326418","Cleveland Browns","Arizona Cardinals","65.772","0.5188","0.4773","0.0038","23.29","24.71","48.00","0.711","-0.711","0.372","3.688","Arizona Cardinals at Cleveland Browns","2021","2","6","football","nfl"
"401326419","Denver Broncos","Las Vegas Raiders","44.024","0.6274","0.3696","0.0029","18.01","26.99","45.00","4.489","-4.489","0.478","-2.433","Las Vegas Raiders at Denver Broncos","2021","2","6","football","nfl"
"401326420","New England Patriots","Dallas Cowboys","82.329","0.4379","0.5585","0.0035","27.32","23.18","50.50","-2.072","2.072","4.991","5.383","Dallas Cowboys at New England Patriots","2021","2","6","football","nfl"
"401326421","Pittsburgh Steelers","Seattle Seahawks","43.199","0.5933","0.4034","0.0032","18.22","24.78","43.00","3.28","-3.28","-1.471","-0.342","Seattle Seahawks at Pittsburgh Steelers","2021","2","6","football","nfl"
"401326422","Tennessee Titans","Buffalo Bills","86.655","0.2813","0.7163","0.0022","34.35","18.65","53.00","-7.854","7.854","1.585","8.594","Buffalo Bills at Tennessee Titans","2021","2","6","football","nfl"
"401326423","Cleveland Browns","Denver Broncos","47.672","0.5526","0.4437","0.0035","18.14","21.86","40.00","1.861","-1.861","-1.087","0.478","Denver Broncos at Cleveland Browns","2021","2","7","football","nfl"
"401326425","Green Bay Packers","Washington","53.704","0.7213","0.2764","0.0022","15.98","32.02","48.00","8.018","-8.018","5.281","-2.937","Washington  at Green Bay Packers","2021","2","7","football","nfl"
"401326429","Tennessee Titans","Kansas City Chiefs","80.012","0.4058","0.5908","0.0032","32.68","26.32","59.00","-3.178","3.178","1.585","6.216","Kansas City Chiefs at Tennessee Titans","2021","2","7","football","nfl"
"401326426","Miami Dolphins","Atlanta Falcons","27.687","0.5048","0.4912","0.0039","23.52","23.98","47.50","0.231","-0.231","-1.285","-5.502","Atlanta Falcons at Miami Dolphins","2021","2","7","football","nfl"
"401326427","New England Patriots","New York Jets","45.624","0.7095","0.2881","0.0023","13.71","28.79","42.50","7.543","-7.543","4.991","-8.791","New York Jets at New England Patriots","2021","2","7","football","nfl"
"401326428","New York Giants","Carolina Panthers","15.945","0.4303","0.5661","0.0034","23.82","19.18","43.00","-2.322","2.322","-5.536","-4.474","Carolina Panthers at New York Giants","2021","2","7","football","nfl"
"401326424","Baltimore Ravens","Cincinnati Bengals","59.971","0.6831","0.3143","0.0025","16.48","29.52","46.00","6.52","-6.52","1.007","1.619","Cincinnati Bengals at Baltimore Ravens","2021","2","7","football","nfl"
"401326431","Las Vegas Raiders","Philadelphia Eagles","41.022","0.6010","0.3957","0.0031","20.46","27.54","48.00","3.536","-3.536","-2.433","0.155","Philadelphia Eagles at Las Vegas Raiders","2021","2","7","football","nfl"
"401326430","Los Angeles Rams","Detroit Lions","49.982","0.8643","0.1345","0.0010","10.27","40.23","50.50","14.976","-14.976","5.989","-6.039","Detroit Lions at Los Angeles Rams","2021","2","7","football","nfl"
"401326432","Arizona Cardinals","Houston Texans","46.82","0.8854","0.1136","0.0009","7.38","40.12","47.50","16.371","-16.371","3.688","-8.598","Houston Texans at Arizona Cardinals","2021","2","7","football","nfl"
"401326433","Tampa Bay Buccaneers","Chicago Bears","51.342","0.8121","0.1863","0.0015","11.43","35.57","47.00","12.07","-12.07","8.245","-4.483","Chicago Bears at Tampa Bay Buccaneers","2021","2","7","football","nfl"
"401326434","San Francisco 49ers","Indianapolis Colts","63.367","0.6528","0.3444","0.0027","15.36","26.14","41.50","5.389","-5.389","4.407","2.217","Indianapolis Colts at San Francisco 49ers","2021","2","7","football","nfl"
"401326435","Seattle Seahawks","New Orleans Saints","59.282","0.4071","0.5896","0.0032","24.13","17.87","42.00","-3.134","3.134","-0.342","2.593","New Orleans Saints at Seattle Seahawks","2021","2","7","football","nfl"
"401326436","Arizona Cardinals","Green Bay Packers","80.636","0.6740","0.3233","0.0026","19.35","31.65","51.00","6.149","-6.149","3.688","5.281","Green Bay Packers at Arizona Cardinals","2021","2","8","football","nfl"
"401326437","Atlanta Falcons","Carolina Panthers","15.663","0.4847","0.5113","0.0038","23.70","22.80","46.50","-0.452","0.452","-5.502","-4.474","Carolina Panthers at Atlanta Falcons","2021","2","8","football","nfl"
"401326438","Buffalo Bills","Miami Dolphins","55.326","0.8786","0.1204","0.0009","8.42","40.08","48.50","15.826","-15.826","8.594","-1.285","Miami Dolphins at Buffalo Bills","2021","2","8","football","nfl"
"401326439","Chicago Bears","San Francisco 49ers","49.689","0.4054","0.5913","0.0032","23.18","16.82","40.00","-3.179","3.179","-4.483","4.407","San Francisco 49ers at Chicago Bears","2021","2","8","football","nfl"
"401326440","Cleveland Browns","Pittsburgh Steelers","45.852","0.5612","0.4353","0.0035","19.36","23.64","43.00","2.142","-2.142","0.372","-1.471","Pittsburgh Steelers at Cleveland Browns","2021","2","8","football","nfl"
"401326441","Detroit Lions","Philadelphia Eagles","26.638","0.4290","0.5675","0.0034","26.36","21.64","48.00","-2.358","2.358","-6.039","0.155","Philadelphia Eagles at Detroit Lions","2021","2","8","football","nfl"
"401326443","Indianapolis Colts","Tennessee Titans","63.759","0.5361","0.4601","0.0037","24.21","26.79","51.00","1.29","-1.29","2.217","1.585","Tennessee Titans at Indianapolis Colts","2021","2","8","football","nfl"
"401326444","New York Jets","Cincinnati Bengals","26.374","0.2332","0.7649","0.0018","31.31","11.70","43.00","-9.805","9.805","-8.065","1.619","Cincinnati Bengals at New York Jets","2021","2","8","football","nfl"
"401326442","Houston Texans","Los Angeles Rams","41.947","0.1580","0.8407","0.0012","37.02","9.98","47.00","-13.521","13.521","-8.598","5.989","Los Angeles Rams at Houston Texans","2021","2","8","football","nfl"
"401326445","Los Angeles Chargers","New England Patriots","70.805","0.6185","0.3784","0.0030","21.12","29.38","50.50","4.132","-4.132","1.79","4.991","New England Patriots at Los Angeles Chargers","2021","2","8","football","nfl"
"401326446","Seattle Seahawks","Jacksonville Jaguars","31.99","0.7053","0.2923","0.0023","14.91","29.59","44.50","7.344","-7.344","-0.342","-8.536","Jacksonville Jaguars at Seattle Seahawks","2021","2","8","football","nfl"
"401326447","Denver Broncos","Washington","44.275","0.6899","0.3076","0.0024","15.50","29.00","44.50","6.748","-6.748","0.478","-2.937","Washington  at Denver Broncos","2021","2","8","football","nfl"
"401326448","New Orleans Saints","Tampa Bay Buccaneers","88.475","0.3564","0.6406","0.0028","28.92","19.08","48.00","-4.921","4.921","2.593","8.245","Tampa Bay Buccaneers at New Orleans Saints","2021","2","8","football","nfl"
"401326449","Minnesota Vikings","Dallas Cowboys","59.878","0.6027","0.3940","0.0036","22.87","26.13","49.00","1.63","-1.63","0.988","1.67","Dallas Cowboys at Minnesota Vikings","2021","2","8","football","nfl"
"401326450","Kansas City Chiefs","New York Giants","50.406","0.7460","0.2519","0.0020","17.51","35.50","53.00","8.995","-8.995","6.216","-5.536","New York Giants at Kansas City Chiefs","2021","2","8","football","nfl"
"401326451","Indianapolis Colts","New York Jets","43.189","0.7874","0.2108","0.0016","11.98","33.52","45.50","10.772","-10.772","2.217","-8.065","New York Jets at Indianapolis Colts","2021","2","9","football","nfl"
"401326454","Cincinnati Bengals","Cleveland Browns","57.044","0.5305","0.4657","0.0037","22.66","24.85","47.50","1.095","-1.095","1.619","0.372","Cleveland Browns at Cincinnati Bengals","2021","2","9","football","nfl"
"401326455","Dallas Cowboys","Denver Broncos","64.661","0.6973","0.3002","0.0024","18.00","32.00","50.00","7.002","-7.002","5.383","0.478","Denver Broncos at Dallas Cowboys","2021","2","9","football","nfl"
"401326457","Miami Dolphins","Houston Texans","27.834","0.7357","0.2621","0.0021","13.97","31.03","45.00","8.527","-8.527","-2.249","-9.988","Houston Texans at Miami Dolphins","2021","2","9","football","nfl"
"401326458","New Orleans Saints","Atlanta Falcons","41.099","0.6921","0.3054","0.0024","14.70","28.30","43.00","6.802","-6.802","1.264","-5.502","Atlanta Falcons at New Orleans Saints","2021","2","9","football","nfl"
"401326459","New York Giants","Las Vegas Raiders","19.521","0.4538","0.5425","0.0036","25.00","22.00","47.00","-1.499","1.499","-5.536","-2.433","Las Vegas Raiders at New York Giants","2021","2","9","football","nfl"
"401326453","Carolina Panthers","New England Patriots","52.029","0.4384","0.5580","0.0035","22.77","18.73","41.50","-2.024","2.024","-4.474","4.991","New England Patriots at Carolina Panthers","2021","2","9","football","nfl"
"401326456","Jacksonville Jaguars","Buffalo Bills","50.129","0.1331","0.8657","0.0010","39.17","9.33","48.50","-14.924","14.924","-8.536","8.594","Buffalo Bills at Jacksonville Jaguars","2021","2","9","football","nfl"
"401326452","Baltimore Ravens","Minnesota Vikings","55.781","0.6347","0.3623","0.0029","20.81","30.19","51.00","4.687","-4.687","1.007","0.988","Minnesota Vikings at Baltimore Ravens","2021","2","9","football","nfl"
"401326460","Philadelphia Eagles","Los Angeles Chargers","56.94","0.5041","0.4919","0.0039","24.30","24.71","49.00","0.205","-0.205","0.155","1.79","Los Angeles Chargers at Philadelphia Eagles","2021","2","9","football","nfl"
"401326461","Kansas City Chiefs","Green Bay Packers","73.986","0.5824","0.4142","0.0033","21.14","26.86","48.00","2.86","-2.86","6.216","1.868","Green Bay Packers at Kansas City Chiefs","2021","2","9","football","nfl"
"401326462","San Francisco 49ers","Arizona Cardinals","64.142","0.5249","0.4713","0.0037","21.35","23.15","44.50","0.904","-0.904","4.407","0.302","Arizona Cardinals at San Francisco 49ers","2021","2","9","football","nfl"
"401326463","Los Angeles Rams","Tennessee Titans","66.986","0.7113","0.2863","0.0023","19.21","34.29","53.50","7.544","-7.544","5.989","1.585","Tennessee Titans at Los Angeles Rams","2021","2","9","football","nfl"
"401326464","Pittsburgh Steelers","Chicago Bears","32.142","0.6803","0.3170","0.0025","13.64","26.36","40.00","6.356","-6.356","-1.471","-4.483","Chicago Bears at Pittsburgh Steelers","2021","2","9","football","nfl"
"401326465","Miami Dolphins","Baltimore Ravens","44.965","0.3623","0.6347","0.0029","28.17","18.83","47.00","-4.669","4.669","-2.249","1.007","Baltimore Ravens at Miami Dolphins","2021","2","10","football","nfl"
"401326466","Dallas Cowboys","Atlanta Falcons","49.896","0.7479","0.2500","0.0020","18.51","36.49","55.00","8.993","-8.993","5.383","-5.502","Atlanta Falcons at Dallas Cowboys","2021","2","10","football","nfl"
"401326471","Tennessee Titans","New Orleans Saints","60.415","0.6018","0.3949","0.0031","17.74","24.76","42.50","3.514","-3.514","1.585","1.264","New Orleans Saints at Tennessee Titans","2021","2","10","football","nfl"
"401326467","Indianapolis Colts","Jacksonville Jaguars","44.693","0.7807","0.2175","0.0017","13.58","34.42","48.00","10.419","-10.419","2.217","-8.536","Jacksonville Jaguars at Indianapolis Colts","2021","2","10","football","nfl"
"401326468","New England Patriots","Cleveland Browns","63.934","0.5653","0.4312","0.0034","19.99","24.51","44.50","2.263","-2.263","4.991","0.372","Cleveland Browns at New England Patriots","2021","2","10","football","nfl"
"401326469","New York Jets","Buffalo Bills","51.332","0.1701","0.8284","0.0013","36.99","11.51","48.50","-12.742","12.742","-8.065","8.594","Buffalo Bills at New York Jets","2021","2","10","football","nfl"
"401326470","Pittsburgh Steelers","Detroit Lions","19.798","0.7010","0.2966","0.0023","13.14","27.36","40.50","7.112","-7.112","-2.686","-6.039","Detroit Lions at Pittsburgh Steelers","2021","2","10","football","nfl"
"401326472","Washington","Tampa Bay Buccaneers","68.862","0.2194","0.7787","0.0017","35.83","15.17","51.00","-10.333","10.333","-2.937","8.245","Tampa Bay Buccaneers at Washington ","2021","2","10","football","nfl"
"401326473","Arizona Cardinals","Carolina Panthers","41.676","0.7634","0.2347","0.0018","11.10","30.40","41.50","9.653","-9.653","0.302","-3.815","Carolina Panthers at Arizona Cardinals","2021","2","10","football","nfl"
"401326474","Los Angeles Chargers","Minnesota Vikings","59.151","0.5900","0.4066","0.0032","23.64","29.86","53.50","3.107","-3.107","1.79","0.988","Minnesota Vikings at Los Angeles Chargers","2021","2","10","football","nfl"
"401326475","Denver Broncos","Philadelphia Eagles","52.148","0.6334","0.3635","0.0029","18.38","27.62","46.00","4.623","-4.623","0.478","0.155","Philadelphia Eagles at Denver Broncos","2021","2","10","football","nfl"
"401326476","Green Bay Packers","Seattle Seahawks","74.852","0.5489","0.4474","0.0035","22.79","26.21","49.00","1.71","-1.71","5.281","2.373","Seattle Seahawks at Green Bay Packers","2021","2","10","football","nfl"
"401326477","Las Vegas Raiders","Kansas City Chiefs","65.113","0.4720","0.5241","0.0037","27.63","25.87","53.50","-0.877","0.877","-2.433","6.216","Kansas City Chiefs at Las Vegas Raiders","2021","2","10","football","nfl"
"401326478","San Francisco 49ers","Los Angeles Rams","85.764","0.3975","0.5992","0.0031","28.43","21.57","50.00","-3.426","3.426","4.407","5.989","Los Angeles Rams at San Francisco 49ers","2021","2","10","football","nfl"
"401326479","Atlanta Falcons","New England Patriots","48.049","0.3057","0.6918","0.0024","30.24","16.77","47.00","-6.735","6.735","-5.502","4.991","New England Patriots at Atlanta Falcons","2021","2","11","football","nfl"
"401326480","Buffalo Bills","Indianapolis Colts","73.326","0.7633","0.2348","0.0018","15.14","34.36","49.50","9.613","-9.613","8.594","2.217","Indianapolis Colts at Buffalo Bills","2021","2","11","football","nfl"
"401326482","Chicago Bears","Baltimore Ravens","28.007","0.4818","0.5142","0.0038","22.54","21.46","44.00","-0.542","0.542","-4.483","-1.314","Baltimore Ravens at Chicago Bears","2021","2","11","football","nfl"
"401326483","Cleveland Browns","Detroit Lions","36.144","0.8168","0.1817","0.0014","9.15","33.35","42.50","12.096","-12.096","0.372","-8.675","Detroit Lions at Cleveland Browns","2021","2","11","football","nfl"
"401326488","Tennessee Titans","Houston Texans","36.311","0.8295","0.1691","0.0013","9.50","35.00","44.50","12.748","-12.748","1.585","-9.988","Houston Texans at Tennessee Titans","2021","2","11","football","nfl"
"401326485","Minnesota Vikings","Green Bay Packers","74.78","0.4536","0.5427","0.0036","25.24","22.26","47.50","-1.494","1.494","0.988","5.281","Green Bay Packers at Minnesota Vikings","2021","2","11","football","nfl"
"401326486","New York Jets","Miami Dolphins","15.806","0.3940","0.6028","0.0031","25.78","18.72","44.50","-3.534","3.534","-8.065","-1.285","Miami Dolphins at New York Jets","2021","2","11","football","nfl"
"401326487","Philadelphia Eagles","New Orleans Saints","55.368","0.4820","0.5141","0.0038","21.79","20.71","42.50","-0.537","0.537","0.155","1.264","New Orleans Saints at Philadelphia Eagles","2021","2","11","football","nfl"
"401326481","Carolina Panthers","Washington","25.253","0.6268","0.3701","0.0029","17.13","25.87","43.00","4.372","-4.372","-3.815","-2.937","Washington  at Carolina Panthers","2021","2","11","football","nfl"
"401326484","Jacksonville Jaguars","San Francisco 49ers","34.667","0.3546","0.6425","0.0028","27.43","17.57","45.00","-4.927","4.927","-8.536","4.407","San Francisco 49ers at Jacksonville Jaguars","2021","2","11","football","nfl"
"401326489","Las Vegas Raiders","Cincinnati Bengals","46.609","0.4988","0.4971","0.0039","25.22","25.28","50.50","0.03","-0.03","-2.433","1.619","Cincinnati Bengals at Las Vegas Raiders","2021","2","11","football","nfl"
"401326490","Kansas City Chiefs","Dallas Cowboys","85.578","0.4915","0.5045","0.0039","28.22","27.78","56.00","-0.218","0.218","6.216","5.383","Dallas Cowboys at Kansas City Chiefs","2021","2","11","football","nfl"
"401326491","Seattle Seahawks","Arizona Cardinals","58.334","0.5615","0.4349","0.0034","21.62","25.88","47.50","2.126","-2.126","2.373","0.302","Arizona Cardinals at Seattle Seahawks","2021","2","11","football","nfl"
"401326492","Los Angeles Chargers","Pittsburgh Steelers","50.797","0.6438","0.3533","0.0028","18.78","28.72","47.50","4.974","-4.974","1.79","-1.471","Pittsburgh Steelers at Los Angeles Chargers","2021","2","11","football","nfl"
"401326493","Tampa Bay Buccaneers","New York Giants","52.322","0.7846","0.2136","0.0017","14.44","35.56","50.00","10.557","-10.557","8.245","-5.536","New York Giants at Tampa Bay Buccaneers","2021","2","11","football","nfl"
"401326494","Detroit Lions","Chicago Bears","14.655","0.4350","0.5614","0.0034","22.87","18.63","41.50","-2.117","2.117","-6.039","-3.967","Chicago Bears at Detroit Lions","2021","2","12","football","nfl"
"401326495","Dallas Cowboys","Las Vegas Raiders","54.65","0.7508","0.2472","0.0019","16.45","34.55","51.00","9.052","-9.052","5.383","-2.433","Las Vegas Raiders at Dallas Cowboys","2021","2","12","football","nfl"
"401326496","New Orleans Saints","Buffalo Bills","85.851","0.3821","0.6148","0.0030","26.44","18.56","45.00","-3.938","3.938","1.264","8.594","Buffalo Bills at New Orleans Saints","2021","2","12","football","nfl"
"401326497","Cincinnati Bengals","Pittsburgh Steelers","50.461","0.5438","0.4525","0.0036","20.23","23.28","43.50","1.525","-1.525","1.619","-1.471","Pittsburgh Steelers at Cincinnati Bengals","2021","2","12","football","nfl"
"401326499","Indianapolis Colts","Tampa Bay Buccaneers","87.653","0.3953","0.6014","0.0031","29.98","23.02","53.00","-3.476","3.476","2.217","8.245","Tampa Bay Buccaneers at Indianapolis Colts","2021","2","12","football","nfl"
"401326501","Miami Dolphins","Carolina Panthers","34.326","0.5058","0.4902","0.0039","19.99","20.51","40.50","0.261","-0.261","-1.285","-3.815","Carolina Panthers at Miami Dolphins","2021","2","12","football","nfl"
"401326502","New England Patriots","Tennessee Titans","66.223","0.6729","0.3244","0.0026","15.49","27.51","43.00","6.012","-6.012","4.991","1.585","Tennessee Titans at New England Patriots","2021","2","12","football","nfl"
"401326503","New York Giants","Philadelphia Eagles","28.576","0.4365","0.5599","0.0035","24.82","20.69","45.50","-2.065","2.065","-5.536","0.155","Philadelphia Eagles at New York Giants","2021","2","12","football","nfl"
"401326500","Jacksonville Jaguars","Atlanta Falcons","5.268","0.4759","0.5202","0.0038","23.74","22.26","46.00","-0.738","0.738","-8.536","-5.502","Atlanta Falcons at Jacksonville Jaguars","2021","2","12","football","nfl"
"401326498","Houston Texans","New York Jets","2.981","0.5590","0.4374","0.0035","20.21","24.29","44.50","2.036","-2.036","-9.988","-8.791","New York Jets at Houston Texans","2021","2","12","football","nfl"
"401326504","Denver Broncos","Los Angeles Chargers","57.39","0.5438","0.4525","0.0036","21.98","25.03","47.00","1.525","-1.525","0.478","1.79","Los Angeles Chargers at Denver Broncos","2021","2","12","football","nfl"
"401326505","Green Bay Packers","Los Angeles Rams","87.717","0.5136","0.4824","0.0038","22.73","23.77","46.50","0.521","-0.521","5.281","5.989","Los Angeles Rams at Green Bay Packers","2021","2","12","football","nfl"
"401326506","San Francisco 49ers","Minnesota Vikings","63.916","0.5946","0.4021","0.0032","21.26","27.74","49.00","3.242","-3.242","4.407","0.988","Minnesota Vikings at San Francisco 49ers","2021","2","12","football","nfl"
"401326507","Baltimore Ravens","Cleveland Browns","55.025","0.6159","0.3810","0.0030","19.77","27.73","47.50","3.976","-3.976","1.007","0.372","Cleveland Browns at Baltimore Ravens","2021","2","12","football","nfl"
"401326508","Washington","Seattle Seahawks","47.698","0.4916","0.5044","0.0039","23.46","23.04","46.50","-0.214","0.214","-2.937","2.373","Seattle Seahawks at Washington ","2021","2","12","football","nfl"
"401326509","New Orleans Saints","Dallas Cowboys","76.038","0.4506","0.5457","0.0036","24.34","21.16","45.50","-1.586","1.586","1.264","5.383","Dallas Cowboys at New Orleans Saints","2021","2","13","football","nfl"
"401326510","Atlanta Falcons","Tampa Bay Buccaneers","58.234","0.2056","0.7927","0.0016","36.37","14.63","51.00","-10.869","10.869","-5.502","8.245","Tampa Bay Buccaneers at Atlanta Falcons","2021","2","13","football","nfl"
"401326511","Chicago Bears","Arizona Cardinals","48.872","0.2509","0.7470","0.0020","30.37","12.63","43.00","-8.872","8.872","-3.967","3.688","Arizona Cardinals at Chicago Bears","2021","2","13","football","nfl"
"401326512","Cincinnati Bengals","Los Angeles Chargers","61.468","0.5428","0.4535","0.0036","23.26","26.24","49.50","1.489","-1.489","1.619","1.79","Los Angeles Chargers at Cincinnati Bengals","2021","2","13","football","nfl"
"401326513","Detroit Lions","Minnesota Vikings","29.63","0.3192","0.6782","0.0025","29.94","17.56","47.50","-6.19","6.19","-6.039","0.988","Minnesota Vikings at Detroit Lions","2021","2","13","football","nfl"
"401326516","Miami Dolphins","New York Giants","32.151","0.6795","0.3178","0.0025","13.76","26.24","40.00","6.24","-6.24","-1.285","-7.894","New York Giants at Miami Dolphins","2021","2","13","football","nfl"
"401326517","New York Jets","Philadelphia Eagles","17.164","0.3241","0.6732","0.0026","28.01","16.00","44.00","-6.005","6.005","-8.791","-0.477","Philadelphia Eagles at New York Jets","2021","2","13","football","nfl"
"401326514","Houston Texans","Indianapolis Colts","24.713","0.2407","0.7573","0.0019","32.05","13.45","45.50","-9.303","9.303","-9.988","2.217","Indianapolis Colts at Houston Texans","2021","2","13","football","nfl"
"401326518","Las Vegas Raiders","Washington","35.526","0.6176","0.3792","0.0030","19.72","27.78","47.50","4.027","-4.027","-2.433","-2.937","Washington  at Las Vegas Raiders","2021","2","13","football","nfl"
"401326519","Los Angeles Rams","Jacksonville Jaguars","49.656","0.8557","0.1430","0.0011","9.88","38.12","48.00","14.124","-14.124","5.989","-8.536","Jacksonville Jaguars at Los Angeles Rams","2021","2","13","football","nfl"
"401326520","Pittsburgh Steelers","Baltimore Ravens","48.115","0.4278","0.5687","0.0034","24.36","19.64","44.00","-2.356","2.356","-1.471","1.007","Baltimore Ravens at Pittsburgh Steelers","2021","2","13","football","nfl"
"401326521","Seattle Seahawks","San Francisco 49ers","75.679","0.4778","0.5183","0.0038","22.93","21.58","44.50","-0.675","0.675","2.373","4.407","San Francisco 49ers at Seattle Seahawks","2021","2","13","football","nfl"
"401326515","Kansas City Chiefs","Denver Broncos","60.418","0.6826","0.3148","0.0025","16.90","29.60","46.50","6.354","-6.354","6.216","0.478","Denver Broncos at Kansas City Chiefs","2021","2","13","football","nfl"
"401326522","Buffalo Bills","New England Patriots","82.477","0.6427","0.3543","0.0028","15.09","24.91","40.00","4.907","-4.907","8.594","4.991","New England Patriots at Buffalo Bills","2021","2","13","football","nfl"
"401326523","Minnesota Vikings","Pittsburgh Steelers","48.484","0.6229","0.3740","0.0030","18.30","26.70","45.00","4.203","-4.203","0.988","-1.471","Pittsburgh Steelers at Minnesota Vikings","2021","2","14","football","nfl"
"401326526","Cleveland Browns","Baltimore Ravens","54.551","0.5346","0.4616","0.0037","20.79","23.21","44.00","1.214","-1.214","0.372","1.007","Baltimore Ravens at Cleveland Browns","2021","2","14","football","nfl"
"401326530","Tennessee Titans","Jacksonville Jaguars","45.132","0.8111","0.1873","0.0015","10.53","33.97","44.50","11.724","-11.724","1.585","-8.536","Jacksonville Jaguars at Tennessee Titans","2021","2","14","football","nfl"
"401326528","Kansas City Chiefs","Las Vegas Raiders","55.138","0.7190","0.2786","0.0022","16.27","31.73","48.00","7.729","-7.729","6.216","-2.433","Las Vegas Raiders at Kansas City Chiefs","2021","2","14","football","nfl"
"401326529","New York Jets","New Orleans Saints","23.766","0.2903","0.7073","0.0023","28.27","13.73","42.00","-7.274","7.274","-8.791","1.264","New Orleans Saints at New York Jets","2021","2","14","football","nfl"
"401326531","Washington","Dallas Cowboys","59.667","0.3684","0.6285","0.0029","28.40","19.60","48.00","-4.397","4.397","-2.937","5.383","Dallas Cowboys at Washington ","2021","2","14","football","nfl"
"401326524","Carolina Panthers","Atlanta Falcons","26.164","0.6753","0.3220","0.0025","14.68","26.82","41.50","6.073","-6.073","-3.815","-5.502","Atlanta Falcons at Carolina Panthers","2021","2","14","football","nfl"
"401326527","Houston Texans","Seattle Seahawks","26.791","0.2757","0.7220","0.0022","28.34","12.66","41.00","-7.844","7.844","-8.598","2.373","Seattle Seahawks at Houston Texans","2021","2","14","football","nfl"
"401326532","Denver Broncos","Detroit Lions","39.167","0.7607","0.2373","0.0019","11.57","30.43","42.00","9.431","-9.431","0.478","-6.039","Detroit Lions at Denver Broncos","2021","2","14","football","nfl"
"401326533","Los Angeles Chargers","New York Giants","44.826","0.7796","0.2185","0.0017","11.50","32.00","43.50","10.254","-10.254","1.79","-7.894","New York Giants at Los Angeles Chargers","2021","2","14","football","nfl"
"401326525","Cincinnati Bengals","San Francisco 49ers","72.136","0.4805","0.5156","0.0038","25.33","24.17","49.50","-0.583","0.583","1.619","4.407","San Francisco 49ers at Cincinnati Bengals","2021","2","14","football","nfl"
"401326534","Tampa Bay Buccaneers","Buffalo Bills","94.046","0.5751","0.4214","0.0033","23.93","29.07","53.00","2.568","-2.568","8.245","8.594","Buffalo Bills at Tampa Bay Buccaneers","2021","2","14","football","nfl"
"401326535","Green Bay Packers","Chicago Bears","50.495","0.8102","0.1882","0.0015","9.82","33.18","43.00","11.681","-11.681","5.281","-4.483","Chicago Bears at Green Bay Packers","2021","2","14","football","nfl"
"401326536","Arizona Cardinals","Los Angeles Rams","84.503","0.5926","0.4041","0.0032","22.34","28.66","51.00","3.159","-3.159","3.688","5.989","Los Angeles Rams at Arizona Cardinals","2021","2","14","football","nfl"
"401326537","Los Angeles Chargers","Kansas City Chiefs","80.246","0.4827","0.5134","0.0038","26.51","25.49","52.00","-0.509","0.509","1.79","6.216","Kansas City Chiefs at Los Angeles Chargers","2021","2","15","football","nfl"
"401326540","Indianapolis Colts","New England Patriots","76.775","0.4616","0.5346","0.0037","23.96","21.54","45.50","-1.21","1.21","2.217","4.991","New England Patriots at Indianapolis Colts","2021","2","15","football","nfl"
"401326538","Buffalo Bills","Carolina Panthers","53.475","0.8038","0.1946","0.0015","10.90","33.60","44.50","11.35","-11.35","8.594","-3.815","Carolina Panthers at Buffalo Bills","2021","2","15","football","nfl"
"401326544","Detroit Lions","Arizona Cardinals","40.49","0.1903","0.8081","0.0015","35.31","12.19","47.50","-11.558","11.558","-6.039","3.688","Arizona Cardinals at Detroit Lions","2021","2","15","football","nfl"
"401326541","Miami Dolphins","New York Jets","37.796","0.8127","0.1857","0.0014","8.72","32.29","41.00","11.785","-11.785","-1.285","-8.791","New York Jets at Miami Dolphins","2021","2","15","football","nfl"
"401326546","New York Giants","Dallas Cowboys","41.53","0.2985","0.6990","0.0024","29.20","15.31","44.50","-6.945","6.945","-7.894","5.383","Dallas Cowboys at New York Giants","2021","2","15","football","nfl"
"401326547","Pittsburgh Steelers","Tennessee Titans","50.455","0.4780","0.5180","0.0038","22.66","21.34","44.00","-0.664","0.664","-1.471","1.585","Tennessee Titans at Pittsburgh Steelers","2021","2","15","football","nfl"
"401326545","Jacksonville Jaguars","Houston Texans","5.107","0.6226","0.3743","0.0030","15.56","23.94","39.50","4.186","-4.186","-8.536","-8.598","Houston Texans at Jacksonville Jaguars","2021","2","15","football","nfl"
"401326548","Denver Broncos","Cincinnati Bengals","57.892","0.6066","0.3902","0.0031","18.37","25.63","44.00","3.634","-3.634","0.478","1.619","Cincinnati Bengals at Denver Broncos","2021","2","15","football","nfl"
"401326549","San Francisco 49ers","Atlanta Falcons","49.203","0.7664","0.2317","0.0018","13.59","32.91","46.50","9.656","-9.656","4.407","-5.502","Atlanta Falcons at San Francisco 49ers","2021","2","15","football","nfl"
"401326543","Baltimore Ravens","Green Bay Packers","66.157","0.3762","0.6207","0.0030","25.87","17.63","43.50","-4.119","4.119","-1.314","5.281","Green Bay Packers at Baltimore Ravens","2021","2","15","football","nfl"
"401326551","Tampa Bay Buccaneers","New Orleans Saints","69.387","0.7565","0.2415","0.0019","13.51","31.99","45.50","9.236","-9.236","8.245","1.264","New Orleans Saints at Tampa Bay Buccaneers","2021","2","15","football","nfl"
"401326539","Cleveland Browns","Las Vegas Raiders","39.247","0.6220","0.3749","0.0030","16.59","24.92","41.50","4.165","-4.165","-1.087","-2.433","Las Vegas Raiders at Cleveland Browns","2021","2","15","football","nfl"
"401326552","Chicago Bears","Minnesota Vikings","35.807","0.3614","0.6356","0.0029","28.39","19.11","47.50","-4.637","4.637","-4.483","0.988","Minnesota Vikings at Chicago Bears","2021","2","15","football","nfl"
"401326550","Los Angeles Rams","Seattle Seahawks","72.997","0.6788","0.3185","0.0025","17.31","29.69","47.00","6.191","-6.191","5.989","2.373","Seattle Seahawks at Los Angeles Rams","2021","2","15","football","nfl"
"401326542","Philadelphia Eagles","Washington","43.408","0.7068","0.2908","0.0023","12.51","26.99","39.50","7.241","-7.241","0.155","-2.937","Washington  at Philadelphia Eagles","2021","2","15","football","nfl"
"401326553","Tennessee Titans","San Francisco 49ers","72.136","0.4861","0.5099","0.0039","22.90","22.11","45.00","-0.395","0.395","1.585","4.407","San Francisco 49ers at Tennessee Titans","2021","2","16","football","nfl"
"401326554","Green Bay Packers","Cleveland Browns","63.884","0.6862","0.3112","0.0025","17.04","29.96","47.00","6.458","-6.458","5.281","0.372","Cleveland Browns at Green Bay Packers","2021","2","16","football","nfl"
"401326555","Arizona Cardinals","Indianapolis Colts","68.355","0.6280","0.3689","0.0029","19.63","28.37","48.00","4.367","-4.367","3.688","2.217","Indianapolis Colts at Arizona Cardinals","2021","2","16","football","nfl"
"401326556","Atlanta Falcons","Detroit Lions","13.742","0.6767","0.3206","0.0025","15.39","27.61","43.00","6.106","-6.106","-5.502","-8.675","Detroit Lions at Atlanta Falcons","2021","2","16","football","nfl"
"401326558","Cincinnati Bengals","Baltimore Ravens","50.955","0.6040","0.3928","0.0031","18.21","25.29","43.50","3.537","-3.537","1.619","-1.314","Baltimore Ravens at Cincinnati Bengals","2021","2","16","football","nfl"
"401326560","Minnesota Vikings","Los Angeles Rams","76.872","0.4236","0.5729","0.0034","26.74","21.77","48.50","-2.485","2.485","0.988","5.989","Los Angeles Rams at Minnesota Vikings","2021","2","16","football","nfl"
"401326561","New England Patriots","Buffalo Bills","93.637","0.4802","0.5158","0.0038","22.34","21.16","43.50","-0.589","0.589","4.991","8.594","Buffalo Bills at New England Patriots","2021","2","16","football","nfl"
"401326562","New York Jets","Jacksonville Jaguars","4.574","0.5244","0.4718","0.0037","20.63","22.37","43.00","0.871","-0.871","-8.791","-8.536","Jacksonville Jaguars at New York Jets","2021","2","16","football","nfl"
"401326563","Philadelphia Eagles","New York Giants","33.688","0.6874","0.3100","0.0024","14.00","27.00","41.00","6.499","-6.499","0.155","-7.894","New York Giants at Philadelphia Eagles","2021","2","16","football","nfl"
"401326557","Carolina Panthers","Tampa Bay Buccaneers","65.004","0.2599","0.7379","0.0020","30.71","13.79","44.50","-8.459","8.459","-3.815","8.245","Tampa Bay Buccaneers at Carolina Panthers","2021","2","16","football","nfl"
"401326559","Houston Texans","Los Angeles Chargers","26.038","0.2019","0.7964","0.0016","33.74","11.76","45.50","-10.988","10.988","-8.598","1.79","Los Angeles Chargers at Houston Texans","2021","2","16","football","nfl"
"401326564","Seattle Seahawks","Chicago Bears","46.378","0.7259","0.2718","0.0021","12.52","28.48","41.00","7.977","-7.977","2.373","-4.483","Chicago Bears at Seattle Seahawks","2021","2","16","football","nfl"
"401326565","Kansas City Chiefs","Pittsburgh Steelers","56.755","0.7555","0.2424","0.0019","13.07","31.43","44.50","9.184","-9.184","6.216","-1.471","Pittsburgh Steelers at Kansas City Chiefs","2021","2","16","football","nfl"
"401326566","Las Vegas Raiders","Denver Broncos","38.5","0.4558","0.5404","0.0036","22.15","19.35","41.50","-1.404","1.404","-2.433","-0.455","Denver Broncos at Las Vegas Raiders","2021","2","16","football","nfl"
"401326567","Dallas Cowboys","Washington","52.773","0.7509","0.2471","0.0019","14.01","31.99","46.00","8.988","-8.988","5.383","-2.937","Washington  at Dallas Cowboys","2021","2","16","football","nfl"
"401326568","New Orleans Saints","Miami Dolphins","49.932","0.6262","0.3708","0.0029","14.45","23.05","37.50","4.303","-4.303","1.264","-1.285","Miami Dolphins at New Orleans Saints","2021","2","16","football","nfl"
"401326569","Buffalo Bills","Atlanta Falcons","51.1","0.8754","0.1235","0.0009","7.76","38.24","46.00","15.24","-15.24","8.594","-5.502","Atlanta Falcons at Buffalo Bills","2021","2","17","football","nfl"
"401326570","Chicago Bears","New York Giants","20.049","0.6171","0.3798","0.0030","14.27","22.23","36.50","3.983","-3.983","-3.967","-7.894","New York Giants at Chicago Bears","2021","2","17","football","nfl"
"401326571","Cincinnati Bengals","Kansas City Chiefs","80.045","0.3859","0.6109","0.0031","29.27","21.73","51.00","-3.771","3.771","1.619","6.216","Kansas City Chiefs at Cincinnati Bengals","2021","2","17","football","nfl"
"401326577","Tennessee Titans","Miami Dolphins","50.772","0.6238","0.3731","0.0030","16.29","24.72","41.00","4.215","-4.215","1.585","-1.285","Miami Dolphins at Tennessee Titans","2021","2","17","football","nfl"
"401326573","Indianapolis Colts","Las Vegas Raiders","49.53","0.7357","0.2621","0.0021","14.89","31.61","46.50","8.36","-8.36","2.217","-2.433","Las Vegas Raiders at Indianapolis Colts","2021","2","17","football","nfl"
"401326574","New England Patriots","Jacksonville Jaguars","48.592","0.8788","0.1201","0.0009","5.54","36.46","42.00","15.46","-15.46","4.991","-8.536","Jacksonville Jaguars at New England Patriots","2021","2","17","football","nfl"
"401326576","New York Jets","Tampa Bay Buccaneers","48.727","0.1148","0.8841","0.0009","39.56","7.94","47.50","-15.813","15.813","-8.791","8.245","Tampa Bay Buccaneers at New York Jets","2021","2","17","football","nfl"
"401326578","Washington","Philadelphia Eagles","38.624","0.4149","0.5817","0.0033","25.03","19.47","44.50","-2.779","2.779","-2.937","0.155","Philadelphia Eagles at Washington ","2021","2","17","football","nfl"
"401326581","Baltimore Ravens","Los Angeles Rams","68.949","0.3818","0.6151","0.0030","27.42","19.59","47.00","-3.915","3.915","-1.314","5.989","Los Angeles Rams at Baltimore Ravens","2021","2","17","football","nfl"
"401326579","Los Angeles Chargers","Denver Broncos","54.211","0.5970","0.3997","0.0032","19.20","25.80","45.00","3.297","-3.297","1.79","-0.455","Denver Broncos at Los Angeles Chargers","2021","2","17","football","nfl"
"401326580","San Francisco 49ers","Houston Texans","46.132","0.8369","0.1617","0.0013","9.01","34.99","44.00","12.992","-12.992","2.347","-8.598","Houston Texans at San Francisco 49ers","2021","2","17","football","nfl"
"401326572","Dallas Cowboys","Arizona Cardinals","77.913","0.5710","0.4255","0.0034","24.08","28.92","53.00","2.418","-2.418","5.383","3.688","Arizona Cardinals at Dallas Cowboys","2021","2","17","football","nfl"
"401326575","New Orleans Saints","Carolina Panthers","42.133","0.6684","0.3288","0.0026","12.70","24.30","37.00","5.796","-5.796","1.264","-4.474","Carolina Panthers at New Orleans Saints","2021","2","17","football","nfl"
"401326582","Seattle Seahawks","Detroit Lions","45.341","0.8312","0.1674","0.0013","7.81","33.19","41.00","12.688","-12.688","2.373","-8.675","Detroit Lions at Seattle Seahawks","2021","2","17","football","nfl"
"401326583","Green Bay Packers","Minnesota Vikings","52.901","0.7767","0.2214","0.0017","11.42","31.58","43.00","10.082","-10.082","5.281","-3.356","Minnesota Vikings at Green Bay Packers","2021","2","17","football","nfl"
"401326584","Pittsburgh Steelers","Cleveland Browns","45.537","0.4564","0.5399","0.0036","23.13","20.37","43.50","-1.383","1.383","-1.471","0.372","Cleveland Browns at Pittsburgh Steelers","2021","2","17","football","nfl"
"401326598","Denver Broncos","Kansas City Chiefs","72.838","0.3489","0.6483","0.0028","27.32","17.18","44.50","-5.068","5.068","-0.455","6.216","Kansas City Chiefs at Denver Broncos","2021","2","18","football","nfl"
"401326595","Philadelphia Eagles","Dallas Cowboys","72.082","0.4311","0.5654","0.0034","25.23","20.77","46.00","-2.229","2.229","0.155","5.383","Dallas Cowboys at Philadelphia Eagles","2021","2","18","football","nfl"
"401326588","Cleveland Browns","Cincinnati Bengals","41.131","0.5454","0.4509","0.0036","17.43","20.57","38.00","1.566","-1.566","-1.087","-1.24","Cincinnati Bengals at Cleveland Browns","2021","2","18","football","nfl"
"401326589","Detroit Lions","Green Bay Packers","47.307","0.2010","0.7973","0.0016","33.51","11.49","45.00","-11.006","11.006","-6.039","5.281","Green Bay Packers at Detroit Lions","2021","2","18","football","nfl"
"401326593","Minnesota Vikings","Chicago Bears","42.121","0.6581","0.3391","0.0027","17.08","27.92","45.00","5.42","-5.42","0.988","-3.967","Chicago Bears at Minnesota Vikings","2021","2","18","football","nfl"
"401326594","New York Giants","Washington","11.426","0.4137","0.5829","0.0033","20.82","15.18","36.00","-2.816","2.816","-7.894","-2.937","Washington  at New York Giants","2021","2","18","football","nfl"
"401326591","Jacksonville Jaguars","Indianapolis Colts","27.601","0.2080","0.7902","0.0016","32.43","11.07","43.50","-10.679","10.679","-8.536","2.217","Indianapolis Colts at Jacksonville Jaguars","2021","2","18","football","nfl"
"401326586","Baltimore Ravens","Pittsburgh Steelers","39.909","0.5681","0.4284","0.0034","17.93","22.57","40.50","2.321","-2.321","-1.314","-1.471","Pittsburgh Steelers at Baltimore Ravens","2021","2","18","football","nfl"
"401326590","Houston Texans","Tennessee Titans","24.95","0.2536","0.7442","0.0020","30.20","12.80","43.00","-8.697","8.697","-8.598","1.585","Tennessee Titans at Houston Texans","2021","2","18","football","nfl"
"401326585","Atlanta Falcons","New Orleans Saints","32.882","0.3745","0.6224","0.0030","24.17","15.84","40.00","-4.165","4.165","-5.502","1.264","New Orleans Saints at Atlanta Falcons","2021","2","18","football","nfl"
"401326587","Buffalo Bills","New York Jets","49.985","0.9235","0.0758","0.0006","2.63","40.37","43.00","18.867","-18.867","8.594","-8.791","New York Jets at Buffalo Bills","2021","2","18","football","nfl"
"401326599","Los Angeles Rams","San Francisco 49ers","81.655","0.6163","0.3806","0.0030","19.30","27.20","46.50","3.953","-3.953","5.989","4.407","San Francisco 49ers at Los Angeles Rams","2021","2","18","football","nfl"
"401326592","Miami Dolphins","New England Patriots","65.186","0.3304","0.6669","0.0026","26.23","14.77","41.00","-5.734","5.734","-1.285","4.991","New England Patriots at Miami Dolphins","2021","2","18","football","nfl"
"401326597","Arizona Cardinals","Seattle Seahawks","69.238","0.6491","0.3480","0.0028","19.15","29.35","48.50","5.099","-5.099","3.688","2.373","Seattle Seahawks at Arizona Cardinals","2021","2","18","football","nfl"
"401326596","Tampa Bay Buccaneers","Carolina Panthers","52.309","0.8499","0.1488","0.0012","7.81","35.19","43.00","13.69","-13.69","8.245","-4.474","Carolina Panthers at Tampa Bay Buccaneers","2021","2","18","football","nfl"
"401326600","Las Vegas Raiders","Los Angeles Chargers","47.325","0.4148","0.5818","0.0033","27.53","21.97","49.50","-2.78","2.78","-2.433","1.79","Los Angeles Chargers at Las Vegas Raiders","2021","2","18","football","nfl"
"401326627","Cincinnati Bengals","Las Vegas Raiders","48.059","0.6750","0.3249","0.0000","18.27","30.23","48.50","5.977","-5.977","1.619","-2.433","Las Vegas Raiders at Cincinnati Bengals","2021","3","1","football","nfl"
"401326626","Buffalo Bills","New England Patriots","84.716","0.6169","0.3830","0.0000","17.58","25.42","43.00","3.918","-3.918","8.594","4.991","New England Patriots at Buffalo Bills","2021","3","1","football","nfl"
"401326630","Tampa Bay Buccaneers","Philadelphia Eagles","64.576","0.7743","0.2256","0.0000","13.83","33.67","47.50","9.918","-9.918","8.245","0.155","Philadelphia Eagles at Tampa Bay Buccaneers","2021","3","1","football","nfl"
"401326629","Dallas Cowboys","San Francisco 49ers","78.398","0.6386","0.3614","0.0000","20.83","30.17","51.00","4.671","-4.671","5.383","4.407","San Francisco 49ers at Dallas Cowboys","2021","3","1","football","nfl"
"401326628","Kansas City Chiefs","Pittsburgh Steelers","57.719","0.7580","0.2419","0.0000","14.03","32.47","46.50","9.218","-9.218","6.216","-1.471","Pittsburgh Steelers at Kansas City Chiefs","2021","3","1","football","nfl"
"401326625","Los Angeles Rams","Arizona Cardinals","78.775","0.5810","0.4189","0.0000","21.81","27.19","49.00","2.694","-2.694","5.989","3.688","Arizona Cardinals at Los Angeles Rams","2021","3","1","football","nfl"
"401326632","Tennessee Titans","Cincinnati Bengals","60.309","0.5952","0.4047","0.0000","21.08","27.42","48.50","3.174","-3.174","1.585","1.619","Cincinnati Bengals at Tennessee Titans","2021","3","2","football","nfl"
"401326631","Green Bay Packers","San Francisco 49ers","72.31","0.6448","0.3551","0.0000","18.61","28.39","47.00","4.889","-4.889","5.281","4.407","San Francisco 49ers at Green Bay Packers","2021","3","2","football","nfl"
"401326634","Tampa Bay Buccaneers","Los Angeles Rams","83.332","0.6580","0.3419","0.0000","18.64","29.36","48.00","5.36","-5.36","8.245","5.989","Los Angeles Rams at Tampa Bay Buccaneers","2021","3","2","football","nfl"
"401326633","Kansas City Chiefs","Buffalo Bills","94.774","0.4794","0.5205","0.0000","27.68","26.32","54.00","-0.679","0.679","6.216","8.594","Buffalo Bills at Kansas City Chiefs","2021","3","2","football","nfl"
"401326635","Kansas City Chiefs","Cincinnati Bengals","70.771","0.6961","0.3038","0.0000","20.49","34.01","54.50","6.756","-6.756","6.216","1.619","Cincinnati Bengals at Kansas City Chiefs","2021","3","3","football","nfl"
"401326636","Los Angeles Rams","San Francisco 49ers","82.279","0.5945","0.4054","0.0000","19.60","25.90","45.50","3.151","-3.151","5.989","4.407","San Francisco 49ers at Los Angeles Rams","2021","3","3","football","nfl"
"401326638","Cincinnati Bengals","Los Angeles Rams","74.574","0.3366","0.6633","0.0000","29.80","18.70","48.50","-5.553","5.553","1.619","5.989","Los Angeles Rams at Cincinnati Bengals","2021","3","5","football","nfl"
