team,defense_GP,defense_PA,defense_PA_G,defense_YDS_G,defense_PYDS,defense_PYDS_G,defense_RYDS,defense_RYDS_G,defense_SCK,defense_SCK_YDS,defense_DEF_INT,defense_INTTD,defense_FF,defense_FUMR,defense_FUMTD,defense_HUR,defense_PDEF,defense_SFTY,downs_GP,downs_PLAYS,downs_1ST,downs_P_1ST,downs_R_1ST,downs_3RD,downs_3RDA,downs_3RD_PCT,downs_4TH,downs_4THA,downs_4TH_PCT,downs_PEN,downs_PEN_YDS,kicking_GP,kicking_PTS,kicking_FGM,kicking_FGA,kicking_FG_PCT,kicking_FG_LNG,kicking_XPM,kicking_XPA,kicking_XP_PCT,kickoffs_punts_GP,kickoffs_punts_KO,kickoffs_punts_KICK_YDS,kickoffs_punts_K_AVG,kickoffs_punts_KO_TB,kickoffs_punts_KO_TB_PCT,kickoffs_punts_KO_RET,kickoffs_punts_KR_AVG,kickoffs_punts_PUNTS,kickoffs_punts_PUNT_YDS,kickoffs_punts_P_AVG,kickoffs_punts_P_LNG,kickoffs_punts_IN20,kickoffs_punts_IN20_PCT,kickoffs_punts_PUNT_TB,kickoffs_punts_PUNT_TB_PCT,kickoffs_punts_BLK,kickoffs_punts_NET_AVG,passing_GP,passing_COMP,passing_PATT,passing_ATT/G,passing_PCT,passing_PYDS,passing_PAVG,passing_PYDS/G,passing_PTD,passing_LNG,passing_INT,passing_SCK,passing_SCKYDS,passing_QBR,returns_GP,returns_K_RET,returns_K_RET_YDS,returns_K_RET_AVG,returns_K_RET_TD,returns_K_RET_LNG,returns_P_RET,returns_P_RET_YDS,returns_P_RET_AVG,returns_P_RET_TD,returns_P_RET_LNG,rushing_GP,rushing_RATT,rushing_ATT/G,rushing_RYDS,rushing_RAVG,rushing_RYDS/G,rushing_RTD,rushing_LNG,rushing_R_1ST,rushing_PCT,turnovers_GP,turnovers_PLUS_MINUS,turnovers_TA,turnovers_DEF_INT,turnovers_FUMR,turnovers_GA,turnovers_PASS_INT,turnovers_FUML,yardage_GP,yardage_YDS,yardage_YDS_G,yardage_PYDS,yardage_PAVG,yardage_RECAVG,yardage_PYDS_G,yardage_RYDS,yardage_RAVG,yardage_RYDS_G,yardage_K_RET_YDS,yardage_K_RET_AVG,yardage_P_RET_YDS,yardage_P_RET_AVG,yardage_PEN_YDS
Arizona Cardinals,7.0,154.0,22.0,335.7,1644.0,234.9,706.0,100.9,12.0,80.0,4.0,0.0,5.0,3.0,1.0,16.0,40.0,1.0,7.0,441.0,133.0,80.0,38.0,43.0,96.0,44.8,4.0,7.0,57.1,54.0,393.0,7.0,55.0,13.0,15.0,87.0,57.0,16.0,16.0,100.0,7.0,36.0,2169.0,60.3,4.0,11.1,31.0,22.5,25.0,1272.0,50.9,63.0,9.0,36.0,3.0,12.0,0.0,44.5,7.0,162.0,242.0,34.6,66.9,1399.0,5.8,199.9,10.0,45.0,4.0,24.0,162.0,91.6,7.0,27.0,693.0,25.7,0.0,39.0,10.0,123.0,12.3,0.0,29.0,7.0,175.0,25.0,773.0,4.4,110.4,5.0,71.0,38.0,21.7,7.0,0.0,7.0,4.0,3.0,7.0,0.0,4.0,7.0,2172.0,310.3,1399.0,5.8,9.6,199.9,773.0,4.4,110.4,693.0,25.7,123.0,12.3,393.0
Atlanta Falcons,6.0,120.0,20.0,265.2,847.0,141.2,744.0,124.0,15.0,87.0,6.0,0.0,4.0,3.0,0.0,6.0,27.0,0.0,6.0,390.0,124.0,69.0,43.0,33.0,78.0,42.3,4.0,11.0,36.4,33.0,230.0,6.0,44.0,11.0,15.0,73.0,54.0,11.0,11.0,100.0,6.0,28.0,1722.0,61.5,4.0,14.3,23.0,21.5,18.0,797.0,44.3,61.0,7.0,38.9,1.0,5.6,0.0,37.7,6.0,124.0,202.0,33.7,61.4,1368.0,6.8,228.0,5.0,69.0,3.0,9.0,70.0,85.0,6.0,24.0,501.0,20.9,0.0,45.0,8.0,57.0,7.1,0.0,17.0,6.0,179.0,29.8,818.0,4.6,136.3,6.0,81.0,43.0,24.0,6.0,3.0,9.0,6.0,3.0,6.0,0.0,3.0,6.0,2186.0,364.3,1368.0,6.8,11.6,228.0,818.0,4.6,136.3,501.0,20.9,57.0,7.1,230.0
Baltimore Ravens,0.0,0.0,0.0,0.0,0.0,0.0,0.0,0.0,0.0,0.0,0.0,0.0,0.0,0.0,0.0,0.0,0.0,0.0,6.0,325.0,103.0,55.0,38.0,28.0,69.0,40.6,4.0,12.0,33.3,38.0,274.0,6.0,42.0,9.0,10.0,90.0,52.0,15.0,16.0,94.0,6.0,31.0,1674.0,54.0,2.0,6.5,23.0,19.3,17.0,853.0,50.2,63.0,6.0,35.3,2.0,11.8,0.0,46.2,6.0,112.0,163.0,27.2,68.7,1098.0,6.7,183.0,10.0,56.0,5.0,20.0,142.0,98.7,6.0,31.0,762.0,24.6,0.0,43.0,7.0,111.0,15.9,0.0,35.0,6.0,142.0,23.7,757.0,5.3,126.2,6.0,71.0,38.0,26.8,6.0,-7.0,3.0,1.0,2.0,10.0,0.0,5.0,6.0,1855.0,309.2,1098.0,6.7,11.1,183.0,757.0,5.3,126.2,762.0,24.6,111.0,15.9,274.0
Buffalo Bills,6.0,137.0,22.8,323.5,1003.0,167.2,938.0,156.3,15.0,84.0,2.0,0.0,8.0,3.0,0.0,25.0,16.0,0.0,6.0,378.0,139.0,73.0,50.0,28.0,68.0,41.2,3.0,5.0,60.0,44.0,351.0,6.0,47.0,10.0,11.0,91.0,52.0,17.0,17.0,100.0,6.0,34.0,2071.0,60.9,3.0,8.8,31.0,23.6,19.0,809.0,42.6,50.0,8.0,42.1,0.0,0.0,0.0,39.3,6.0,123.0,180.0,30.0,68.3,1364.0,7.6,227.3,11.0,51.0,4.0,12.0,65.0,103.2,6.0,26.0,671.0,25.8,0.0,41.0,11.0,64.0,5.8,0.0,15.0,6.0,186.0,31.0,906.0,4.9,151.0,9.0,44.0,50.0,26.9,6.0,-1.0,5.0,2.0,3.0,6.0,0.0,2.0,6.0,2270.0,378.3,1364.0,7.6,11.6,227.3,906.0,4.9,151.0,671.0,25.8,64.0,5.8,351.0
Carolina Panthers,7.0,152.0,21.7,295.7,1422.0,203.1,648.0,92.6,11.0,69.0,6.0,1.0,1.0,1.0,0.0,11.0,28.0,0.0,7.0,457.0,147.0,78.0,53.0,34.0,91.0,37.4,12.0,18.0,66.7,42.0,350.0,7.0,49.0,12.0,13.0,92.0,57.0,13.0,14.0,93.0,7.0,33.0,1876.0,56.8,5.0,15.2,24.0,15.6,23.0,1082.0,47.0,68.0,10.0,43.5,1.0,4.3,0.0,34.7,7.0,147.0,237.0,33.9,62.0,1306.0,5.5,186.6,12.0,40.0,5.0,12.0,100.0,86.6,7.0,22.0,514.0,23.4,0.0,45.0,11.0,66.0,6.0,0.0,15.0,7.0,208.0,29.7,981.0,4.7,140.1,3.0,53.0,53.0,25.5,7.0,-2.0,7.0,6.0,1.0,9.0,0.0,4.0,7.0,2287.0,326.7,1306.0,5.5,9.6,186.6,981.0,4.7,140.1,514.0,23.4,66.0,6.0,350.0
Chicago Bears,6.0,155.0,25.8,350.0,1274.0,212.3,826.0,137.7,12.0,56.0,11.0,1.0,4.0,5.0,0.0,12.0,27.0,0.0,6.0,374.0,116.0,62.0,47.0,31.0,77.0,40.3,3.0,7.0,42.9,53.0,454.0,6.0,56.0,14.0,16.0,88.0,52.0,14.0,14.0,100.0,6.0,35.0,2089.0,59.7,6.0,17.1,27.0,20.2,22.0,1037.0,47.1,62.0,7.0,31.8,1.0,4.5,0.0,40.3,6.0,115.0,188.0,31.3,61.2,1303.0,6.9,217.2,9.0,65.0,3.0,11.0,75.0,92.9,6.0,26.0,670.0,25.8,0.0,44.0,11.0,121.0,11.0,0.0,22.0,6.0,175.0,29.2,776.0,4.4,129.3,6.0,24.0,47.0,26.9,6.0,11.0,16.0,11.0,5.0,5.0,0.0,2.0,6.0,2079.0,346.5,1303.0,6.9,12.0,217.2,776.0,4.4,129.3,670.0,25.8,121.0,11.0,454.0
Cincinnati Bengals,0.0,0.0,0.0,0.0,0.0,0.0,0.0,0.0,0.0,0.0,0.0,0.0,0.0,0.0,0.0,0.0,0.0,0.0,7.0,401.0,124.0,73.0,31.0,35.0,90.0,38.9,4.0,4.0,100.0,38.0,254.0,7.0,44.0,10.0,12.0,83.0,50.0,14.0,14.0,100.0,7.0,31.0,1858.0,59.9,3.0,9.7,26.0,24.1,34.0,1779.0,52.3,70.0,11.0,32.4,7.0,20.6,0.0,42.2,7.0,161.0,252.0,36.0,63.9,1399.0,5.6,199.9,13.0,64.0,8.0,18.0,108.0,84.2,7.0,33.0,793.0,24.0,0.0,37.0,6.0,78.0,13.0,0.0,23.0,0.0,0.0,0.0,0.0,0.0,0.0,0.0,0.0,0.0,0.0,7.0,-2.0,9.0,8.0,1.0,11.0,0.0,3.0,7.0,1881.0,268.7,1399.0,5.6,9.4,199.9,482.0,3.7,68.9,793.0,24.0,78.0,13.0,254.0
Cleveland Browns,7.0,152.0,21.7,256.1,1216.0,173.7,577.0,82.4,18.0,129.0,5.0,1.0,7.0,3.0,0.0,14.0,25.0,0.0,7.0,460.0,122.0,63.0,43.0,36.0,104.0,34.6,10.0,16.0,62.5,48.0,388.0,7.0,41.0,10.0,12.0,83.0,55.0,11.0,12.0,92.0,7.0,27.0,1633.0,60.5,2.0,7.4,25.0,24.0,39.0,1741.0,44.6,67.0,14.0,35.9,6.0,15.4,1.0,37.3,7.0,157.0,267.0,38.1,58.8,1247.0,4.7,178.1,5.0,35.0,6.0,19.0,114.0,69.2,7.0,27.0,644.0,23.9,0.0,32.0,13.0,103.0,7.9,0.0,16.0,0.0,0.0,0.0,0.0,0.0,0.0,0.0,0.0,0.0,0.0,7.0,0.0,8.0,5.0,3.0,8.0,0.0,2.0,7.0,1895.0,270.7,1247.0,4.7,8.7,178.1,648.0,3.7,92.6,644.0,23.9,103.0,7.9,388.0
Dallas Cowboys,0.0,0.0,0.0,0.0,0.0,0.0,0.0,0.0,0.0,0.0,0.0,0.0,0.0,0.0,0.0,0.0,0.0,0.0,7.0,447.0,161.0,93.0,46.0,37.0,84.0,44.0,6.0,8.0,75.0,58.0,475.0,7.0,68.0,15.0,15.0,100.0,64.0,23.0,24.0,96.0,7.0,45.0,2770.0,61.6,14.0,31.1,28.0,15.8,23.0,1069.0,46.5,60.0,8.0,34.8,0.0,0.0,0.0,40.7,7.0,188.0,264.0,37.7,71.2,1879.0,7.1,268.4,16.0,74.0,4.0,8.0,43.0,105.7,7.0,32.0,768.0,24.0,0.0,45.0,8.0,61.0,7.6,0.0,19.0,7.0,175.0,25.0,855.0,4.9,122.1,8.0,66.0,46.0,26.3,7.0,0.0,6.0,3.0,3.0,6.0,0.0,2.0,7.0,2734.0,390.6,1879.0,7.1,10.2,268.4,855.0,4.9,122.1,768.0,24.0,61.0,7.6,475.0
Denver Broncos,7.0,127.0,18.1,273.1,1259.0,179.9,653.0,93.3,34.0,202.0,2.0,0.0,4.0,3.0,0.0,22.0,39.0,0.0,7.0,456.0,141.0,78.0,45.0,34.0,95.0,35.8,4.0,8.0,50.0,61.0,575.0,7.0,43.0,9.0,10.0,90.0,57.0,16.0,16.0,100.0,7.0,35.0,2190.0,62.6,6.0,17.1,29.0,24.2,36.0,1729.0,48.0,63.0,18.0,50.0,4.0,11.1,0.0,41.4,7.0,160.0,256.0,36.6,62.5,1506.0,5.9,215.1,11.0,52.0,4.0,8.0,50.0,87.3,7.0,28.0,686.0,24.5,0.0,34.0,17.0,209.0,12.3,0.0,32.0,7.0,192.0,27.4,923.0,4.8,131.9,8.0,50.0,45.0,23.4,7.0,-2.0,5.0,2.0,3.0,7.0,0.0,3.0,7.0,2429.0,347.0,1506.0,5.9,9.7,215.1,923.0,4.8,131.9,686.0,24.5,209.0,12.3,575.0
Detroit Lions,7.0,151.0,21.6,300.0,1486.0,212.3,614.0,87.7,23.0,144.0,7.0,0.0,9.0,4.0,0.0,14.0,42.0,1.0,7.0,424.0,139.0,84.0,48.0,32.0,85.0,37.6,8.0,13.0,61.5,42.0,315.0,7.0,51.0,8.0,11.0,73.0,58.0,27.0,27.0,100.0,7.0,42.0,2507.0,59.7,6.0,14.3,33.0,20.0,27.0,1274.0,47.2,66.0,14.0,51.9,0.0,0.0,0.0,39.6,7.0,153.0,204.0,29.1,75.0,1565.0,7.7,223.6,16.0,64.0,3.0,13.0,69.0,118.0,7.0,25.0,636.0,25.4,0.0,37.0,12.0,125.0,10.4,1.0,65.0,7.0,207.0,29.6,936.0,4.5,133.7,10.0,78.0,48.0,23.2,7.0,6.0,11.0,7.0,4.0,5.0,0.0,2.0,7.0,2501.0,357.3,1565.0,7.7,10.7,223.6,936.0,4.5,133.7,636.0,25.4,125.0,10.4,315.0
Green Bay Packers,6.0,125.0,20.8,288.5,1272.0,212.0,459.0,76.5,18.0,112.0,2.0,0.0,1.0,1.0,0.0,17.0,24.0,0.0,6.0,363.0,125.0,67.0,42.0,37.0,75.0,49.3,5.0,7.0,71.4,50.0,379.0,6.0,49.0,11.0,13.0,85.0,61.0,16.0,17.0,94.0,6.0,33.0,2092.0,63.4,10.0,30.3,23.0,19.0,19.0,990.0,52.1,65.0,5.0,26.3,3.0,15.8,0.0,43.2,6.0,122.0,176.0,29.3,69.3,1355.0,7.7,225.8,10.0,57.0,2.0,10.0,83.0,108.1,6.0,19.0,505.0,26.6,0.0,36.0,13.0,71.0,5.5,0.0,20.0,6.0,177.0,29.5,705.0,4.0,117.5,8.0,25.0,42.0,23.7,6.0,0.0,3.0,2.0,1.0,3.0,0.0,1.0,6.0,2060.0,343.3,1355.0,7.7,11.8,225.8,705.0,4.0,117.5,505.0,26.6,71.0,5.5,379.0
Houston Texans,6.0,88.0,14.7,274.2,1074.0,179.0,571.0,95.2,14.0,108.0,7.0,0.0,4.0,3.0,1.0,6.0,27.0,0.0,6.0,362.0,108.0,59.0,32.0,23.0,75.0,30.7,7.0,11.0,63.6,44.0,372.0,6.0,49.0,13.0,15.0,87.0,57.0,10.0,10.0,100.0,6.0,30.0,1871.0,62.4,5.0,16.7,24.0,20.2,25.0,1207.0,48.3,66.0,8.0,32.0,2.0,8.0,0.0,41.6,6.0,127.0,197.0,32.8,64.5,1189.0,6.0,198.2,9.0,50.0,4.0,15.0,139.0,90.7,6.0,16.0,409.0,25.6,0.0,34.0,14.0,150.0,10.7,0.0,53.0,6.0,150.0,25.0,637.0,4.2,106.2,3.0,30.0,32.0,21.3,6.0,4.0,10.0,7.0,3.0,6.0,0.0,2.0,6.0,1826.0,304.3,1189.0,6.0,10.5,198.2,637.0,4.2,106.2,409.0,25.6,150.0,10.7,372.0
Indianapolis Colts,7.0,140.0,20.0,345.7,1788.0,255.4,632.0,90.3,19.0,126.0,9.0,1.0,2.0,2.0,0.0,29.0,34.0,0.0,7.0,419.0,165.0,90.0,59.0,36.0,77.0,46.8,9.0,11.0,81.8,47.0,383.0,7.0,66.0,15.0,16.0,94.0,52.0,21.0,22.0,95.0,7.0,45.0,2604.0,57.9,5.0,11.1,37.0,20.8,12.0,608.0,50.7,57.0,7.0,58.3,1.0,8.3,0.0,47.6,7.0,153.0,217.0,31.0,70.5,1751.0,8.1,250.1,10.0,75.0,3.0,6.0,48.0,105.0,7.0,26.0,764.0,29.4,0.0,81.0,5.0,35.0,7.0,0.0,16.0,7.0,196.0,28.0,911.0,4.6,130.1,16.0,68.0,59.0,30.1,7.0,8.0,11.0,9.0,2.0,3.0,0.0,1.0,7.0,2662.0,380.3,1751.0,8.1,11.8,250.1,911.0,4.6,130.1,764.0,29.4,35.0,7.0,383.0
Jacksonville Jaguars,7.0,155.0,22.1,336.9,1720.0,245.7,638.0,91.1,8.0,59.0,10.0,1.0,5.0,4.0,0.0,28.0,45.0,0.0,7.0,458.0,134.0,76.0,45.0,31.0,94.0,33.0,8.0,15.0,53.3,65.0,528.0,7.0,44.0,10.0,14.0,71.0,52.0,14.0,15.0,93.0,7.0,33.0,1913.0,58.0,9.0,27.3,20.0,16.1,30.0,1441.0,48.0,62.0,10.0,33.3,4.0,13.3,0.0,43.3,7.0,152.0,259.0,37.0,58.7,1506.0,5.8,215.1,9.0,46.0,5.0,20.0,114.0,80.6,7.0,22.0,557.0,25.3,0.0,54.0,13.0,172.0,13.2,1.0,87.0,7.0,179.0,25.6,838.0,4.7,119.7,6.0,71.0,45.0,25.1,7.0,8.0,14.0,10.0,4.0,6.0,0.0,1.0,7.0,2344.0,334.9,1506.0,5.8,10.7,215.1,838.0,4.7,119.7,557.0,25.3,172.0,13.2,528.0
Kansas City Chiefs,7.0,124.0,17.7,280.3,1222.0,174.6,740.0,105.7,15.0,55.0,4.0,0.0,3.0,3.0,0.0,6.0,22.0,0.0,7.0,454.0,163.0,91.0,62.0,40.0,90.0,44.4,12.0,15.0,80.0,47.0,388.0,7.0,54.0,12.0,15.0,80.0,59.0,18.0,21.0,86.0,7.0,39.0,2303.0,59.1,6.0,15.4,30.0,20.0,18.0,786.0,43.7,69.0,11.0,61.1,0.0,0.0,0.0,41.7,7.0,164.0,248.0,35.4,66.1,1730.0,7.0,247.1,14.0,49.0,2.0,11.0,70.0,102.9,7.0,25.0,672.0,26.9,0.0,47.0,12.0,106.0,8.8,0.0,25.0,7.0,195.0,27.9,864.0,4.4,123.4,8.0,35.0,62.0,31.8,7.0,5.0,7.0,4.0,3.0,2.0,0.0,0.0,7.0,2594.0,370.6,1730.0,7.0,11.0,247.1,864.0,4.4,123.4,672.0,26.9,106.0,8.8,388.0
Las Vegas Raiders,7.0,180.0,25.7,328.6,1576.0,225.1,72.0,0.0,0.0,0.0,0.0,0.0,0.0,0.0,0.0,0.0,0.0,0.0,7.0,393.0,111.0,66.0,33.0,33.0,87.0,37.9,5.0,11.0,45.5,45.0,364.0,7.0,41.0,11.0,14.0,79.0,54.0,8.0,8.0,100.0,7.0,28.0,1639.0,58.5,5.0,17.9,21.0,20.4,26.0,1197.0,46.0,63.0,8.0,30.8,2.0,7.7,1.0,37.7,7.0,135.0,204.0,29.1,66.2,1279.0,6.3,182.7,7.0,61.0,10.0,19.0,146.0,77.3,7.0,28.0,744.0,26.6,0.0,38.0,10.0,106.0,10.6,0.0,25.0,0.0,0.0,0.0,0.0,0.0,0.0,0.0,0.0,0.0,0.0,7.0,-5.0,7.0,3.0,4.0,12.0,0.0,2.0,7.0,1935.0,276.4,1279.0,6.3,10.6,182.7,656.0,3.9,93.7,744.0,26.6,106.0,10.6,364.0
Los Angeles Chargers,7.0,163.0,23.3,315.9,1346.0,192.3,865.0,123.6,17.0,96.0,6.0,0.0,2.0,1.0,0.0,17.0,35.0,0.0,7.0,456.0,146.0,91.0,41.0,46.0,100.0,46.0,7.0,10.0,70.0,52.0,379.0,7.0,59.0,15.0,15.0,100.0,55.0,14.0,14.0,100.0,7.0,36.0,2269.0,63.0,4.0,11.1,32.0,26.4,20.0,1000.0,50.0,60.0,8.0,40.0,2.0,10.0,0.0,43.0,7.0,186.0,275.0,39.3,67.6,1831.0,6.7,261.6,13.0,60.0,6.0,21.0,126.0,94.8,7.0,28.0,713.0,25.5,0.0,40.0,11.0,90.0,8.2,0.0,33.0,7.0,160.0,22.9,778.0,4.9,111.1,2.0,54.0,41.0,25.6,7.0,-3.0,7.0,6.0,1.0,10.0,0.0,4.0,7.0,2609.0,372.7,1831.0,6.7,10.5,261.6,778.0,4.9,111.1,713.0,25.5,90.0,8.2,379.0
Los Angeles Rams,7.0,117.0,16.7,314.1,1458.0,208.3,741.0,105.9,26.0,171.0,4.0,0.0,7.0,6.0,0.0,17.0,38.0,0.0,7.0,429.0,154.0,92.0,42.0,29.0,77.0,37.7,8.0,12.0,66.7,38.0,314.0,7.0,49.0,10.0,14.0,71.0,51.0,19.0,21.0,90.0,7.0,39.0,2344.0,60.1,14.0,35.9,16.0,9.3,22.0,1077.0,49.0,68.0,11.0,50.0,1.0,4.5,0.0,41.6,7.0,160.0,243.0,34.7,65.8,1797.0,7.4,256.7,17.0,88.0,2.0,11.0,69.0,108.8,7.0,23.0,556.0,24.2,0.0,32.0,15.0,126.0,8.4,0.0,20.0,7.0,175.0,25.0,724.0,4.1,103.4,4.0,45.0,42.0,24.0,7.0,2.0,9.0,4.0,6.0,7.0,0.0,5.0,7.0,2521.0,360.1,1797.0,7.4,11.7,256.7,724.0,4.1,103.4,556.0,24.2,126.0,8.4,314.0
Miami Dolphins,0.0,0.0,0.0,0.0,0.0,0.0,0.0,0.0,0.0,0.0,0.0,0.0,0.0,0.0,0.0,0.0,0.0,0.0,7.0,379.0,112.0,77.0,29.0,34.0,84.0,40.5,6.0,11.0,54.5,49.0,389.0,7.0,42.0,9.0,10.0,90.0,47.0,15.0,15.0,100.0,7.0,30.0,1798.0,59.9,3.0,10.0,24.0,24.2,23.0,1134.0,49.3,64.0,10.0,43.5,0.0,0.0,0.0,46.6,7.0,150.0,222.0,31.7,67.6,1306.0,5.9,186.6,11.0,47.0,10.0,17.0,100.0,82.5,7.0,38.0,1011.0,26.6,0.0,54.0,9.0,163.0,18.1,1.0,74.0,0.0,0.0,0.0,0.0,0.0,0.0,0.0,0.0,0.0,0.0,7.0,-6.0,6.0,1.0,5.0,12.0,0.0,2.0,7.0,1953.0,279.0,1306.0,5.9,9.4,186.6,647.0,4.6,92.4,1011.0,26.6,163.0,18.1,389.0
Minnesota Vikings,6.0,125.0,20.8,301.7,1104.0,184.0,706.0,117.7,16.0,97.0,2.0,1.0,8.0,5.0,1.0,25.0,15.0,0.0,6.0,353.0,110.0,64.0,36.0,25.0,73.0,34.2,5.0,7.0,71.4,47.0,367.0,6.0,51.0,13.0,14.0,93.0,62.0,12.0,12.0,100.0,6.0,32.0,1863.0,58.2,4.0,12.5,25.0,19.9,25.0,1213.0,48.5,77.0,7.0,28.0,0.0,0.0,0.0,45.1,6.0,122.0,188.0,31.3,64.9,1289.0,6.9,214.8,8.0,81.0,7.0,23.0,145.0,86.6,6.0,26.0,652.0,25.1,0.0,38.0,18.0,176.0,9.8,0.0,29.0,6.0,142.0,23.7,623.0,4.4,103.8,5.0,24.0,36.0,25.4,6.0,-4.0,7.0,2.0,5.0,11.0,0.0,4.0,6.0,1912.0,318.7,1289.0,6.9,11.8,214.8,623.0,4.4,103.8,652.0,25.1,176.0,9.8,367.0
New England Patriots,7.0,133.0,19.0,312.9,1650.0,235.7,540.0,77.1,18.0,109.0,5.0,0.0,4.0,4.0,1.0,14.0,20.0,0.0,7.0,420.0,140.0,83.0,46.0,34.0,82.0,41.5,10.0,12.0,83.3,58.0,447.0,7.0,45.0,9.0,10.0,90.0,53.0,18.0,20.0,90.0,7.0,37.0,2141.0,57.9,6.0,16.2,27.0,18.4,24.0,1129.0,47.0,73.0,9.0,37.5,2.0,8.3,0.0,38.7,7.0,153.0,204.0,29.1,75.0,1679.0,8.2,239.9,12.0,55.0,2.0,22.0,77.0,116.0,7.0,28.0,705.0,25.2,1.0,90.0,9.0,208.0,23.1,1.0,87.0,7.0,194.0,27.7,724.0,3.7,103.4,7.0,22.0,46.0,23.7,7.0,2.0,9.0,5.0,4.0,7.0,0.0,5.0,7.0,2403.0,343.3,1679.0,8.2,11.5,239.9,724.0,3.7,103.4,705.0,25.2,208.0,23.1,447.0
New Orleans Saints,0.0,0.0,0.0,0.0,0.0,0.0,0.0,0.0,0.0,0.0,0.0,0.0,0.0,0.0,0.0,0.0,0.0,0.0,7.0,437.0,136.0,69.0,44.0,32.0,87.0,36.8,3.0,11.0,27.3,55.0,392.0,7.0,53.0,14.0,20.0,70.0,54.0,11.0,11.0,100.0,7.0,31.0,1866.0,60.2,6.0,19.4,23.0,20.7,24.0,1038.0,43.3,61.0,5.0,20.8,2.0,8.3,1.0,34.3,7.0,160.0,239.0,34.1,66.9,1384.0,5.8,197.7,8.0,87.0,5.0,15.0,85.0,85.9,7.0,32.0,758.0,23.7,0.0,43.0,8.0,112.0,14.0,0.0,40.0,7.0,183.0,26.1,701.0,3.8,100.1,3.0,18.0,44.0,24.0,7.0,1.0,9.0,4.0,5.0,8.0,0.0,3.0,7.0,2085.0,297.9,1384.0,5.8,9.2,197.7,701.0,3.8,100.1,758.0,23.7,112.0,14.0,392.0
New York Giants,7.0,177.0,25.3,376.0,1717.0,245.3,915.0,130.7,15.0,110.0,4.0,0.0,3.0,1.0,0.0,18.0,40.0,0.0,7.0,463.0,152.0,67.0,61.0,38.0,96.0,39.6,8.0,16.0,50.0,57.0,506.0,7.0,37.0,8.0,8.0,100.0,55.0,13.0,17.0,76.0,7.0,35.0,2148.0,61.4,4.0,11.4,28.0,18.0,28.0,1236.0,44.1,69.0,11.0,39.3,3.0,10.7,0.0,39.3,7.0,137.0,230.0,32.9,59.6,1480.0,6.4,211.4,10.0,52.0,6.0,20.0,97.0,83.9,7.0,29.0,791.0,27.3,0.0,46.0,16.0,149.0,9.3,0.0,21.0,7.0,213.0,30.4,876.0,4.1,125.1,9.0,31.0,61.0,28.6,7.0,-4.0,5.0,4.0,1.0,9.0,0.0,3.0,7.0,2356.0,336.6,1480.0,6.4,11.5,211.4,876.0,4.1,125.1,791.0,27.3,149.0,9.3,506.0
New York Jets,0.0,0.0,0.0,0.0,0.0,0.0,0.0,0.0,0.0,0.0,0.0,0.0,0.0,0.0,0.0,0.0,0.0,0.0,7.0,419.0,123.0,63.0,50.0,30.0,91.0,33.0,8.0,16.0,50.0,49.0,393.0,7.0,49.0,14.0,14.0,100.0,58.0,7.0,7.0,100.0,7.0,32.0,1793.0,56.0,6.0,18.8,22.0,19.2,29.0,1389.0,47.9,58.0,11.0,37.9,1.0,3.4,0.0,44.6,7.0,129.0,204.0,29.1,63.2,1004.0,4.9,143.4,7.0,35.0,3.0,31.0,220.0,85.1,7.0,40.0,1126.0,28.1,0.0,72.0,14.0,135.0,9.6,0.0,19.0,7.0,184.0,26.3,895.0,4.9,127.9,4.0,43.0,50.0,27.2,7.0,-9.0,1.0,0.0,1.0,10.0,0.0,7.0,7.0,1899.0,271.3,1004.0,4.9,9.5,143.4,895.0,4.9,127.9,1126.0,28.1,135.0,9.6,393.0
Philadelphia Eagles,7.0,165.0,23.6,349.1,1549.0,221.3,895.0,127.9,11.0,61.0,5.0,1.0,4.0,2.0,0.0,14.0,36.0,0.0,7.0,401.0,120.0,63.0,47.0,29.0,85.0,34.1,9.0,12.0,75.0,49.0,456.0,7.0,38.0,6.0,7.0,86.0,58.0,20.0,20.0,100.0,7.0,33.0,1914.0,58.0,2.0,6.1,28.0,19.5,33.0,1724.0,52.2,70.0,7.0,21.2,4.0,12.1,0.0,41.6,7.0,136.0,195.0,27.9,69.7,1391.0,7.1,198.7,11.0,79.0,1.0,21.0,107.0,108.9,7.0,32.0,704.0,22.0,0.0,39.0,5.0,48.0,9.6,0.0,15.0,0.0,0.0,0.0,0.0,0.0,0.0,0.0,0.0,0.0,0.0,7.0,4.0,7.0,5.0,2.0,3.0,0.0,2.0,7.0,2008.0,286.9,1391.0,7.1,11.0,198.7,617.0,3.3,88.1,704.0,22.0,48.0,9.6,456.0
Pittsb,0.0,0.0,0.0,0.0,0.0,0.0,0.0,0.0,0.0,0.0,0.0,0.0,0.0,0.0,0.0,0.0,0.0,0.0,0.0,0.0,0.0,0.0,0.0,0.0,0.0,0.0,0.0,0.0,0.0,0.0,0.0,0.0,0.0,0.0,0.0,0.0,0.0,0.0,0.0,0.0,0.0,0.0,0.0,0.0,0.0,0.0,0.0,0.0,0.0,0.0,0.0,0.0,0.0,0.0,0.0,0.0,0.0,0.0,0.0,0.0,0.0,0.0,0.0,0.0,0.0,0.0,0.0,0.0,0.0,0.0,0.0,0.0,0.0,0.0,0.0,0.0,0.0,0.0,0.0,0.0,0.0,0.0,0.0,0.0,0.0,0.0,0.0,0.0,0.0,0.0,0.0,0.0,0.0,0.0,0.0,0.0,0.0,0.0,0.0,0.0,0.0,0.0,0.0,0.0,0.0,0.0,0.0,0.0,0.0,0.0,0.0,0.0,0.0,0.0,0.0,0.0
Pittsburgh Steelers,6.0,140.0,23.3,374.7,1553.0,258.8,695.0,115.8,22.0,141.0,5.0,0.0,7.0,5.0,0.0,21.0,37.0,0.0,6.0,327.0,106.0,54.0,40.0,29.0,67.0,43.3,1.0,3.0,33.3,36.0,253.0,6.0,46.0,10.0,12.0,83.0,60.0,16.0,16.0,100.0,6.0,33.0,2033.0,61.6,1.0,3.0,32.0,25.2,19.0,894.0,47.1,64.0,7.0,36.8,2.0,10.5,0.0,40.6,6.0,120.0,174.0,29.0,69.0,1218.0,7.0,203.0,14.0,80.0,5.0,9.0,64.0,105.1,6.0,24.0,623.0,26.0,0.0,37.0,7.0,66.0,9.4,0.0,17.0,0.0,0.0,0.0,0.0,0.0,0.0,0.0,0.0,0.0,0.0,6.0,5.0,10.0,5.0,5.0,5.0,0.0,0.0,6.0,1785.0,297.5,1218.0,7.0,10.7,203.0,567.0,3.9,94.5,623.0,26.0,66.0,9.4,253.0
San Francisco 49ers,7.0,138.0,19.7,317.4,1516.0,216.6,706.0,100.9,9.0,60.0,0.0,0.0,8.0,6.0,0.0,7.0,21.0,0.0,7.0,481.0,155.0,100.0,43.0,48.0,101.0,47.5,6.0,10.0,60.0,44.0,358.0,7.0,65.0,18.0,20.0,90.0,59.0,11.0,12.0,92.0,7.0,37.0,2257.0,61.0,8.0,21.6,29.0,20.2,20.0,888.0,44.4,54.0,9.0,45.0,1.0,5.0,0.0,34.7,7.0,178.0,267.0,38.1,66.7,1899.0,7.1,271.3,10.0,56.0,8.0,14.0,91.0,88.7,7.0,22.0,534.0,24.3,0.0,38.0,13.0,115.0,8.8,0.0,18.0,7.0,200.0,28.6,667.0,3.3,95.3,3.0,19.0,43.0,21.5,7.0,-5.0,6.0,0.0,6.0,11.0,0.0,3.0,7.0,2566.0,366.6,1899.0,7.1,11.2,271.3,667.0,3.3,95.3,534.0,24.3,115.0,8.8,358.0
Seattle Seahawks,7.0,136.0,19.4,305.9,1611.0,230.1,530.0,75.7,23.0,165.0,8.0,0.0,0.0,0.0,0.0,28.0,40.0,0.0,7.0,407.0,136.0,78.0,41.0,27.0,81.0,33.3,4.0,6.0,66.7,46.0,389.0,7.0,61.0,13.0,17.0,76.0,56.0,22.0,22.0,100.0,7.0,41.0,2550.0,62.2,6.0,14.6,32.0,18.8,26.0,1276.0,49.1,58.0,10.0,38.5,2.0,7.7,0.0,42.0,7.0,133.0,196.0,28.0,67.9,1711.0,8.7,244.4,12.0,61.0,5.0,9.0,58.0,106.0,7.0,26.0,739.0,28.4,0.0,60.0,16.0,238.0,14.9,1.0,95.0,7.0,202.0,28.9,743.0,3.7,106.1,8.0,31.0,41.0,20.3,7.0,-4.0,8.0,8.0,0.0,12.0,0.0,7.0,7.0,2454.0,350.6,1711.0,8.7,13.3,244.4,743.0,3.7,106.1,739.0,28.4,238.0,14.9,389.0
Tampa Bay Buccaneers,7.0,175.0,25.0,328.0,1603.0,229.0,693.0,99.0,20.0,158.0,5.0,1.0,4.0,3.0,0.0,14.0,30.0,1.0,7.0,434.0,137.0,78.0,40.0,34.0,89.0,38.2,5.0,10.0,50.0,46.0,372.0,7.0,56.0,14.0,18.0,78.0,65.0,14.0,15.0,93.0,7.0,36.0,2193.0,60.9,1.0,2.8,35.0,26.3,29.0,1250.0,43.1,62.0,11.0,37.9,2.0,6.9,2.0,37.4,7.0,157.0,245.0,35.0,64.1,1675.0,6.8,239.3,13.0,77.0,2.0,14.0,92.0,99.8,7.0,31.0,751.0,24.2,0.0,35.0,14.0,199.0,14.2,0.0,54.0,7.0,175.0,25.0,697.0,4.0,99.6,5.0,33.0,40.0,22.9,7.0,4.0,8.0,5.0,3.0,4.0,0.0,2.0,7.0,2372.0,338.9,1675.0,6.8,11.3,239.3,697.0,4.0,99.6,751.0,24.2,199.0,14.2,372.0
Tennessee Titans,0.0,0.0,0.0,0.0,0.0,0.0,0.0,0.0,0.0,0.0,0.0,0.0,0.0,0.0,0.0,0.0,0.0,0.0,7.0,405.0,107.0,68.0,30.0,26.0,92.0,28.3,4.0,10.0,40.0,51.0,380.0,7.0,54.0,16.0,20.0,80.0,57.0,6.0,7.0,86.0,7.0,28.0,1632.0,58.3,7.0,25.0,18.0,17.1,32.0,1523.0,47.6,65.0,11.0,34.4,2.0,6.3,0.0,41.9,7.0,136.0,236.0,33.7,57.6,1119.0,4.7,159.9,4.0,47.0,5.0,30.0,237.0,70.9,7.0,31.0,816.0,26.3,0.0,71.0,7.0,97.0,13.9,0.0,21.0,0.0,0.0,0.0,0.0,0.0,0.0,0.0,0.0,0.0,0.0,7.0,-4.0,8.0,4.0,5.0,12.0,0.0,7.0,7.0,1649.0,235.6,1119.0,4.7,10.0,159.9,530.0,3.8,75.7,816.0,26.3,97.0,13.9,380.0
Washington Commanders,7.0,170.0,24.3,364.3,1668.0,238.3,882.0,126.0,19.0,120.0,2.0,0.0,4.0,1.0,0.0,12.0,31.0,1.0,7.0,414.0,136.0,64.0,53.0,27.0,76.0,35.5,5.0,9.0,55.6,53.0,429.0,7.0,48.0,10.0,14.0,71.0,56.0,18.0,18.0,100.0,7.0,37.0,2108.0,57.0,7.0,18.9,26.0,16.9,22.0,1076.0,48.9,64.0,10.0,45.5,3.0,13.6,0.0,44.6,7.0,124.0,204.0,29.1,60.8,1373.0,6.7,196.1,11.0,56.0,3.0,18.0,84.0,94.3,7.0,30.0,934.0,31.1,0.0,69.0,14.0,194.0,13.9,1.0,90.0,7.0,192.0,27.4,1042.0,5.4,148.9,9.0,60.0,53.0,27.6,7.0,-5.0,3.0,2.0,1.0,8.0,0.0,5.0,7.0,2415.0,345.0,1373.0,6.7,11.8,196.1,1042.0,5.4,148.9,934.0,31.1,194.0,13.9,429.0
