sport,league,game_id,game_date,game_time,home_team,away_team,home_prob,away_prob,away_projected_points,home_projected_points,total_projected_points,total,home_dk_moneyline_american,away_dk_moneyline_american,home_dk_moneyline_decimal,away_dk_moneyline_decimal
Basketball,nba,NBA_2026_03_03_Miami_Heat_Brooklyn_Nets,2026_03_03,08:40 PM,Miami Heat,Brooklyn Nets,0.818,0.182,108.80,118.00,226.80,227,-750,+534,1.133333,6.34
Basketball,nba,NBA_2026_03_03_Toronto_Raptors_New_York_Knicks,2026_03_03,08:40 PM,Toronto Raptors,New York Knicks,0.433,0.567,114.00,111.10,225.10,223.5,+115,-135,2.15,1.740741
Basketball,nba,NBA_2026_03_03_Philadelphia_76ers_San_Antonio_Spurs,2026_03_03,09:10 PM,Philadelphia 76ers,San Antonio Spurs,0.291,0.709,119.10,112.50,231.60,231.5,+252,-310,3.52,1.322581
Basketball,nba,NBA_2026_03_03_Chicago_Bulls_Oklahoma_City_Thunder,2026_03_03,09:10 PM,Chicago Bulls,Oklahoma City Thunder,0.246,0.754,118.90,110.70,229.60,229,+367,-475,4.67,1.210526
Basketball,nba,NBA_2026_03_03_Cleveland_Cavaliers_Detroit_Pistons,2026_03_03,08:10 PM,Cleveland Cavaliers,Detroit Pistons,0.451,0.549,115.50,113.00,228.50,228,-102,-118,1.980392,1.847458
Basketball,nba,NBA_2026_03_03_Charlotte_Hornets_Dallas_Mavericks,2026_03_03,08:10 PM,Charlotte Hornets,Dallas Mavericks,0.8,0.2,111.00,119.70,230.70,229.5,-600,+446,1.166667,5.46
Basketball,nba,NBA_2026_03_03_Orlando_Magic_Washington_Wizards,2026_03_03,08:10 PM,Orlando Magic,Washington Wizards,0.862,0.138,108.70,119.40,228.10,228,-1200,+754,1.083333,8.54
Basketball,nba,NBA_2026_03_03_Los_Angeles_Lakers_New_Orleans_Pelicans,2026_03_03,11:40 PM,Los Angeles Lakers,New Orleans Pelicans,0.777,0.223,114.50,122.50,237.00,236,-450,+350,1.222222,4.5
Basketball,nba,NBA_2026_03_03_Minnesota_Timberwolves_Memphis_Grizzlies,2026_03_03,09:10 PM,Minnesota Timberwolves,Memphis Grizzlies,0.832,0.168,113.90,123.60,237.50,238,-775,+546,1.129032,6.46
