sport,league,game_id,game_date,game_time,home_team,away_team,home_prob,away_prob,away_projected_points,home_projected_points,total_projected_points,total,home_spread,away_spread,home_dk_spread_american,away_dk_spread_american,home_dk_spread_decimal,away_dk_spread_decimal,home_spread_model_prob,away_spread_model_prob,fair_home_spread_decimal,fair_away_spread_decimal,home_acceptable_spread_decimal,away_acceptable_spread_decimal,home_acceptable_spread_american,away_acceptable_spread_american,home_spread_implied_prob,away_spread_implied_prob,home_spread_market_prob,away_spread_market_prob
Basketball,NCAAM,NCAAM_2026_01_01_Coastal_Carolina_Chanticleers_Georgia_Southern_Eagles,2026_01_01,12:00 PM,Coastal Carolina Chanticleers,Georgia Southern Eagles,0.538,0.462,75.8,76.8,152.6,158.5,-1.0,1.0,-110,-105,1.909091,1.952381,0.5,0.5,2.0,2.0,2.2,2.2,+120,+120,0.5238094988662143,0.5121951094586559,0.5056053753594484,0.4943946246405516
Basketball,NCAAM,NCAAM_2026_01_01_North_Alabama_Lions_Stetson_Hatters,2026_01_01,12:00 PM,North Alabama Lions,Stetson Hatters,0.824,0.176,67.8,77.2,145.0,141.5,-9.5,9.5,-110,-110,1.909091,1.909091,0.49644994869669423,0.5035500513033058,2.014301749099282,1.9858999068945882,2.2157319240092104,2.184489897584047,+121,+118,0.5238094988662143,0.5238094988662143,0.5,0.5
Basketball,NCAAM,NCAAM_2026_01_01_VMI_Keydets_Samford_Bulldogs,2026_01_01,12:00 PM,VMI Keydets,Samford Bulldogs,0.272,0.728,80.2,72.6,152.8,152.0,6.0,-6.0,-110,-105,1.909091,1.952381,0.4433897626330422,0.5566102373669578,2.2553520272131746,1.7965893058857405,2.4808872299344924,1.9762482364743148,+148,-102,0.5238094988662143,0.5121951094586559,0.5056053753594484,0.4943946246405516
Basketball,NCAAM,NCAAM_2026_01_01_Youngstown_State_Penguins_Oakland_Golden_Grizzlies,2026_01_01,12:00 PM,Youngstown State Penguins,Oakland Golden Grizzlies,0.543,0.457,76.1,77.3,153.4,156.5,-3.0,3.0,-110,-110,1.909091,1.909091,0.43637043917724305,0.563629560822757,2.291630940641752,1.7742149622887988,2.5207940347059274,1.9516364585176789,+152,-105,0.5238094988662143,0.5238094988662143,0.5,0.5
Basketball,NCAAM,NCAAM_2026_01_01_Central_Arkansas_Bears_Florida_Gulf_Coast_Eagles,2026_01_01,12:00 PM,Central Arkansas Bears,Florida Gulf Coast Eagles,0.389,0.611,78.9,74.6,153.5,155.5,2.0,-2.0,-110,-115,1.909091,1.869565,0.41891425464644017,0.5810857453535598,2.3871233525915487,1.7209164189556105,2.625835687850704,1.8930080608511717,+162,-111,0.5238094988662143,0.5348837831260214,0.49476983350694,0.50523016649306
Basketball,NCAAM,NCAAM_2026_01_01_Purdue_Fort_Wayne_Mastodons_Wisconsin_Green_Bay_Phoenix,2026_01_01,12:00 PM,Purdue Fort Wayne Mastodons,Wisconsin Green Bay Phoenix,0.747,0.253,71.3,78.5,149.8,144.5,-8.5,8.5,-105,-108,1.952381,1.925926,0.45395145660064906,0.5460485433993509,2.2028787119406066,1.8313390120494344,2.4231665831346674,2.014472913254378,+142,+101,0.5121951094586559,0.5192307492603558,0.49658936231711415,0.5034106376828859
Basketball,NCAAM,NCAAM_2026_01_01_Lipscomb_Bisons_Jacksonville_Dolphins,2026_01_01,12:00 PM,Lipscomb Bisons,Jacksonville Dolphins,0.875,0.125,68.0,79.0,147.0,147.0,-13.0,13.0,-105,-115,1.952381,1.869565,0.42937109721780775,0.5706289027821922,2.328987690321243,1.7524524171915241,2.5618864593533677,1.9276976589106767,+156,-107,0.5121951094586559,0.5348837831260214,0.489165728662833,0.510834271337167
Basketball,NCAAM,NCAAM_2026_01_01_North_Dakota_Fighting_Hawks_Oral_Roberts_Golden_Eagles,2026_01_01,12:00 PM,North Dakota Fighting Hawks,Oral Roberts Golden Eagles,0.539,0.461,75.5,76.5,152.0,150.0,-1.5,1.5,-110,-110,1.909091,1.909091,0.4822553642666556,0.5177446357333444,2.073590205721518,1.9314541010812771,2.2809492262936697,2.124599511189405,+128,+112,0.5238094988662143,0.5238094988662143,0.5,0.5
Basketball,NCAAM,NCAAM_2026_01_01_Northern_Kentucky_Norse_IU_Indianapolis_Jaguars,2026_01_01,12:00 PM,Northern Kentucky Norse,IU Indianapolis Jaguars,0.897,0.103,80.3,92.5,172.8,175.5,-14.0,14.0,-105,-108,1.952381,1.925926,0.43637043917724305,0.563629560822757,2.291630940641752,1.7742149622887988,2.5207940347059274,1.9516364585176789,+152,-105,0.5121951094586559,0.5192307492603558,0.49658936231711415,0.5034106376828859
Basketball,NCAAM,NCAAM_2026_01_01_Wright_State_Raiders_Wisconsin_Milwaukee_Panthers,2026_01_01,12:00 PM,Wright State Raiders,Wisconsin Milwaukee Panthers,0.689,0.311,73.8,79.0,152.8,150.0,-6.0,6.0,-110,-110,1.909091,1.909091,0.4716231859327279,0.5283768140672721,2.1203368066442763,1.8925887233815706,2.332370487308704,2.081847595719728,+133,+108,0.5238094988662143,0.5238094988662143,0.5,0.5
Basketball,NCAAM,NCAAM_2026_01_01_Illinois_State_Redbirds_Evansville_Purple_Aces,2026_01_01,12:00 PM,Illinois State Redbirds,Evansville Purple Aces,0.911,0.089,65.1,78.0,143.1,144.0,-13.0,13.0,-110,-110,1.909091,1.909091,0.49644994869669423,0.5035500513033058,2.014301749099282,1.9858999068945882,2.2157319240092104,2.184489897584047,+121,+118,0.5238094988662143,0.5238094988662143,0.5,0.5
Basketball,NCAAM,NCAAM_2026_01_01_Southern_Illinois_Salukis_Valparaiso_Beacons,2026_01_01,12:00 PM,Southern Illinois Salukis,Valparaiso Beacons,0.795,0.205,69.8,78.0,147.8,144.5,-8.0,8.0,-110,-110,1.909091,1.909091,0.5070998214973478,0.4929001785026522,1.971998327759676,2.0288083543362303,2.1691981605356436,2.2316891897698534,+116,+123,0.5238094988662143,0.5238094988662143,0.5,0.5
Basketball,NCAAM,NCAAM_2026_01_01_UT_Arlington_Mavericks_California_Baptist_Lancers,2026_01_01,12:00 PM,UT Arlington Mavericks,California Baptist Lancers,0.426,0.574,70.9,67.4,138.3,134.5,2.5,-2.5,-105,-108,1.952381,1.925926,0.4645458171536805,0.5354541828463195,2.1526401983922745,1.867573420912111,2.367904218231502,2.0543307630033225,+136,+105,0.5121951094586559,0.5192307492603558,0.49658936231711415,0.5034106376828859
Basketball,NCAAM,NCAAM_2026_01_01_UNC_Greensboro_Spartans_Chattanooga_Mocs,2026_01_01,12:00 PM,UNC Greensboro Spartans,Chattanooga Mocs,0.44,0.56,75.3,72.5,147.8,146.0,1.5,-1.5,-105,-110,1.952381,1.909091,0.45395145660064906,0.5460485433993509,2.2028787119406066,1.8313390120494344,2.4231665831346674,2.014472913254378,+142,+101,0.5121951094586559,0.5238094988662143,0.4943946246405516,0.5056053753594484
Basketball,NCAAM,NCAAM_2026_01_01_Weber_State_Wildcats_Portland_State_Vikings,2026_01_01,12:00 PM,Weber State Wildcats,Portland State Vikings,0.508,0.492,74.4,74.1,148.5,148.0,1.0,-1.0,-108,-110,1.925926,1.909091,0.524834625415042,0.475165374584958,1.9053620923146881,2.104530450842443,2.095898301546157,2.3149834959266875,+109,+131,0.5192307492603558,0.5238094988662143,0.4978050944754613,0.5021949055245387
Basketball,NCAAM,NCAAM_2026_01_01_Lindenwood_Lions_Morehead_State_Eagles,2026_01_01,12:00 PM,Lindenwood Lions,Morehead State Eagles,0.783,0.217,68.9,77.0,145.9,147.0,-7.5,7.5,-110,-110,1.909091,1.909091,0.5212904727341325,0.47870952726586746,1.9183162791275832,2.0889494422880293,2.1101479070403415,2.2978443865168323,+111,+129,0.5238094988662143,0.5238094988662143,0.5,0.5
Basketball,NCAAM,NCAAM_2026_01_01_SIU_Edwardsville_Cougars_Southern_Indiana_Screaming_Eagles,2026_01_01,12:00 PM,SIU Edwardsville Cougars,Southern Indiana Screaming Eagles,0.85,0.15,65.9,76.0,141.9,138.5,-10.0,10.0,-106,-108,1.943396,1.925926,0.5035500513033058,0.49644994869669423,1.9858999068945882,2.014301749099282,2.184489897584047,2.2157319240092104,+118,+121,0.5145631667452233,0.5192307492603558,0.49774249855659464,0.5022575014434053
Basketball,NCAAM,NCAAM_2026_01_01_Tennessee_Martin_Skyhawks_Western_Illinois_Leathernecks,2026_01_01,12:00 PM,Tennessee Martin Skyhawks,Western Illinois Leathernecks,0.917,0.083,62.6,76.2,138.8,138.0,-13.5,13.5,-114,-105,1.877193,1.952381,0.503550051303306,0.496449948696694,1.9858999068945873,2.0143017490992827,2.1844898975840463,2.2157319240092113,+118,+121,0.5327102753952311,0.5121951094586559,0.509816757686364,0.4901832423136359
Basketball,NCAAM,NCAAM_2026_01_01_California_State_Bakersfield_Roadrunners_UC_Irvine_Anteaters,2026_01_01,12:00 PM,California State Bakersfield Roadrunners,UC Irvine Anteaters,0.147,0.853,76.3,64.8,141.1,143.5,10.0,-10.0,-110,-110,1.909091,1.909091,0.44690623926369555,0.5530937607363045,2.237605815590221,1.8080117169804137,2.461366397149243,1.9888128886784553,+146,-101,0.5238094988662143,0.5238094988662143,0.5,0.5
Basketball,NCAAM,NCAAM_2026_01_01_Louisiana_Monroe_Warhawks_Southern_Miss_Golden_Eagles,2026_01_01,12:00 PM,Louisiana Monroe Warhawks,Southern Miss Golden Eagles,0.124,0.876,80.8,68.6,149.4,152.0,8.5,-8.5,-110,-110,1.909091,1.909091,0.3709815801242434,0.6290184198757566,2.6955516219028866,1.5897785635554513,2.9651067840931753,1.7487564199109966,+196,-133,0.5238094988662143,0.5238094988662143,0.5,0.5
Basketball,NCAAM,NCAAM_2026_01_01_UC_Davis_Aggies_Cal_State_Northridge_Matadors,2026_01_01,12:00 PM,UC Davis Aggies,Cal State Northridge Matadors,0.637,0.363,74.5,78.4,152.9,163.0,-4.0,4.0,-110,-110,1.909091,1.909091,0.49644994869669423,0.5035500513033058,2.014301749099282,1.9858999068945882,2.2157319240092104,2.184489897584047,+121,+118,0.5238094988662143,0.5238094988662143,0.5,0.5
Basketball,NCAAM,NCAAM_2026_01_01_South_Dakota_State_Jackrabbits_Omaha_Mavericks,2026_01_01,12:00 PM,South Dakota State Jackrabbits,Omaha Mavericks,0.784,0.216,72.4,80.4,152.8,153.0,-10.0,10.0,-109,-111,1.917431,1.900901,0.42937109721780775,0.5706289027821922,2.328987690321243,1.7524524171915241,2.5618864593533677,1.9276976589106767,+156,-107,0.5215311528811206,0.526066323285642,0.49783544228212734,0.5021645577178726
Basketball,NCAAM,NCAAM_2026_01_01_Little_Rock_Trojans_Tennessee_Tech_Golden_Eagles,2026_01_01,12:00 PM,Little Rock Trojans,Tennessee Tech Golden Eagles,0.449,0.551,74.1,71.4,145.5,143.5,-1.5,1.5,-110,-110,1.909091,1.909091,0.35429567831451736,0.6457043216854826,2.8225012643599743,1.5486964643347887,3.104751390795972,1.7035661107682678,+210,-142,0.5238094988662143,0.5238094988662143,0.5,0.5
Basketball,NCAAM,NCAAM_2026_01_01_Montana_Grizzlies_Northern_Arizona_Lumberjacks,2026_01_01,12:00 PM,Montana Grizzlies,Northern Arizona Lumberjacks,0.811,0.189,71.6,80.3,151.9,150.0,-5.5,5.5,-110,-110,1.909091,1.909091,0.6120863141936201,0.38791368580637986,1.633756509190094,2.5778930638171196,1.7971321601091037,2.835682370198832,-125,+183,0.5238094988662143,0.5238094988662143,0.5,0.5
Basketball,NCAAM,NCAAM_2026_01_01_Belmont_Bruins_Bradley_University_Braves,2026_01_01,12:00 PM,Belmont Bruins,Bradley University Braves,0.698,0.302,73.1,78.3,151.4,153.0,-5.5,5.5,-105,-115,1.952381,1.869565,0.4893509704603626,0.5106490295396374,2.043523075185155,1.958292177508933,2.2478753827036706,2.1541213952598266,+124,+115,0.5121951094586559,0.5348837831260214,0.489165728662833,0.510834271337167
Basketball,NCAAM,NCAAM_2026_01_01_Queens_Royals_Eastern_Kentucky_Colonels,2026_01_01,12:00 PM,Queens Royals,Eastern Kentucky Colonels,0.667,0.333,80.1,84.7,164.8,164.0,-5.0,5.0,-110,-110,1.909091,1.909091,0.4858026054787853,0.5141973945212147,2.0584492316883414,1.9447784268357315,2.2642941548571756,2.1392562695193047,+126,+113,0.5238094988662143,0.5238094988662143,0.5,0.5
Basketball,NCAAM,NCAAM_2026_01_01_West_Georgia_Wolves_Bellarmine_Knights,2026_01_01,12:00 PM,West Georgia Wolves,Bellarmine Knights,0.471,0.529,78.6,76.7,155.3,151.0,1.0,-1.0,-110,-110,1.909091,1.909091,0.46808324055202066,0.5319167594479793,2.1363721521425942,1.879993405430194,2.350009367356854,2.0679927459732137,+135,+106,0.5238094988662143,0.5238094988662143,0.5,0.5
Basketball,NCAAM,NCAAM_2026_01_01_Abilene_Christian_Wildcats_Utah_Tech_Trailblazers,2026_01_01,12:00 PM,Abilene Christian Wildcats,Utah Tech Trailblazers,0.688,0.312,67.9,73.0,140.9,138.0,-5.5,5.5,-110,-109,1.909091,1.917431,0.48580260547878473,0.5141973945212153,2.0584492316883436,1.9447784268357295,2.264294154857178,2.1392562695193025,+126,+113,0.5238094988662143,0.5215311528811206,0.501089762452692,0.498910237547308
Basketball,NCAAM,NCAAM_2026_01_01_Austin_Peay_Governors_North_Florida_Ospreys,2026_01_01,12:00 PM,Austin Peay Governors,North Florida Ospreys,0.944,0.056,71.5,87.5,159.0,161.5,-15.0,15.0,-105,-110,1.952381,1.909091,0.5354541828463195,0.4645458171536805,1.867573420912111,2.1526401983922745,2.0543307630033225,2.367904218231502,+105,+136,0.5121951094586559,0.5238094988662143,0.4943946246405516,0.5056053753594484
Basketball,NCAAM,NCAAM_2026_01_01_Northern_Iowa_Panthers_Indiana_State_Sycamores,2026_01_01,12:00 PM,Northern Iowa Panthers,Indiana State Sycamores,0.877,0.123,63.6,74.6,138.2,133.5,-10.5,10.5,-101,-105,1.990099,1.952381,0.5177446357333442,0.48225536426665583,1.931454101081278,2.073590205721517,2.124599511189406,2.280949226293669,+112,+128,0.5024875646889928,0.5121951094586559,0.49521646273411657,0.5047835372658834
Basketball,NCAAM,NCAAM_2026_01_01_Tarleton_State_Texans_Utah_Valley_Wolverines,2026_01_01,12:00 PM,Tarleton State Texans,Utah Valley Wolverines,0.368,0.632,74.3,69.5,143.8,143.0,5.0,-5.0,-110,-110,1.909091,1.909091,0.5070998214973478,0.4929001785026522,1.971998327759676,2.0288083543362303,2.1691981605356436,2.2316891897698534,+116,+123,0.5238094988662143,0.5238094988662143,0.5,0.5
Basketball,NCAAM,NCAAM_2026_01_01_UC_Riverside_Highlanders_Hawaii_Rainbow_Warriors,2026_01_01,12:00 PM,UC Riverside Highlanders,Hawaii Rainbow Warriors,0.131,0.869,78.8,66.9,145.7,150.0,8.0,-8.0,104,-126,2.04,1.793651,0.3642760213605929,0.6357239786394071,2.7451710828095126,1.5730097237172427,3.0196881910904643,1.7303106960889671,+201,-136,0.49019607843137253,0.5575220597540993,0.4678701843229861,0.5321298156770139
Basketball,NCAAM,NCAAM_2026_01_01_Southeast_Missouri_State_Redhawks_Eastern_Illinois_Panthers,2026_01_01,12:00 PM,Southeast Missouri State Redhawks,Eastern Illinois Panthers,0.845,0.155,67.4,77.4,144.8,146.5,-12.5,12.5,-108,-108,1.925926,1.925926,0.4119742417714385,0.5880257582285615,2.427336223012689,1.7006057745030057,2.670069845313958,1.8706663519533064,+167,-114,0.5192307492603558,0.5192307492603558,0.5,0.5
Basketball,NCAAM,NCAAM_2026_01_01_Idaho_State_Bengals_Sacramento_State_Hornets,2026_01_01,12:00 PM,Idaho State Bengals,Sacramento State Hornets,0.864,0.136,68.0,78.6,146.6,148.0,-11.0,11.0,-110,-110,1.909091,1.909091,0.48580260547878473,0.5141973945212153,2.0584492316883436,1.9447784268357295,2.264294154857178,2.1392562695193025,+126,+113,0.5238094988662143,0.5238094988662143,0.5,0.5
Basketball,NCAAM,NCAAM_2026_01_01_Illinois_Chicago_Murray_State_Racers,2026_01_01,12:00 PM,Illinois Chicago,Murray State Racers,0.251,0.749,82.8,74.5,157.3,159.5,5.5,-5.5,-115,-105,1.869565,1.952381,0.4016162897765967,0.5983837102234033,2.489938843258227,1.6711684875690473,2.7389327275840496,1.8382853363259521,+173,-119,0.5348837831260214,0.5121951094586559,0.510834271337167,0.489165728662833
Basketball,NCAAM,NCAAM_2026_01_01_Montana_State_Bobcats_Northern_Colorado_Bears,2026_01_01,12:00 PM,Montana State Bobcats,Northern Colorado Bears,0.479,0.521,76.0,74.5,150.5,152.0,-3.0,3.0,-110,-108,1.909091,1.925926,0.34441441529354166,0.6555855847064583,2.903478935827085,1.5253538566558855,3.193826829409794,1.6778892423214742,+219,-147,0.5238094988662143,0.5192307492603558,0.5021949055245387,0.4978050944754613
Basketball,NCAAM,NCAAM_2026_01_01_Cal_Poly_Mustangs_UC_San_Diego_Tritons,2026_01_01,12:00 PM,Cal Poly Mustangs,UC San Diego Tritons,0.165,0.835,87.6,76.8,164.4,171.0,8.5,-8.5,-106,-107,1.943396,1.934579,0.4189142546464406,0.5810857453535594,2.387123352591546,1.7209164189556119,2.6258356878507008,1.8930080608511732,+162,-111,0.5145631667452233,0.516908329926046,0.4988631953532449,0.5011368046467551
Basketball,NCAAM,NCAAM_2026_01_01_Cal_State_Fullerton_Titans_UC_Santa_Barbara_Gauchos,2026_01_01,12:00 PM,Cal State Fullerton Titans,UC Santa Barbara Gauchos,0.292,0.708,82.4,75.8,158.2,155.5,3.5,-3.5,-108,-108,1.925926,1.925926,0.39132700420737654,0.6086729957926235,2.5554075983728137,1.6429182942439962,2.810948358210095,1.807210123668396,+181,-123,0.5192307492603558,0.5192307492603558,0.5,0.5
