"game_id","season","week","game_date","home_team","away_team","home_score","away_score","odds_total","home_spread","away_spread","final_total","surface","weather_icon","temperature","precip_probability","precip_type","wind_speed","wind_bearing"
"401772510","2025","1","2025-09-04 00:00:00","Philadelphia Eagles","Dallas Cowboys","24","20","47.5","-8","8","44","Grass","Rain","73.8","100%","Rain","10.6","170"
"401772714","2025","1","2025-09-05 00:00:00","Los Angeles Chargers","Kansas City Chiefs","27","21","47.5","3","-3","48","Turf","","","","","",""
"401772830","2025","1","2025-09-07 00:00:00","Atlanta Falcons","Tampa Bay Buccaneers","20","23","47.0","-1","1","43","Dome","","","","","",""
"401772829","2025","1","2025-09-07 00:00:00","Cleveland Browns","Cincinnati Bengals","16","17","48.0","4.5","-4.5","33","Grass","Partly Cloudy Day","63.1","","","7","310"
"401772719","2025","1","2025-09-07 00:00:00","Indianapolis Colts","Miami Dolphins","33","8","47.0","-1","1","41","Dome","","","","","",""
"401772828","2025","1","2025-09-07 00:00:00","Jacksonville Jaguars","Carolina Panthers","26","10","45.0","-4.5","4.5","36","Grass","Partly Cloudy Day","85.3","","","5.9","104"
"401772720","2025","1","2025-09-07 00:00:00","New England Patriots","Las Vegas Raiders","13","20","44.5","-2.5","2.5","33","Turf","Rain","62.1","100%","Rain","1.3","353"
"401772718","2025","1","2025-09-07 00:00:00","New Orleans Saints","Arizona Cardinals","13","20","44.5","5.5","-5.5","33","Dome","","","","","",""
"401772721","2025","1","2025-09-07 00:00:00","New York Jets","Pittsburgh Steelers","32","34","38.0","3","-3","66","Turf","Rain","64.2","100%","Rain","",""
"401772827","2025","1","2025-09-07 00:00:00","Washington Commanders","New York Giants","21","6","45.5","-6","6","27","Grass","Cloudy","69.6","","","4.1","357"
"401772832","2025","1","2025-09-07 00:00:00","Denver Broncos","Tennessee Titans","20","12","42.5","-8.5","8.5","32","Grass","Partly Cloudy Day","79.2","","","1.2","38"
"401772831","2025","1","2025-09-07 00:00:00","Seattle Seahawks","San Francisco 49ers","13","17","43.5","2","-2","30","Turf","Cloudy","67.9","","","6.6","174"
"401772722","2025","1","2025-09-07 00:00:00","Green Bay Packers","Detroit Lions","27","13","48.0","-1","1","40","Grass","Cloudy","63","","","5.8","291"
"401772723","2025","1","2025-09-07 00:00:00","Los Angeles Rams","Houston Texans","14","9","43.0","-3","3","23","Dome","","","","","",""
"401772918","2025","1","2025-09-07 00:00:00","Buffalo Bills","Baltimore Ravens","41","40","51.5","1","-1","81","Turf","Partly Cloudy Night","59.8","","","11.8","245"
"401772810","2025","1","2025-09-08 00:00:00","Chicago Bears","Minnesota Vikings","24","27","43.5","1.5","-1.5","51","Grass","Partly Cloudy Day","69","","","7.5","203"
"401772936","2025","2","2025-09-11 00:00:00","Green Bay Packers","Washington Commanders","27","18","48.0","-3","3","45","Grass","Cloudy","64.1","","","6.8","20"
"401772726","2025","2","2025-09-14 00:00:00","Baltimore Ravens","Cleveland Browns","41","17","46.5","-12.5","12.5","58","Grass","Clear Day","80.8","","","5.2","97"
"401772725","2025","2","2025-09-14 00:00:00","Cincinnati Bengals","Jacksonville Jaguars","31","27","49.5","-3.5","3.5","58","Turf","Clear Day","83.6","","","4.6","38"
"401772834","2025","2","2025-09-14 00:00:00","Dallas Cowboys","New York Giants","40","37","44.5","-4.5","4.5","77","Dome","","","","","",""
"401772835","2025","2","2025-09-14 00:00:00","Detroit Lions","Chicago Bears","52","21","46.0","-6","6","73","Dome","","","","","",""
"401772728","2025","2","2025-09-14 00:00:00","Miami Dolphins","New England Patriots","27","33","43.0","-2.5","2.5","60","Grass","Partly Cloudy Day","90.4","","","3.6","270"
"401772833","2025","2","2025-09-14 00:00:00","New Orleans Saints","San Francisco 49ers","21","26","40.5","3","-3","47","Dome","","","","","",""
"401772727","2025","2","2025-09-14 00:00:00","New York Jets","Buffalo Bills","10","30","47.0","5.5","-5.5","40","Turf","Clear Day","81.4","","","4.1","75"
"401772836","2025","2","2025-09-14 00:00:00","Pittsburgh Steelers","Seattle Seahawks","17","31","40.5","-3.5","3.5","48","Grass","Clear Day","79","","","3.4","8"
"401772724","2025","2","2025-09-14 00:00:00","Tennessee Titans","Los Angeles Rams","19","33","41.0","5.5","-5.5","52","Grass","Partly Cloudy Day","84.5","","","",""
"401772730","2025","2","2025-09-14 00:00:00","Arizona Cardinals","Carolina Panthers","27","22","45.5","-7","7","49","Dome","","","","","",""
"401772729","2025","2","2025-09-14 00:00:00","Indianapolis Colts","Denver Broncos","29","28","43.5","1","-1","57","Dome","","","","","",""
"401772837","2025","2","2025-09-14 00:00:00","Kansas City Chiefs","Philadelphia Eagles","17","20","47.0","1","-1","37","Grass","Clear Day","88.9","","","11","178"
"401772919","2025","2","2025-09-14 00:00:00","Minnesota Vikings","Atlanta Falcons","6","22","44.5","-3","3","28","Dome","","","","","",""
"401772715","2025","2","2025-09-15 00:00:00","Houston Texans","Tampa Bay Buccaneers","19","20","42.5","-2.5","2.5","39","Dome","","","","","",""
"401772811","2025","2","2025-09-15 00:00:00","Las Vegas Raiders","Los Angeles Chargers","9","20","46.5","3.5","-3.5","29","Dome","","","","","",""
"401772937","2025","3","2025-09-18 00:00:00","Buffalo Bills","Miami Dolphins","31","21","50.5","-11","11","52","Turf","Partly Cloudy Night","70.1","","","9","224"
"401772838","2025","3","2025-09-21 00:00:00","Carolina Panthers","Atlanta Falcons","30","0","44.0","4.5","-4.5","30","Grass","Partly Cloudy Day","82","","","4.8","91"
"401772842","2025","3","2025-09-21 00:00:00","Cleveland Browns","Green Bay Packers","13","10","40.5","7.5","-7.5","23","Grass","Clear Day","83.9","","","12.6","151"
"401772734","2025","3","2025-09-21 00:00:00","Jacksonville Jaguars","Houston Texans","17","10","43.0","-1","1","27","Grass","Partly Cloudy Day","84.6","","","11.1","47"
"401772731","2025","3","2025-09-21 00:00:00","Minnesota Vikings","Cincinnati Bengals","48","10","42.5","-3","3","58","Dome","","","","","",""
"401772732","2025","3","2025-09-21 00:00:00","New England Patriots","Pittsburgh Steelers","14","21","44.5","1","-1","35","Turf","Partly Cloudy Day","67.1","","","7","86"
"401772839","2025","3","2025-09-21 00:00:00","Philadelphia Eagles","Los Angeles Rams","33","26","45.5","-3.5","3.5","59","Grass","Partly Cloudy Day","74.5","","","9.3","116"
"401772840","2025","3","2025-09-21 00:00:00","Tampa Bay Buccaneers","New York Jets","29","27","43.0","-6.5","6.5","56","Grass","Partly Cloudy Day","89.9","","","5.8","51"
"401772733","2025","3","2025-09-21 00:00:00","Tennessee Titans","Indianapolis Colts","20","41","42.5","6","-6","61","Grass","Partly Cloudy Day","83.6","","","2.2","360"
"401772841","2025","3","2025-09-21 00:00:00","Washington Commanders","Las Vegas Raiders","41","24","44.0","-3","3","65","Grass","Cloudy","72.4","","","5.3","92"
"401772735","2025","3","2025-09-21 00:00:00","Los Angeles Chargers","Denver Broncos","23","20","45.5","-2.5","2.5","43","Dome","","","","","",""
"401772736","2025","3","2025-09-21 00:00:00","Seattle Seahawks","New Orleans Saints","44","13","41.5","-7","7","57","Turf","Partly Cloudy Day","61.9","","","7.8","38"
"401772844","2025","3","2025-09-21 00:00:00","Chicago Bears","Dallas Cowboys","31","14","50.0","1.5","-1.5","45","Grass","Partly Cloudy Day","82.4","","","12.1","220"
"401772843","2025","3","2025-09-21 00:00:00","San Francisco 49ers","Arizona Cardinals","16","15","44.5","-1.5","1.5","31","Grass","Clear Day","73.1","","","2.6","348"
"401772920","2025","3","2025-09-21 00:00:00","New York Giants","Kansas City Chiefs","9","22","44.5","6","-6","31","Turf","Clear Night","64.6","","","4.7","154"
"401772812","2025","3","2025-09-22 00:00:00","Baltimore Ravens","Detroit Lions","30","38","54.0","-4.5","4.5","68","Grass","Clear Night","70.9","","","6.8","171"
"401772938","2025","4","2025-09-25 00:00:00","Arizona Cardinals","Seattle Seahawks","20","23","43.5","1","-1","43","Dome","","","","","",""
"401772632","2025","4","2025-09-28 00:00:00","Pittsburgh Steelers","Minnesota Vikings","24","21","41.0","2.5","-2.5","45","Grass","Partly Cloudy Day","57.1","","","6.1","260"
"401772739","2025","4","2025-09-28 00:00:00","Atlanta Falcons","Washington Commanders","34","27","43.5","-2.5","2.5","61","Dome","","","","","",""
"401772740","2025","4","2025-09-28 00:00:00","Buffalo Bills","New Orleans Saints","31","19","48.5","-14.5","14.5","50","Turf","Partly Cloudy Day","75.2","","","5.9","342"
"401772846","2025","4","2025-09-28 00:00:00","Detroit Lions","Cleveland Browns","34","10","44.5","-10","10","44","Dome","","","","","",""
"401772738","2025","4","2025-09-28 00:00:00","Houston Texans","Tennessee Titans","26","0","40.0","-7","7","26","Dome","","","","","",""
"401772847","2025","4","2025-09-28 00:00:00","New England Patriots","Carolina Panthers","42","13","42.5","-5.5","5.5","55","Turf","Clear Day","78.2","","","9.1","237"
"401772737","2025","4","2025-09-28 00:00:00","New York Giants","Los Angeles Chargers","21","18","42.5","6","-6","39","Turf","Clear Day","80.3","","","0.9",""
"401772845","2025","4","2025-09-28 00:00:00","Tampa Bay Buccaneers","Philadelphia Eagles","25","31","44.0","3.5","-3.5","56","Grass","Partly Cloudy Day","91.9","","","6.9","12"
"401772849","2025","4","2025-09-28 00:00:00","Los Angeles Rams","Indianapolis Colts","27","20","49.5","-3.5","3.5","47","Dome","","","","","",""
"401772848","2025","4","2025-09-28 00:00:00","San Francisco 49ers","Jacksonville Jaguars","21","26","46.0","-3","3","47","Grass","Cloudy","71.7","","","12.7","180"
"401772741","2025","4","2025-09-28 00:00:00","Kansas City Chiefs","Baltimore Ravens","37","20","48.5","2.5","-2.5","57","Grass","Clear Day","88.4","","","9.5","220"
"401772742","2025","4","2025-09-28 00:00:00","Las Vegas Raiders","Chicago Bears","24","25","47.5","-2","2","49","Dome","","","","","",""
"401772921","2025","4","2025-09-28 00:00:00","Dallas Cowboys","Green Bay Packers","40","40","46.5","6.5","-6.5","80","Dome","","","","","",""
"401772813","2025","4","2025-09-29 00:00:00","Miami Dolphins","New York Jets","27","21","44.0","-2.5","2.5","48","Grass","Clear Day","87.3","","","14.3","303"
"401772716","2025","4","2025-09-29 00:00:00","Denver Broncos","Cincinnati Bengals","28","3","44.5","-7.5","7.5","31","Grass","Rain","61.1","100%","Rain","8.8","148"
"401772939","2025","5","2025-10-02 00:00:00","Los Angeles Rams","San Francisco 49ers","23","26","43.5","-8","8","49","Dome","","","","","",""
"401772633","2025","5","2025-10-05 00:00:00","Cleveland Browns","Minnesota Vikings","17","21","35.5","3.5","-3.5","38","Turf","Partly Cloudy Day","61.1","","","18.8","286"
"401772743","2025","5","2025-10-05 00:00:00","Baltimore Ravens","Houston Texans","10","44","41.5","2.5","-2.5","54","Grass","Partly Cloudy Day","77.6","","","1.2","12"
"401772852","2025","5","2025-10-05 00:00:00","Carolina Panthers","Miami Dolphins","27","24","44.0","1","-1","51","Grass","Partly Cloudy Day","76.6","","","7.8","99"
"401772851","2025","5","2025-10-05 00:00:00","Indianapolis Colts","Las Vegas Raiders","40","6","46.5","-7","7","46","Dome","","","","","",""
"401772744","2025","5","2025-10-05 00:00:00","New Orleans Saints","New York Giants","26","14","42.0","-2.5","2.5","40","Dome","","","","","",""
"401772850","2025","5","2025-10-05 00:00:00","New York Jets","Dallas Cowboys","22","37","47.5","-1.5","1.5","59","Turf","Clear Day","82.1","","","3.7","264"
"401772745","2025","5","2025-10-05 00:00:00","Philadelphia Eagles","Denver Broncos","17","21","44.0","-4","4","38","Grass","Clear Day","80.2","","","7.7","228"
"401772747","2025","5","2025-10-05 00:00:00","Arizona Cardinals","Tennessee Titans","21","22","41.5","-7.5","7.5","43","Dome","","","","","",""
"401772746","2025","5","2025-10-05 00:00:00","Seattle Seahawks","Tampa Bay Buccaneers","35","38","44.5","-3.5","3.5","73","Turf","Partly Cloudy Day","61.1","","","8.3","325"
"401772854","2025","5","2025-10-05 00:00:00","Cincinnati Bengals","Detroit Lions","24","37","49.0","10","-10","61","Turf","Partly Cloudy Day","81.1","","","1.7","315"
"401772853","2025","5","2025-10-05 00:00:00","Los Angeles Chargers","Washington Commanders","10","27","48.5","-3","3","37","Dome","","","","","",""
"401772922","2025","5","2025-10-05 00:00:00","Buffalo Bills","New England Patriots","20","23","49.0","-7.5","7.5","43","Turf","Clear Night","68.5","","","4.6","256"
"401772814","2025","5","2025-10-06 00:00:00","Jacksonville Jaguars","Kansas City Chiefs","31","28","45.5","3.5","-3.5","59","Grass","Partly Cloudy Night","77.9","","","8.2","87"
"401772940","2025","6","2025-10-09 00:00:00","New York Giants","Philadelphia Eagles","34","17","41.0","7.5","-7.5","51","Turf","Clear Night","53.4","","","4.4","22"
"401772634","2025","6","2025-10-12 00:00:00","New York Jets","Denver Broncos","11","13","43.5","7","-7","24","Turf","Partly Cloudy Day","57.3","","","5.2","87"
"401772855","2025","6","2025-10-12 00:00:00","Baltimore Ravens","Los Angeles Rams","3","17","43.5","7","-7","20","Grass","Cloudy","65.2","","","17.1","44"
"401772858","2025","6","2025-10-12 00:00:00","Carolina Panthers","Dallas Cowboys","30","27","46.5","3","-3","57","Grass","Cloudy","71.6","","","13.9","17"
"401772856","2025","6","2025-10-12 00:00:00","Indianapolis Colts","Arizona Cardinals","31","27","46.5","-8.5","8.5","58","Dome","","","","","",""
"401772857","2025","6","2025-10-12 00:00:00","Jacksonville Jaguars","Seattle Seahawks","12","20","47.5","1","-1","32","Grass","Partly Cloudy Day","76.6","","","8.5","333"
"401772750","2025","6","2025-10-12 00:00:00","Miami Dolphins","Los Angeles Chargers","27","29","45.5","3.5","-3.5","56","Grass","Partly Cloudy Day","86","","","3.7","303"
"401772751","2025","6","2025-10-12 00:00:00","New Orleans Saints","New England Patriots","19","25","46.0","3","-3","44","Dome","","","","","",""
"401772748","2025","6","2025-10-12 00:00:00","Pittsburgh Steelers","Cleveland Browns","23","9","38.0","-6.5","6.5","32","Grass","Cloudy","64","","","8.5","98"
"401772859","2025","6","2025-10-12 00:00:00","Las Vegas Raiders","Tennessee Titans","20","10","41.5","-3.5","3.5","30","Dome","","","","","",""
"401772752","2025","6","2025-10-12 00:00:00","Green Bay Packers","Cincinnati Bengals","27","18","44.5","-14","14","45","Grass","Partly Cloudy Day","65.8","","","13.8","150"
"401772749","2025","6","2025-10-12 00:00:00","Tampa Bay Buccaneers","San Francisco 49ers","30","19","47.0","-3.5","3.5","49","Grass","Partly Cloudy Day","83.7","","","8.2","311"
"401772923","2025","6","2025-10-12 00:00:00","Kansas City Chiefs","Detroit Lions","30","17","51.5","-2.5","2.5","47","Grass","Cloudy","82.7","","","10.5","175"
"401772815","2025","6","2025-10-13 00:00:00","Atlanta Falcons","Buffalo Bills","24","14","49.5","3.5","-3.5","38","Dome","","","","","",""
"401772717","2025","6","2025-10-13 00:00:00","Washington Commanders","Chicago Bears","24","25","49.0","-5.5","5.5","49","Grass","Rain","56.9","100%","Rain","15.7","348"
"401772941","2025","7","2025-10-16 00:00:00","Cincinnati Bengals","Pittsburgh Steelers","33","31","45.0","5.5","-5.5","64","Turf","Clear Night","56.6","","","1.7","19"
"401772635","2025","7","2025-10-19 00:00:00","Jacksonville Jaguars","Los Angeles Rams","7","35","44.0","3","-3","42","Grass","Rain","58.8","100%","Rain","9.3","141"
"401772861","2025","7","2025-10-19 00:00:00","Chicago Bears","New Orleans Saints","26","14","43.5","-3.5","3.5","40","Grass","Rain","50","100%","Rain","12.8","291"
"401772754","2025","7","2025-10-19 00:00:00","Cleveland Browns","Miami Dolphins","31","6","34.5","-2.5","2.5","37","Grass","Rain","65","100%","Rain","18.2","182"
"401772753","2025","7","2025-10-19 00:00:00","Kansas City Chiefs","Las Vegas Raiders","31","0","44.5","-13","13","31","Grass","Clear Day","60.2","","","10.3","294"
"401772862","2025","7","2025-10-19 00:00:00","Minnesota Vikings","Philadelphia Eagles","22","28","44.0","2.5","-2.5","50","Dome","","","","","",""
"401772860","2025","7","2025-10-19 00:00:00","New York Jets","Carolina Panthers","6","13","41.0","1","-1","19","Turf","Clear Day","70.8","","","13.6","168"
"401772755","2025","7","2025-10-19 00:00:00","Tennessee Titans","New England Patriots","13","31","41.0","6.5","-6.5","44","Grass","Cloudy","59.4","","","19.1","295"
"401772757","2025","7","2025-10-19 00:00:00","Denver Broncos","New York Giants","33","32","41.0","-8","8","65","Grass","Partly Cloudy Day","74.4","","","3.2","87"
"401772756","2025","7","2025-10-19 00:00:00","Los Angeles Chargers","Indianapolis Colts","24","38","49.0","-2.5","2.5","62","Dome","","","","","",""
"401772863","2025","7","2025-10-19 00:00:00","Arizona Cardinals","Green Bay Packers","23","27","44.5","7","-7","50","Dome","","","","","",""
"401772864","2025","7","2025-10-19 00:00:00","Dallas Cowboys","Washington Commanders","44","22","55.5","-1.5","1.5","66","Dome","","","","","",""
"401772924","2025","7","2025-10-19 00:00:00","San Francisco 49ers","Atlanta Falcons","20","10","47.0","1","-1","30","Grass","Clear Day","73.7","","","8","326"
"401772816","2025","7","2025-10-20 00:00:00","Detroit Lions","Tampa Bay Buccaneers","24","9","54.0","-6","6","33","Dome","","","","","",""
"401772826","2025","7","2025-10-20 00:00:00","Seattle Seahawks","Houston Texans","27","19","41.5","-3","3","46","Turf","Partly Cloudy Night","56.5","","","3.5","85"
"401772942","2025","8","2025-10-23 00:00:00","Los Angeles Chargers","Minnesota Vikings","37","10","45.0","-3","3","47","Dome","","","","","",""
"401772760","2025","8","2025-10-26 00:00:00","Atlanta Falcons","Miami Dolphins","10","34","44.0","-7","7","44","Dome","","","","","",""
"401772759","2025","8","2025-10-26 00:00:00","Baltimore Ravens","Chicago Bears","30","16","45.0","-2.5","2.5","46","Grass","Partly Cloudy Day","59.4","","","4.3","45"
"401772865","2025","8","2025-10-26 00:00:00","Carolina Panthers","Buffalo Bills","9","40","47.5","7","-7","49","Grass","Partly Cloudy Day","63","","","10.2","55"
"401772758","2025","8","2025-10-26 00:00:00","Cincinnati Bengals","New York Jets","38","39","44.0","-5.5","5.5","77","Turf","Partly Cloudy Day","59.2","","","8.9","80"
"401772866","2025","8","2025-10-26 00:00:00","Houston Texans","San Francisco 49ers","26","15","41.0","-3","3","41","Dome","","","","","",""
"401772868","2025","8","2025-10-26 00:00:00","New England Patriots","Cleveland Browns","32","13","40.5","-7","7","45","Turf","Clear Day","55.1","","","10.2","310"
"401772867","2025","8","2025-10-26 00:00:00","Philadelphia Eagles","New York Giants","38","20","43.0","-7.5","7.5","58","Grass","Partly Cloudy Day","61.1","","","3.6","306"
"401772869","2025","8","2025-10-26 00:00:00","New Orleans Saints","Tampa Bay Buccaneers","3","23","46.0","3.5","-3.5","26","Dome","","","","","",""
"401772762","2025","8","2025-10-26 00:00:00","Denver Broncos","Dallas Cowboys","44","24","52.0","-4","4","68","Grass","Partly Cloudy Day","67.8","","","7.6","55"
"401772761","2025","8","2025-10-26 00:00:00","Indianapolis Colts","Tennessee Titans","38","14","47.5","-14.5","14.5","52","Dome","","","","","",""
"401772925","2025","8","2025-10-26 00:00:00","Pittsburgh Steelers","Green Bay Packers","25","35","46.0","2.5","-2.5","60","Grass","Clear Night","47.5","","","4","26"
"401772817","2025","8","2025-10-27 00:00:00","Kansas City Chiefs","Washington Commanders","28","7","48.0","-10.5","10.5","35","Grass","Cloudy","53.9","","","6","77"
"401772943","2025","9","2025-10-30 00:00:00","Miami Dolphins","Baltimore Ravens","6","28","51.5","2.5","-2.5","34","Grass","","","","","",""
"401772765","2025","9","2025-11-02 00:00:00","Cincinnati Bengals","Chicago Bears","42","47","51.0","3","-3","89","Turf","Cloudy","49.5","","","0.8","26"
"401772871","2025","9","2025-11-02 00:00:00","Detroit Lions","Minnesota Vikings","24","27","47.5","-9.5","9.5","51","Dome","","","","","",""
"401772872","2025","9","2025-11-02 00:00:00","Green Bay Packers","Carolina Panthers","13","16","43.5","-13","13","29","Grass","Clear Day","48","","","14.9","210"
"401772870","2025","9","2025-11-02 00:00:00","Houston Texans","Denver Broncos","15","18","41.0","-2","2","33","Dome","","","","","",""
"401772763","2025","9","2025-11-02 00:00:00","New England Patriots","Atlanta Falcons","24","23","45.5","-5","5","47","Turf","Clear Day","52.3","","","12.7","303"
"401772767","2025","9","2025-11-02 00:00:00","New York Giants","San Francisco 49ers","24","34","47.5","2.5","-2.5","58","Turf","Clear Day","58.8","","","5.8","240"
"401772766","2025","9","2025-11-02 00:00:00","Pittsburgh Steelers","Indianapolis Colts","27","20","52.0","3","-3","47","Grass","Cloudy","55.2","","","3.3","81"
"401772764","2025","9","2025-11-02 00:00:00","Tennessee Titans","Los Angeles Chargers","20","27","44.0","9.5","-9.5","47","Grass","Cloudy","48.4","","","3.3","4"
"401772874","2025","9","2025-11-02 00:00:00","Los Angeles Rams","New Orleans Saints","34","10","44.5","-14","14","44","Dome","","","","","",""
"401772873","2025","9","2025-11-02 00:00:00","Las Vegas Raiders","Jacksonville Jaguars","29","30","44.0","1.5","-1.5","59","Dome","","","","","",""
"401772768","2025","9","2025-11-02 00:00:00","Buffalo Bills","Kansas City Chiefs","28","21","53.0","2","-2","49","Turf","Partly Cloudy Day","54.8","","","8","233"
"401772926","2025","9","2025-11-02 00:00:00","Washington Commanders","Seattle Seahawks","14","38","47.5","2.5","-2.5","52","Grass","Partly Cloudy Night","53.1","","","3.4","57"
"401772818","2025","9","2025-11-03 00:00:00","Dallas Cowboys","Arizona Cardinals","17","27","53.0","-3","3","44","Dome","","","","","",""
"401772944","2025","10","2025-11-06 00:00:00","Denver Broncos","Las Vegas Raiders","10","7","42.5","-9","9","17","Grass","Partly Cloudy Night","50.3","","","8.7","5"
"401772636","2025","10","2025-11-09 00:00:00","Indianapolis Colts","Atlanta Falcons","31","25","48.0","-6","6","56","Grass","Cloudy","46.3","","","2.2","233.5"
"401772877","2025","10","2025-11-09 00:00:00","Carolina Panthers","New Orleans Saints","7","17","38.0","-5","5","24","Grass","Partly Cloudy Day","74.9","","","11.8","228"
"401772875","2025","10","2025-11-09 00:00:00","Chicago Bears","New York Giants","24","20","44.5","-4.5","4.5","44","Grass","Cloudy","31.9","","","20.1","331"
"401772770","2025","10","2025-11-09 00:00:00","Houston Texans","Jacksonville Jaguars","36","29","37.5","0","0","65","Dome","","","","","",""
"401772771","2025","10","2025-11-09 00:00:00","Miami Dolphins","Buffalo Bills","30","13","50.0","8","-8","43","Grass","Partly Cloudy Day","86.2","","","6.9","339"
"401772876","2025","10","2025-11-09 00:00:00","Minnesota Vikings","Baltimore Ravens","19","27","49.0","4.5","-4.5","46","Dome","","","","","",""
"401772769","2025","10","2025-11-09 00:00:00","New York Jets","Cleveland Browns","27","20","37.5","2","-2","47","Turf","Cloudy","61.2","","","9.9","145"
"401772772","2025","10","2025-11-09 00:00:00","Tampa Bay Buccaneers","New England Patriots","23","28","47.5","-2.5","2.5","51","Grass","Partly Cloudy Day","82.2","","","10.5","181"
"401772773","2025","10","2025-11-09 00:00:00","Seattle Seahawks","Arizona Cardinals","44","22","45.0","-7","7","66","Turf","Partly Cloudy Day","64.2","","","4.7","190"
"401772879","2025","10","2025-11-09 00:00:00","San Francisco 49ers","Los Angeles Rams","26","42","49.5","6","-6","68","Grass","Clear Day","75.1","","","2.6","349"
"401772878","2025","10","2025-11-09 00:00:00","Washington Commanders","Detroit Lions","22","44","49.0","8","-8","66","Grass","Partly Cloudy Day","63.7","","","6.1","163"
"401772927","2025","10","2025-11-09 00:00:00","Los Angeles Chargers","Pittsburgh Steelers","25","10","45.5","-3","3","35","Dome","","","","","",""
"401772630","2025","10","2025-11-10 00:00:00","Green Bay Packers","Philadelphia Eagles","7","10","45.0","-1","1","17","Grass","Cloudy","33.1","","","10.1","291"
"401772945","2025","11","2025-11-13 00:00:00","New England Patriots","New York Jets","27","14","43.5","-12.5","12.5","41","Turf","Partly Cloudy Night","40.1","","","6.9","289"
"401772631","2025","11","2025-11-16 00:00:00","Miami Dolphins","Washington Commanders","16","13","47.0","-2.5","2.5","29","Grass","Partly Cloudy Day","56.3","","","15.5","230"
"401772882","2025","11","2025-11-16 00:00:00","Atlanta Falcons","Carolina Panthers","27","30","42.0","-4.5","4.5","57","Dome","","","","","",""
"401772776","2025","11","2025-11-16 00:00:00","Buffalo Bills","Tampa Bay Buccaneers","44","32","45.5","-6.5","6.5","76","Turf","Cloudy","38.7","","","23.4","305"
"401772775","2025","11","2025-11-16 00:00:00","Jacksonville Jaguars","Los Angeles Chargers","35","6","43.0","3","-3","41","Grass","Partly Cloudy Day","77.3","","","16.1","257"
"401772880","2025","11","2025-11-16 00:00:00","Minnesota Vikings","Chicago Bears","17","19","48.0","-3","3","36","Dome","","","","","",""
"401772883","2025","11","2025-11-16 00:00:00","New York Giants","Green Bay Packers","20","27","42.0","7.5","-7.5","47","Turf","Partly Cloudy Day","53.9","","","23.3","309"
"401772774","2025","11","2025-11-16 00:00:00","Pittsburgh Steelers","Cincinnati Bengals","34","12","47.5","-5.5","5.5","46","Grass","Cloudy","45.3","","","18.7","297"
"401772881","2025","11","2025-11-16 00:00:00","Tennessee Titans","Houston Texans","13","16","37.0","5","-5","29","Grass","Clear Day","66.3","","","11.7","10"
"401772885","2025","11","2025-11-16 00:00:00","Arizona Cardinals","San Francisco 49ers","22","41","48.5","3.5","-3.5","63","Dome","","","","","",""
"401772884","2025","11","2025-11-16 00:00:00","Los Angeles Rams","Seattle Seahawks","21","19","49.0","-3","3","40","Dome","","","","","",""
"401772777","2025","11","2025-11-16 00:00:00","Cleveland Browns","Baltimore Ravens","16","23","38.0","7.5","-7.5","39","Grass","Partly Cloudy Day","43","","","23.9","290"
"401772778","2025","11","2025-11-16 00:00:00","Denver Broncos","Kansas City Chiefs","22","19","45.5","4","-4","41","Grass","Clear Day","70.2","","","8.4","88"
"401772928","2025","11","2025-11-16 00:00:00","Philadelphia Eagles","Detroit Lions","16","9","45.5","-2.5","2.5","25","Grass","Partly Cloudy Night","46.4","","","20.1","298"
"401772819","2025","11","2025-11-17 00:00:00","Las Vegas Raiders","Dallas Cowboys","16","33","48.5","3.5","-3.5","49","Dome","","","","","",""
"401772946","2025","12","2025-11-20 00:00:00","Houston Texans","Buffalo Bills","23","19","44.5","4.5","-4.5","42","Dome","","","","","",""
"401772782","2025","12","2025-11-23 00:00:00","Baltimore Ravens","New York Jets","23","10","44.5","-14","14","33","Grass","Partly Cloudy Day","57","","","6.4","233"
"401772780","2025","12","2025-11-23 00:00:00","Chicago Bears","Pittsburgh Steelers","31","28","47.0","-2.5","2.5","59","Grass","Partly Cloudy Day","51.4","","","2.3",""
"401772781","2025","12","2025-11-23 00:00:00","Cincinnati Bengals","New England Patriots","20","26","50.5","7","-7","46","Turf","Clear Day","54.9","","","2.8","337"
"401772888","2025","12","2025-11-23 00:00:00","Detroit Lions","New York Giants","34","27","50.5","-14","14","61","Dome","","","","","",""
"401772887","2025","12","2025-11-23 00:00:00","Green Bay Packers","Minnesota Vikings","23","6","41.5","-6.5","6.5","29","Grass","Clear Day","42.2","","","8.1","260"
"401772779","2025","12","2025-11-23 00:00:00","Kansas City Chiefs","Indianapolis Colts","23","20","49.5","-4.5","4.5","43","Grass","Partly Cloudy Day","49.8","","","4.9","202"
"401772886","2025","12","2025-11-23 00:00:00","Tennessee Titans","Seattle Seahawks","24","30","41.5","12.5","-12.5","54","Grass","Clear Day","60","","","1.8","15"
"401772783","2025","12","2025-11-23 00:00:00","Arizona Cardinals","Jacksonville Jaguars","24","27","47.0","2.5","-2.5","51","Dome","","","","","",""
"401772784","2025","12","2025-11-23 00:00:00","Las Vegas Raiders","Cleveland Browns","10","24","36.0","-3","3","34","Dome","","","","","",""
"401772890","2025","12","2025-11-23 00:00:00","Dallas Cowboys","Philadelphia Eagles","24","21","48.0","3","-3","45","Dome","","","","","",""
"401772889","2025","12","2025-11-23 00:00:00","New Orleans Saints","Atlanta Falcons","10","24","41.0","-1.5","1.5","34","Dome","","","","","",""
"401772929","2025","12","2025-11-23 00:00:00","Los Angeles Rams","Tampa Bay Buccaneers","34","7","50.0","-7","7","41","Dome","","","","","",""
"401772820","2025","12","2025-11-24 00:00:00","San Francisco 49ers","Carolina Panthers","20","9","49.0","-7.5","7.5","29","Grass","Clear Night","58.9","","","2.5","6"
"401772891","2025","13","2025-11-27 00:00:00","Detroit Lions","Green Bay Packers","24","31","48.0","-3","3","55","Dome","","","","","",""
"401772694","2025","13","2025-11-27 00:00:00","Dallas Cowboys","Kansas City Chiefs","31","28","53.0","3.5","-3.5","59","Dome","","","","","",""
"401772930","2025","13","2025-11-27 00:00:00","Baltimore Ravens","Cincinnati Bengals","14","32","52.5","-8","8","46","Grass","Partly Cloudy Night","36","","","9.2","270"
"401772621","2025","13","2025-11-28 00:00:00","Philadelphia Eagles","Chicago Bears","15","24","43.0","-7","7","39","Grass","Partly Cloudy Day","42.5","","","20.6","282"
"401772894","2025","13","2025-11-30 00:00:00","Carolina Panthers","Los Angeles Rams","31","28","45.0","10","-10","59","Grass","Cloudy","45.2","","","3","99"
"401772785","2025","13","2025-11-30 00:00:00","Cleveland Browns","San Francisco 49ers","8","26","35.0","5","-5","34","Grass","Cloudy","34","","","29.8","230"
"401772787","2025","13","2025-11-30 00:00:00","Indianapolis Colts","Houston Texans","16","20","44.5","-3","3","36","Dome","","","","","",""
"401772892","2025","13","2025-11-30 00:00:00","Miami Dolphins","New Orleans Saints","21","17","41.5","-5.5","5.5","38","Grass","Rain","76.1","100%","Rain","8.9","56"
"401772893","2025","13","2025-11-30 00:00:00","New York Jets","Atlanta Falcons","27","24","38.5","3","-3","51","Turf","Rain","40.2","100%","Rain","7.3","242"
"401772895","2025","13","2025-11-30 00:00:00","Tampa Bay Buccaneers","Arizona Cardinals","20","17","45.5","-4","4","37","Grass","Partly Cloudy Day","82","","","11.3","110"
"401772786","2025","13","2025-11-30 00:00:00","Tennessee Titans","Jacksonville Jaguars","3","25","42.5","6","-6","28","Grass","Partly Cloudy Day","40.8","","","9","315"
"401772896","2025","13","2025-11-30 00:00:00","Seattle Seahawks","Minnesota Vikings","26","0","42.0","-12","12","26","Turf","Partly Cloudy Day","44.9","","","2","358"
"401772788","2025","13","2025-11-30 00:00:00","Los Angeles Chargers","Las Vegas Raiders","31","14","40.5","-9.5","9.5","45","Dome","","","","","",""
"401772789","2025","13","2025-11-30 00:00:00","Pittsburgh Steelers","Buffalo Bills","7","26","44.5","3","-3","33","Grass","Partly Cloudy Day","34.6","","","19.9","255"
"401772931","2025","13","2025-11-30 00:00:00","Washington Commanders","Denver Broncos","26","27","43.5","6","-6","53","Grass","Cloudy","41.5","","","6.4","273"
"401772821","2025","13","2025-12-01 00:00:00","New England Patriots","New York Giants","33","15","46.5","-7","7","48","Turf","Clear Night","23.8","","","0.9","1"
"401772947","2025","14","2025-12-04 00:00:00","Detroit Lions","Dallas Cowboys","44","30","55.5","-3.5","3.5","74","Dome","","","","","",""
"401772900","2025","14","2025-12-07 00:00:00","Atlanta Falcons","Seattle Seahawks","9","37","44.5","6.5","-6.5","46","Dome","","","","","",""
"401772791","2025","14","2025-12-07 00:00:00","Baltimore Ravens","Pittsburgh Steelers","22","27","44.0","-5.5","5.5","49","Grass","Partly Cloudy Day","42","","","7","237"
"401772902","2025","14","2025-12-07 00:00:00","Buffalo Bills","Cincinnati Bengals","39","34","54.5","-6","6","73","Turf","Snow","30","100%","Snow","14.1","266"
"401772898","2025","14","2025-12-07 00:00:00","Cleveland Browns","Tennessee Titans","29","31","33.0","-3.5","3.5","60","Grass","Cloudy","33.1","","","7.9","251"
"401772793","2025","14","2025-12-07 00:00:00","Jacksonville Jaguars","Indianapolis Colts","36","19","45.0","2.5","-2.5","55","Grass","Rain","60.6","100%","Rain","7.4","28"
"401772899","2025","14","2025-12-07 00:00:00","Minnesota Vikings","Washington Commanders","31","0","44.0","-1","1","31","Dome","","","","","",""
"401772790","2025","14","2025-12-07 00:00:00","New York Jets","Miami Dolphins","10","34","41.5","2.5","-2.5","44","Turf","Cloudy","42.9","","","6.1","232"
"401772792","2025","14","2025-12-07 00:00:00","Tampa Bay Buccaneers","New Orleans Saints","20","24","41.5","-7.5","7.5","44","Grass","Partly Cloudy Day","75.8","","","5.8","129"
"401772794","2025","14","2025-12-07 00:00:00","Las Vegas Raiders","Denver Broncos","17","24","40.5","8.5","-8.5","41","Dome","","","","","",""
"401772901","2025","14","2025-12-07 00:00:00","Arizona Cardinals","Los Angeles Rams","17","45","49.0","9.5","-9.5","62","Dome","","","","","",""
"401772897","2025","14","2025-12-07 00:00:00","Green Bay Packers","Chicago Bears","28","21","43.5","-6.5","6.5","49","Grass","Clear Day","14.1","","","6.9","273"
"401772932","2025","14","2025-12-07 00:00:00","Kansas City Chiefs","Houston Texans","10","20","41.5","-4.5","4.5","30","Grass","Clear Night","26.6","","","7","355"
"401772822","2025","14","2025-12-08 00:00:00","Los Angeles Chargers","Philadelphia Eagles","22","19","42.0","1","-1","41","Dome","","","","","",""
"401772948","2025","15","2025-12-11 00:00:00","Tampa Bay Buccaneers","Atlanta Falcons","28","29","43.5","-6","6","57","Grass","Clear Night","57.7","","","4.7","340"
"401772904","2025","15","2025-12-14 00:00:00","Chicago Bears","Cleveland Browns","31","3","38.0","-7.5","7.5","34","Grass","Partly Cloudy Day","6.9","","","10.4","287"
"401772796","2025","15","2025-12-14 00:00:00","Cincinnati Bengals","Baltimore Ravens","0","24","51.5","3","-3","24","Turf","Clear Day","9.4","","","8.3","299"
"401772903","2025","15","2025-12-14 00:00:00","Houston Texans","Arizona Cardinals","40","20","42.0","-10","10","60","Dome","","","","","",""
"401772797","2025","15","2025-12-14 00:00:00","Jacksonville Jaguars","New York Jets","48","20","40.5","-13.5","13.5","68","Grass","Clear Day","76","","","12.1","296"
"401772798","2025","15","2025-12-14 00:00:00","Kansas City Chiefs","Los Angeles Chargers","13","16","41.5","-6","6","29","Grass","Clear Day","17.4","","","4.6","55"
"401772795","2025","15","2025-12-14 00:00:00","New England Patriots","Buffalo Bills","31","35","49.5","2.5","-2.5","66","Turf","Snow","31.6","100%","Snow","6.9","331"
"401772905","2025","15","2025-12-14 00:00:00","New York Giants","Washington Commanders","21","29","45.5","-2.5","2.5","50","Turf","Cloudy","27.2","","","14.1","318"
"401772906","2025","15","2025-12-14 00:00:00","Philadelphia Eagles","Las Vegas Raiders","31","0","37.0","-12.5","12.5","31","Grass","Snow","28.6","100%","Snow","16.4","319"
"401772800","2025","15","2025-12-14 00:00:00","Denver Broncos","Green Bay Packers","34","26","42.5","1.5","-1.5","60","Grass","Partly Cloudy Day","66.6","","","3.6","280"
"401772909","2025","15","2025-12-14 00:00:00","Los Angeles Rams","Detroit Lions","41","34","54.5","-6","6","75","Dome","","","","","",""
"401772908","2025","15","2025-12-14 00:00:00","New Orleans Saints","Carolina Panthers","20","17","41.5","2.5","-2.5","37","Dome","","","","","",""
"401772799","2025","15","2025-12-14 00:00:00","Seattle Seahawks","Indianapolis Colts","18","16","41.5","-13","13","34","Turf","Cloudy","53.6","","","7.9","142"
"401772907","2025","15","2025-12-14 00:00:00","San Francisco 49ers","Tennessee Titans","37","24","45.0","-13","13","61","Grass","Cloudy","48.5","","","3.9","357"
"401772933","2025","15","2025-12-14 00:00:00","Dallas Cowboys","Minnesota Vikings","26","34","47.5","-5","5","60","Dome","","","","","",""
"401772823","2025","15","2025-12-15 00:00:00","Pittsburgh Steelers","Miami Dolphins","28","15","43.0","-3","3","43","Grass","Cloudy","15.4","","","6.8","175"
"401772949","2025","16","2025-12-18 00:00:00","Seattle Seahawks","Los Angeles Rams","38","37","42.0","-1.5","1.5","75","Turf","Rain","51.8","100%","Rain","15.4","206"
"401772612","2025","16","2025-12-20 00:00:00","Washington Commanders","Philadelphia Eagles","18","29","43.5","7","-7","47","Grass","Clear Night","40.7","","","9.7","178"
"401772613","2025","16","2025-12-20 00:00:00","Chicago Bears","Green Bay Packers","22","16","44.5","-1","1","38","Grass","Partly Cloudy Night","36","","","13","261"
"401772912","2025","16","2025-12-21 00:00:00","Carolina Panthers","Tampa Bay Buccaneers","23","20","44.5","3","-3","43","Grass","Partly Cloudy Day","57.7","","","7.9","354"
"401772802","2025","16","2025-12-21 00:00:00","Cleveland Browns","Buffalo Bills","20","23","41.0","10.5","-10.5","43","Grass","Partly Cloudy Day","28.2","","","19.6","261"
"401772910","2025","16","2025-12-21 00:00:00","Dallas Cowboys","Los Angeles Chargers","17","34","51.0","-1","1","51","Dome","","","","","",""
"401772934","2025","16","2025-12-21 00:00:00","Miami Dolphins","Cincinnati Bengals","21","45","48.5","3.5","-3.5","66","Grass","Partly Cloudy Day","80","","","8.3","99"
"401772801","2025","16","2025-12-21 00:00:00","New Orleans Saints","New York Jets","29","6","40.0","-6.5","6.5","35","Dome","","","","","",""
"401772911","2025","16","2025-12-21 00:00:00","New York Giants","Minnesota Vikings","13","16","41.5","2.5","-2.5","29","Turf","Clear Day","46","","","17.7","297"
"401772803","2025","16","2025-12-21 00:00:00","Tennessee Titans","Kansas City Chiefs","26","9","37.5","3","-3","35","Grass","Partly Cloudy Day","53.9","","","9.9","43"
"401772914","2025","16","2025-12-21 00:00:00","Arizona Cardinals","Atlanta Falcons","19","26","48.5","2.5","-2.5","45","Dome","","","","","",""
"401772913","2025","16","2025-12-21 00:00:00","Denver Broncos","Jacksonville Jaguars","20","34","46.5","-3.5","3.5","54","Grass","Partly Cloudy Day","66.7","","","8.8","124"
"401772806","2025","16","2025-12-21 00:00:00","Detroit Lions","Pittsburgh Steelers","24","29","52.0","-7.5","7.5","53","Dome","","","","","",""
"401772805","2025","16","2025-12-21 00:00:00","Houston Texans","Las Vegas Raiders","23","21","39.5","-14","14","44","Dome","","","","","",""
"401772804","2025","16","2025-12-21 00:00:00","Baltimore Ravens","New England Patriots","24","28","48.0","-3.5","3.5","52","Grass","Clear Night","36.7","","","7.1","320"
"401772824","2025","16","2025-12-22 00:00:00","Indianapolis Colts","San Francisco 49ers","27","48","46.5","4","-4","75","Dome","","","","","",""
"401772710","2025","17","2025-12-25 00:00:00","Washington Commanders","Dallas Cowboys","23","30","50.5","8.5","-8.5","53","Grass","Partly Cloudy Day","52.4","","","7.7","277"
"401772711","2025","17","2025-12-25 00:00:00","Minnesota Vikings","Detroit Lions","23","10","45.0","7.5","-7.5","33","Dome","","","","","",""
"401772622","2025","17","2025-12-25 00:00:00","Kansas City Chiefs","Denver Broncos","13","20","38.0","13.5","-13.5","33","Grass","Clear Night","57.8","","","5.8","82"
"401772951","2025","17","2025-12-27 00:00:00","Los Angeles Chargers","Houston Texans","16","20","41.0","-1","1","36","Dome","","","","","",""
"401772953","2025","17","2025-12-27 00:00:00","Green Bay Packers","Baltimore Ravens","24","41","37.5","-2.5","2.5","65","Grass","Cloudy","36.1","","","10.2","150"
"401772952","2025","17","2025-12-28 00:00:00","Carolina Panthers","Seattle Seahawks","10","27","43.0","6.5","-6.5","37","Grass","Cloudy","44","","","4.7","65"
"401772954","2025","17","2025-12-28 00:00:00","Cincinnati Bengals","Arizona Cardinals","37","14","53.0","-7","7","51","Turf","Cloudy","68.5","","","17.6","201"
"401772807","2025","17","2025-12-28 00:00:00","Cleveland Browns","Pittsburgh Steelers","13","6","34.5","4","-4","19","Grass","Cloudy","48","","","19.5","151"
"401772915","2025","17","2025-12-28 00:00:00","Indianapolis Colts","Jacksonville Jaguars","17","23","48.5","4","-4","40","Dome","","","","","",""
"401772916","2025","17","2025-12-28 00:00:00","Miami Dolphins","Tampa Bay Buccaneers","20","17","44.0","5.5","-5.5","37","Grass","Clear Day","79.8","","","5","66"
"401772808","2025","17","2025-12-28 00:00:00","New York Jets","New England Patriots","10","42","42.5","13","-13","52","Turf","Partly Cloudy Day","30.7","","","7.7","249"
"401772809","2025","17","2025-12-28 00:00:00","Tennessee Titans","New Orleans Saints","26","34","38.5","1","-1","60","Grass","Cloudy","71.8","","","19.9","210"
"401772950","2025","17","2025-12-28 00:00:00","Las Vegas Raiders","New York Giants","10","34","40.5","3","-3","44","Dome","","","","","",""
"401772917","2025","17","2025-12-28 00:00:00","Buffalo Bills","Philadelphia Eagles","12","13","45.0","-3","3","25","Turf","Rain","32.9","100%","Snow","5.8","72"
"401772935","2025","17","2025-12-28 00:00:00","San Francisco 49ers","Chicago Bears","42","38","51.5","-4","4","80","Grass","Clear Night","53.7","","","6.4","289"
"401772825","2025","17","2025-12-29 00:00:00","Atlanta Falcons","Los Angeles Rams","27","24","49.0","7","-7","51","Dome","","","","","",""
"401772969","2025","18","2026-01-03 00:00:00","Tampa Bay Buccaneers","Carolina Panthers","16","14","42.5","-3","3","30","Grass","Rain","66.9","100%","Rain","8","279"
"401772961","2025","18","2026-01-03 00:00:00","San Francisco 49ers","Seattle Seahawks","3","13","48.5","2.5","-2.5","16","Grass","Partly Cloudy Day","57.8","","","8.9","162"
"401772966","2025","18","2026-01-04 00:00:00","Atlanta Falcons","New Orleans Saints","19","17","43.5","-4.5","4.5","36","Dome","","","","","",""
"401772964","2025","18","2026-01-04 00:00:00","Cincinnati Bengals","Cleveland Browns","18","20","47.0","-9.5","9.5","38","Turf","Partly Cloudy Day","36","","","0.8","10"
"401772962","2025","18","2026-01-04 00:00:00","Houston Texans","Indianapolis Colts","38","30","37.5","-9.5","9.5","68","Dome","","","","","",""
"401772970","2025","18","2026-01-04 00:00:00","Jacksonville Jaguars","Tennessee Titans","41","7","46.0","-12.5","12.5","48","Grass","Cloudy","55.9","","","8.9","17"
"401772968","2025","18","2026-01-04 00:00:00","Minnesota Vikings","Green Bay Packers","16","3","37.0","-13","13","19","Dome","","","","","",""
"401772963","2025","18","2026-01-04 00:00:00","New York Giants","Dallas Cowboys","34","17","50.0","3","-3","51","Turf","Partly Cloudy Day","32.5","","","8.6","331"
"401772967","2025","18","2026-01-04 00:00:00","Buffalo Bills","New York Jets","35","8","39.5","-13","13","43","Turf","Cloudy","27","","","13.3","260"
"401772965","2025","18","2026-01-04 00:00:00","Chicago Bears","Detroit Lions","16","19","51.0","-3","3","35","Grass","Partly Cloudy Day","30.9","","","11.3","185"
"401772956","2025","18","2026-01-04 00:00:00","Denver Broncos","Los Angeles Chargers","19","3","37.5","-15.5","15.5","22","Grass","Partly Cloudy Day","67.7","","","11","285"
"401772955","2025","18","2026-01-04 00:00:00","Los Angeles Rams","Arizona Cardinals","37","20","49.0","-14","14","57","Dome","","","","","",""
"401772957","2025","18","2026-01-04 00:00:00","Las Vegas Raiders","Kansas City Chiefs","14","12","35.5","3.5","-3.5","26","Dome","","","","","",""
"401772958","2025","18","2026-01-04 00:00:00","New England Patriots","Miami Dolphins","38","10","44.0","-14.5","14.5","48","Turf","Cloudy","29","","","5","305"
"401772959","2025","18","2026-01-04 00:00:00","Philadelphia Eagles","Washington Commanders","17","24","39.0","-3.5","3.5","41","Grass","Partly Cloudy Day","35.4","","","13.2","335"
"401772960","2025","18","2026-01-04 00:00:00","Pittsburgh Steelers","Baltimore Ravens","26","24","41.5","4.5","-4.5","50","Grass","Partly Cloudy Night","23.2","","","0.1","2"
"401772979","2025","19","2026-01-10 00:00:00","Carolina Panthers","Los Angeles Rams","31","34","45.0","10","-10","65","Grass","Partly Cloudy Day","73.8","","","18.9","199"
"401772981","2025","19","2026-01-10 00:00:00","Chicago Bears","Green Bay Packers","31","27","46.5","1.5","-1.5","58","Grass","Cloudy","31","","","13.3","283"
"401772977","2025","19","2026-01-11 00:00:00","Jacksonville Jaguars","Buffalo Bills","24","27","51.0","-1.5","1.5","51","Grass","Cloudy","63","","","13.7","316"
"401772980","2025","19","2026-01-11 00:00:00","Philadelphia Eagles","San Francisco 49ers","19","23","44.5","-5.5","5.5","42","Grass","Rain","42.1","100%","Rain","21.2","274"
"401772978","2025","19","2026-01-11 00:00:00","New England Patriots","Los Angeles Chargers","16","3","45.5","-3.5","3.5","19","Turf","Partly Cloudy Night","36.1","","","12.2","288"
"401772976","2025","19","2026-01-12 00:00:00","Pittsburgh Steelers","Houston Texans","6","30","38.5","3","-3","36","Grass","Clear Night","30.6","","","8.8","194"
"401772982","2025","20","2026-01-17 00:00:00","Denver Broncos","Buffalo Bills","33","30","45.5","-1.5","1.5","63","Grass","Partly Cloudy Day","32.7","","","7.6","1"
"401772984","2025","20","2026-01-17 00:00:00","Seattle Seahawks","San Francisco 49ers","41","6","44.0","-7","7","47","Turf","Clear Night","48.7","","","5.9","318"
"401772983","2025","20","2026-01-18 00:00:00","New England Patriots","Houston Texans","28","16","41.0","-3.5","3.5","44","Turf","Snow","35.1","100%","Snow","1.1","9"
"401772985","2025","20","2026-01-18 00:00:00","Chicago Bears","Los Angeles Rams","17","20","49.0","3.5","-3.5","37","Grass","Cloudy","17.7","","","8.4","228"
"401772986","2025","21","2026-01-25 00:00:00","Denver Broncos","New England Patriots","7","10","43.0","3.5","-3.5","17","Grass","Partly Cloudy Day","26.4","","","6.6","4"
"401772987","2025","21","2026-01-25 00:00:00","Seattle Seahawks","Los Angeles Rams","31","27","46.0","-2.5","2.5","58","Turf","Partly Cloudy Day","44.5","","","0.7","354"
"401772988","2025","22","2026-02-08 00:00:00","New England Patriots","Seattle Seahawks","13","29","45.0","4.5","-4.5","42","Grass","Partly Cloudy Day","67","","","9.9","336"
