season,week,game_id,away_team,home_team,spread_selection,spread_line,spread_odds_american,spread_model_probability,spread_implied_probability,spread_edge,spread_ev,spread_kelly,spread_result,spread_flat_profit_units,spread_kelly_risk_units,spread_kelly_profit_units
2022,4,401437758,ARI,CAR,HOME,-1.0,-106.0,0.5175403070732082,0.5145631067961165,0.002977200277091696,0.0057858797837819775,0.006133032570808896,LOSS,-1.0,0.006133032570808896,-0.006133032570808896
2022,4,401437759,NE,GB,HOME,-10.0,109.0,0.510590990191241,0.47846889952153115,0.032122090669709835,0.06713516949969356,0.05,LOSS,-1.0,0.05,-0.05
2022,5,401435640,NYG,GB,AWAY,8.5,104.0,0.50003959993812,0.49019607843137253,0.009843521506747444,0.020080783873764774,0.019308446032466127,WIN,1.04,0.019308446032466127,0.020080783873764774
2022,5,401437766,CHI,MIN,HOME,-10.0,105.0,0.493424772048489,0.48780487804878053,0.00561989399970847,0.011520782699402377,0.010972173999430837,LOSS,-1.0,0.010972173999430837,-0.010972173999430837
2022,5,401437771,TEN,WAS,AWAY,-1.0,-102.0,0.5076157206189638,0.504950495049505,0.0026652255694588067,0.005278191814026334,0.00538375565030686,WIN,0.9803921568627451,0.00538375565030686,0.005278191814026333
2022,9,401437821,MIA,CHI,AWAY,-4.0,-103.0,0.5280126615999676,0.5073891625615764,0.020623499038391224,0.04064631363877114,0.04186570304793427,LOSS,-1.0,0.04186570304793427,-0.04186570304793427
2022,9,401437822,CAR,CIN,AWAY,7.0,-100.0,0.5246147501935585,0.5,0.02461475019355852,0.04922950038711704,0.04922950038711704,LOSS,-1.0,0.04922950038711704,-0.04922950038711704
2022,9,401437823,GB,DET,AWAY,-4.0,-107.0,0.5313681176344449,0.5169082125603864,0.014459905074058477,0.027973835049814044,0.029932003503301025,LOSS,-1.0,0.029932003503301025,-0.029932003503301025
2022,9,401437824,LV,JAX,AWAY,-2.5,-102.0,0.5274319127687346,0.504950495049505,0.022481417719229624,0.044522023326317495,0.04541246379284384,LOSS,-1.0,0.04541246379284384,-0.04541246379284384
2022,9,401437825,IND,NE,AWAY,5.0,-115.0,0.5374233580114176,0.5348837209302326,0.0025396370811849867,0.004748017151780692,0.005460219724547797,LOSS,-1.0,0.005460219724547797,-0.005460219724547797
2022,9,401437826,BUF,NYJ,AWAY,-11.0,103.0,0.5092369874161439,0.4926108374384236,0.016626149977720273,0.03375108445477215,0.032768043159972955,LOSS,-1.0,0.032768043159972955,-0.032768043159972955
2022,9,401437828,SEA,ARI,AWAY,1.5,102.0,0.5253271154157524,0.49504950495049505,0.030277610465257343,0.061160773139819824,0.05,WIN,1.02,0.05,0.051000000000000004
2022,9,401437829,LA,TB,AWAY,3.0,-104.0,0.5255269423759185,0.5098039215686274,0.015723020807291044,0.030841310045070847,0.032074962446873675,PUSH,0.0,0.032074962446873675,0.0
2022,9,401437831,BAL,NO,HOME,1.0,106.0,0.485601195506153,0.4854368932038835,0.00016430230226949227,0.00033846274267523846,0.00031930447422192303,LOSS,-1.0,0.00031930447422192303,-0.00031930447422192303
2022,10,401437832,ATL,CAR,AWAY,-2.5,-103.0,0.5127777816077241,0.5073891625615764,0.005388619046147736,0.01062028802299031,0.010938896663680019,LOSS,-1.0,0.010938896663680019,-0.010938896663680019
2022,10,401435638,SEA,TB,AWAY,2.5,103.0,0.5228861378887617,0.4926108374384236,0.030275300450338105,0.061458859914186426,0.05,LOSS,-1.0,0.05,-0.05
2022,10,401437833,MIN,BUF,AWAY,6.5,-104.0,0.5327272649282436,0.5098039215686274,0.02292334335961621,0.04496501966693944,0.04676362045361701,WIN,0.9615384615384616,0.04676362045361701,0.044965019666939436
2022,10,401437834,DET,CHI,AWAY,3.0,-105.0,0.5212468698315587,0.5121951219512195,0.009051747880339134,0.01767246014732876,0.0185560831546952,WIN,0.9523809523809523,0.0185560831546952,0.01767246014732876
2022,10,401437835,JAX,KC,HOME,-10.0,109.0,0.5122505609644705,0.47846889952153115,0.03378166144293937,0.07060367241574328,0.05,PUSH,0.0,0.05,0.0
2022,10,401437836,CLE,MIA,AWAY,3.0,112.0,0.5155283707666264,0.4716981132075471,0.043830257559079266,0.09292014602524801,0.05,LOSS,-1.0,0.05,-0.05
2022,10,401437131,DAL,GB,HOME,3.5,102.0,0.5107369744946731,0.49504950495049505,0.0156874695441781,0.03168868847923978,0.031067341646313508,WIN,1.02,0.031067341646313508,0.03168868847923978
2022,10,401437843,WAS,PHI,HOME,-11.0,-103.0,0.5419650559108897,0.5073891625615764,0.034575893349313325,0.06814472184379239,0.05,LOSS,-1.0,0.05,-0.05
2022,11,401437844,TEN,GB,AWAY,3.0,106.0,0.5223444023586372,0.4854368932038835,0.036907509154753715,0.07602946885879269,0.05,WIN,1.06,0.05,0.053000000000000005
2022,11,401437845,CHI,ATL,HOME,-3.0,110.0,0.4782557391545538,0.47619047619047616,0.002065262964077663,0.004337052224563154,0.003942774749602866,PUSH,0.0,0.003942774749602866,0.0
2022,11,401437849,PHI,IND,HOME,6.5,-102.0,0.507163542650416,0.504950495049505,0.002213047600911011,0.004382702111608128,0.00447035615384029,WIN,0.9803921568627451,0.00447035615384029,0.004382702111608128
2022,11,401437852,DET,NYG,AWAY,3.0,-104.0,0.514670522075512,0.5098039215686274,0.0048666005068845886,0.009546024071196701,0.009927865034044569,WIN,0.9615384615384616,0.009927865034044569,0.009546024071196701
2022,11,401437853,LV,DEN,AWAY,2.5,106.0,0.5001109362155625,0.4854368932038835,0.014674043011678961,0.03022852860405867,0.028517479815149686,WIN,1.06,0.028517479815149686,0.03022852860405867
2022,11,401437855,DAL,MIN,HOME,1.5,104.0,0.49355406192639123,0.49019607843137253,0.0033579834950187015,0.0068502863298380845,0.006586813778690466,LOSS,-1.0,0.006586813778690466,-0.006586813778690466
2022,11,401437856,CIN,PIT,HOME,3.5,-111.0,0.5268106822936499,0.5260663507109005,0.0007443315827494468,0.0014149005762174593,0.0015705396396013796,LOSS,-1.0,0.0015705396396013796,-0.0015705396396013796
2022,11,401437854,KC,LAC,AWAY,-5.5,-102.0,0.5220411494831763,0.504950495049505,0.017090654433671304,0.03384619799609423,0.03452312195601611,LOSS,-1.0,0.03452312195601611,-0.03452312195601611
2022,12,401437857,BUF,DET,AWAY,-10.0,105.0,0.5030471599836803,0.48780487804878053,0.015242281934899793,0.031246677966544567,0.02975874092051864,LOSS,-1.0,0.02975874092051864,-0.02975874092051864
2022,12,401437858,NYG,DAL,HOME,-10.5,104.0,0.5123763535887691,0.49019607843137253,0.022180275157396567,0.045247761321088986,0.043507462808739406,LOSS,-1.0,0.043507462808739406,-0.043507462808739406
2022,12,401437859,NE,MIN,AWAY,2.5,-102.0,0.538536652923346,0.504950495049505,0.033586157873841005,0.06651376363250872,0.05,LOSS,-1.0,0.05,-0.05
2022,12,401437861,TB,CLE,HOME,3.0,107.0,0.4867888958584417,0.48309178743961345,0.0036971084188282544,0.007653014426974414,0.0071523499317517865,WIN,1.07,0.0071523499317517865,0.007653014426974412
2022,12,401437862,BAL,JAX,AWAY,-3.5,111.0,0.5163783959960986,0.4739336492890995,0.042444746706999104,0.08955841555176813,0.05,LOSS,-1.0,0.05,-0.05
2022,12,401437863,HOU,MIA,AWAY,14.0,-101.0,0.5228309628267769,0.5024875621890548,0.02034340063772211,0.04048538146714997,0.04089023528182147,LOSS,-1.0,0.04089023528182147,-0.04089023528182147
2022,12,401437864,CHI,NYJ,AWAY,8.5,-107.0,0.5171310372318354,0.5169082125603864,0.00022282467144896234,0.00043107202794329114,0.0004612470698993215,LOSS,-1.0,0.0004612470698993215,-0.0004612470698993215
2022,12,401437865,CIN,TEN,AWAY,-1.0,102.0,0.5145919057725503,0.49504950495049505,0.019542400822055273,0.039475649660551615,0.03870161731426629,WIN,1.02,0.03870161731426629,0.039475649660551615
2022,13,401437875,DEN,BAL,HOME,-9.5,112.0,0.5080607385896456,0.4716981132075471,0.0363626253820985,0.07708876581004875,0.05,LOSS,-1.0,0.05,-0.05
2022,13,401437876,GB,CHI,AWAY,-4.0,105.0,0.5047522678035237,0.48780487804878053,0.016947389754743136,0.03474214899722339,0.03308776094973657,WIN,1.05,0.03308776094973657,0.034742148997223395
2022,13,401437877,JAX,DET,AWAY,1.0,-100.0,0.5135357496198498,0.5,0.013535749619849824,0.027071499239699648,0.027071499239699648,LOSS,-1.0,0.027071499239699648,-0.027071499239699648
2022,13,401437879,NYJ,MIN,HOME,-3.0,106.0,0.4858175705261155,0.4854368932038835,0.0003806773222320148,0.0007841952837980282,0.0007398068715075737,WIN,1.06,0.0007398068715075737,0.0007841952837980282
2022,13,401437880,WAS,NYG,AWAY,-2.5,105.0,0.49960143269381985,0.48780487804878053,0.011796554645039314,0.024182937022330653,0.023031368592695865,LOSS,-1.0,0.023031368592695865,-0.023031368592695865
2022,13,401437882,SEA,LA,AWAY,-7.0,107.0,0.505041333580147,0.48309178743961345,0.02194954614053357,0.04543556051090447,0.042463140664396694,LOSS,-1.0,0.042463140664396694,-0.042463140664396694
2022,13,401437883,MIA,SF,AWAY,4.5,101.0,0.506619411615701,0.49751243781094534,0.00910697380475567,0.01830501734755896,0.018123779552038578,LOSS,-1.0,0.018123779552038578,-0.018123779552038578
2022,15,401437906,NYG,WAS,HOME,-4.5,103.0,0.4999496602623004,0.4926108374384236,0.007338822823876823,0.014897810332469952,0.014463893526669852,LOSS,-1.0,0.014463893526669852,-0.014463893526669852
2022,15,401437916,LA,GB,HOME,-8.0,101.0,0.4991413638990277,0.49751243781094534,0.0016289260880823497,0.003274141437045519,0.003241724195094574,WIN,1.01,0.003241724195094574,0.0032741414370455195
2022,16,401437919,DET,CAR,AWAY,-2.5,101.0,0.5010212400415142,0.49751243781094534,0.0035088022305688193,0.0070526924834433125,0.0069828638449933806,LOSS,-1.0,0.0069828638449933806,-0.0069828638449933806
2022,16,401437920,BUF,CHI,HOME,8.0,-100.0,0.5034027263577336,0.5,0.003402726357733643,0.006805452715467286,0.006805452715467286,LOSS,-1.0,0.006805452715467286,-0.006805452715467286
2022,16,401437921,NO,CLE,AWAY,3.0,111.0,0.5034037599561227,0.4739336492890995,0.029470110667023264,0.062181933507419185,0.05,WIN,1.11,0.05,0.05550000000000001
2022,16,401437923,NYG,MIN,AWAY,4.5,-102.0,0.5082286969061749,0.504950495049505,0.003278201856669938,0.006492125245562086,0.006621967750473327,WIN,0.9803921568627451,0.006621967750473327,0.006492125245562085
2022,16,401437924,CIN,NE,AWAY,-3.0,100.0,0.5017617277595421,0.5,0.0017617277595420866,0.003523455519084173,0.003523455519084173,WIN,1.0,0.003523455519084173,0.003523455519084173
2022,16,401437925,HOU,TEN,AWAY,3.0,103.0,0.49912809214974063,0.4926108374384236,0.006517254711317033,0.013230027063973582,0.012844686469877261,WIN,1.03,0.012844686469877261,0.01323002706397358
2022,16,401436983,DEN,LA,HOME,3.0,105.0,0.5033769971014054,0.48780487804878053,0.015572119052624844,0.03192284405788093,0.03040270862655327,WIN,1.05,0.03040270862655327,0.031922844057880935
2022,16,401437931,LAC,IND,AWAY,-3.5,-102.0,0.5068450121298138,0.504950495049505,0.0018945170803088551,0.0037518867668862033,0.003826924502223927,WIN,0.9803921568627451,0.003826924502223927,0.003751886766886203
2022,17,401437932,DAL,TEN,HOME,14.0,-110.0,0.5425011738129726,0.5238095238095238,0.018691650003448745,0.03568405909749317,0.039252465007242485,PUSH,0.0,0.039252465007242485,0.0
2022,17,401437933,ARI,ATL,HOME,-7.0,108.0,0.484960770113939,0.4807692307692307,0.004191539344708284,0.008718401836993128,0.008072594293512154,LOSS,-1.0,0.008072594293512154,-0.008072594293512154
2022,17,401437937,DEN,KC,HOME,-13.5,104.0,0.5246446550889199,0.49019607843137253,0.03444857665754736,0.07027509638139662,0.05,LOSS,-1.0,0.05,-0.05
2022,17,401437942,CLE,WAS,AWAY,1.0,-101.0,0.5060972060137736,0.5024875621890548,0.0036096438247188445,0.007183548601668255,0.007255384087684938,WIN,0.9900990099009901,0.007255384087684938,0.007183548601668255
2022,17,401437945,MIN,GB,AWAY,3.0,106.0,0.5167159923457811,0.4854368932038835,0.03127909914189764,0.06443494423230922,0.05,LOSS,-1.0,0.05,-0.05
2022,17,401437934,PIT,BAL,AWAY,1.0,102.0,0.5030072789105162,0.49504950495049505,0.007957773960021175,0.016074703399242773,0.015759513136512523,WIN,1.02,0.015759513136512523,0.016074703399242773
2022,18,401437961,KC,LV,HOME,9.0,-105.0,0.518615188881065,0.5121951219512195,0.006420066929845425,0.012534416386841052,0.013161137206183105,LOSS,-1.0,0.013161137206183105,-0.013161137206183105
2022,18,401437949,NE,BUF,AWAY,8.0,104.0,0.49707163493939566,0.49019607843137253,0.0068755565080231285,0.014026135276367202,0.013486668534968464,LOSS,-1.0,0.013486668534968464,-0.013486668534968464
2022,18,401437951,BAL,CIN,AWAY,11.0,105.0,0.4961472988973664,0.48780487804878053,0.008342420848585885,0.017101962739601073,0.016287583561524835,PUSH,0.0,0.016287583561524835,0.0
2022,18,401437953,HOU,IND,HOME,-3.0,108.0,0.4964875306999939,0.4807692307692307,0.01571829993076318,0.032694063855987276,0.030272281348136365,LOSS,-1.0,0.030272281348136365,-0.030272281348136365
2022,18,401437958,CLE,PIT,AWAY,2.5,-101.0,0.5127280756805602,0.5024875621890548,0.010240513491505454,0.020379635760322867,0.020583432117926095,LOSS,-1.0,0.020583432117926095,-0.020583432117926095
2022,18,401437957,NYG,PHI,AWAY,16.5,-103.0,0.5154234370023356,0.5073891625615764,0.008034274440759215,0.015834540888098325,0.016309577114741274,WIN,0.970873786407767,0.016309577114741274,0.015834540888098325
2022,18,401437959,DAL,WAS,AWAY,-7.5,-100.0,0.5008528698496346,0.5,0.0008528698496346188,0.0017057396992692375,0.0017057396992692375,LOSS,-1.0,0.0017057396992692375,-0.0017057396992692375
2022,18,401437960,LAC,DEN,AWAY,6.0,-104.0,0.518313849671223,0.5098039215686274,0.008509928102595543,0.01669255127816821,0.017360253329294938,WIN,0.9615384615384616,0.017360253329294938,0.01669255127816821
2022,18,401437962,ARI,SF,AWAY,14.0,100.0,0.5005816659163977,0.5,0.0005816659163977445,0.001163331832795489,0.001163331832795489,LOSS,-1.0,0.001163331832795489,-0.001163331832795489
2022,18,401437963,LA,SEA,HOME,-5.5,102.0,0.5022628854654485,0.49504950495049505,0.00721338051495346,0.014571028640205985,0.014285322196280377,LOSS,-1.0,0.014285322196280377,-0.014285322196280377
2022,19,401438000,SEA,SF,HOME,-10.0,112.0,0.4865131141390995,0.4716981132075471,0.014815000931552358,0.0314078019748909,0.02804268033472402,WIN,1.12,0.02804268033472402,0.0314078019748909
2022,19,401438002,MIA,BUF,HOME,-14.0,105.0,0.4947331197355435,0.48780487804878053,0.0069282416867629815,0.014202895457864129,0.013526567102727744,LOSS,-1.0,0.013526567102727744,-0.013526567102727744
2022,19,401438001,NYG,MIN,AWAY,2.5,103.0,0.5103858987277023,0.4926108374384236,0.01777506128927875,0.03608337441723586,0.03503240234683092,WIN,1.03,0.03503240234683092,0.03608337441723585
2022,20,401438005,JAX,KC,HOME,-10.0,108.0,0.49773845258759886,0.4807692307692307,0.01696922181836813,0.03529598138220569,0.032681464242783044,LOSS,-1.0,0.032681464242783044,-0.032681464242783044
2022,20,401438004,NYG,PHI,AWAY,8.0,101.0,0.5008785665966972,0.49751243781094534,0.0033661287857518207,0.006765918859361175,0.0066989295637239375,LOSS,-1.0,0.0066989295637239375,-0.0066989295637239375
2022,20,401438007,CIN,BUF,AWAY,6.0,-107.0,0.5254865256034794,0.5169082125603864,0.008578313043092978,0.016595428036637827,0.017757107999202472,WIN,0.9345794392523364,0.017757107999202472,0.016595428036637824
2022,21,401438009,SF,PHI,AWAY,2.5,105.0,0.5068111166930818,0.48780487804878053,0.019006238644301232,0.03896278922081753,0.03710741830554051,LOSS,-1.0,0.03710741830554051,-0.03710741830554051
2023,1,401547353,DET,KC,AWAY,4.0,-110.0,0.526323519588785,0.5238095238095238,0.0025139957792611467,0.004799446487680437,0.00527939113644848,WIN,0.9090909090909091,0.00527939113644848,0.004799446487680436
2023,1,401547403,CAR,ATL,AWAY,3.5,-108.0,0.5206823161199716,0.5192307692307692,0.0014515468892024597,0.00279557178661205,0.0030192175295410137,LOSS,-1.0,0.0030192175295410137,-0.0030192175295410137
2023,1,401547404,JAX,IND,AWAY,-4.0,-108.0,0.5192373697234545,0.5192307692307692,6.600492685304715e-06,1.2712059986430546e-05,1.3729024785344989e-05,WIN,0.9259259259259259,1.3729024785344989e-05,1.2712059986430544e-05
2023,1,401547405,SF,PIT,AWAY,-1.5,-108.0,0.5213169095015184,0.5192307692307692,0.0020861402707492704,0.0040177516325540785,0.004339171763158404,WIN,0.9259259259259259,0.004339171763158404,0.004017751632554078
2023,1,401547407,GB,CHI,AWAY,1.0,-110.0,0.5261124881618497,0.5238095238095238,0.002302964352325909,0.0043965683089859375,0.004836225139884531,WIN,0.9090909090909091,0.004836225139884531,0.004396568308985937
2023,1,401547408,LA,SEA,AWAY,4.5,-110.0,0.5507660365336309,0.5238095238095238,0.02695651272410704,0.05146243338238621,0.05,WIN,0.9090909090909091,0.05,0.045454545454545456
2023,1,401547409,DAL,NYG,AWAY,-3.5,100.0,0.5148234486858512,0.5,0.01482344868585117,0.02964689737170234,0.02964689737170234,WIN,1.0,0.02964689737170234,0.02964689737170234
2023,1,401547352,BUF,NYJ,AWAY,-2.5,-110.0,0.5648528804397543,0.5238095238095238,0.04104335663023051,0.0783554990213493,0.05,LOSS,-1.0,0.05,-0.05
2023,2,401547410,MIN,PHI,AWAY,6.0,-110.0,0.5674518045553579,0.5238095238095238,0.043642280745834094,0.08331708142386518,0.05,PUSH,0.0,0.05,0.0
2023,2,401547412,BAL,CIN,AWAY,3.5,-118.0,0.5439886072945852,0.5412844036697247,0.0027042036248604573,0.004995901612030285,0.005895163902195736,WIN,0.847457627118644,0.005895163902195736,0.004995901612030285
2023,2,401547413,KC,JAX,AWAY,-3.5,-102.0,0.5325554760467653,0.504950495049505,0.027604980997260387,0.0546686878573196,0.05,WIN,0.9803921568627451,0.05,0.049019607843137254
2023,2,401547414,LAC,TEN,HOME,2.5,-102.0,0.5058757060227931,0.504950495049505,0.0009252109732881264,0.001832280554943222,0.0018689261660420863,WIN,0.9803921568627451,0.0018689261660420863,0.0018322805549432217
2023,2,401547418,SEA,DET,AWAY,4.5,-110.0,0.5475536074083847,0.5238095238095238,0.02374408359886082,0.04532961414327985,0.049862575557607834,WIN,0.9090909090909091,0.049862575557607834,0.04532961414327985
2023,2,401547419,IND,HOU,AWAY,-1.0,-105.0,0.5199719772566609,0.5121951219512195,0.007776855305441366,0.01518338416776649,0.015942553376154814,WIN,0.9523809523809523,0.015942553376154814,0.01518338416776649
2023,2,401547420,CHI,TB,AWAY,2.5,-110.0,0.5373956439157259,0.5238095238095238,0.013586120106202082,0.02593713838456768,0.02853085222302445,LOSS,-1.0,0.02853085222302445,-0.02853085222302445
2023,2,401547416,WAS,DEN,AWAY,4.0,-110.0,0.5668400401186573,0.5238095238095238,0.04303051630913346,0.08214916749925494,0.05,WIN,0.9090909090909091,0.05,0.045454545454545456
2023,2,401547423,MIA,NE,AWAY,-2.0,-112.0,0.5364990896097035,0.5283018867924528,0.00819720281725067,0.015516133904081575,0.017378069972571367,WIN,0.8928571428571429,0.017378069972571367,0.015516133904081578
2023,2,401547425,NO,CAR,AWAY,-3.0,-118.0,0.5501863015338422,0.5412844036697247,0.008901897864117436,0.016445879104894867,0.019406137343775946,PUSH,0.0,0.019406137343775946,0.0
2023,2,401547424,CLE,PIT,HOME,2.5,-105.0,0.5294179275358682,0.5121951219512195,0.017222805584648726,0.03362547757002843,0.03530675144852985,WIN,0.9523809523809523,0.03530675144852985,0.03362547757002843
2023,3,401547426,NYG,SF,HOME,-10.5,-115.0,0.5517791360068893,0.5348837209302326,0.016895415076656706,0.031587080360706066,0.03632514241481198,WIN,0.8695652173913043,0.03632514241481198,0.03158708036070607
2023,3,401547427,IND,BAL,HOME,-7.5,-110.0,0.5425068217609592,0.5238095238095238,0.018697297951435377,0.035694841543649436,0.03926432569801438,LOSS,-1.0,0.03926432569801438,-0.03926432569801438
2023,3,401547428,TEN,CLE,AWAY,3.5,-110.0,0.5378320233488094,0.5238095238095238,0.014022499539285582,0.026770226393181662,0.029447249032499824,LOSS,-1.0,0.029447249032499824,-0.029447249032499824
2023,3,401547430,NE,NYJ,AWAY,-2.5,-112.0,0.5292358878112402,0.5283018867924528,0.0009340010187873782,0.0017679304998474699,0.0019800821598291666,WIN,0.8928571428571429,0.0019800821598291666,0.0017679304998474703
2023,3,401547433,ATL,DET,AWAY,3.0,100.0,0.5425259048221274,0.5,0.04252590482212737,0.08505180964425474,0.05,LOSS,-1.0,0.05,-0.05
2023,3,401547435,HOU,JAX,HOME,-7.5,-110.0,0.537612478332001,0.5238095238095238,0.013802954522477151,0.02635109499745647,0.028986204497202114,LOSS,-1.0,0.028986204497202114,-0.028986204497202114
2023,3,401547432,CAR,SEA,AWAY,5.0,-110.0,0.5388956185112008,0.5238095238095238,0.015086094701676989,0.02880072624865615,0.031680798873521765,LOSS,-1.0,0.031680798873521765,-0.031680798873521765
2023,3,401547438,CHI,KC,HOME,-13.0,-110.0,0.5488864755097613,0.5238095238095238,0.025076951700237493,0.04787418051863529,0.05,WIN,0.9090909090909091,0.05,0.045454545454545456
2023,3,401547439,PIT,LV,AWAY,3.0,-110.0,0.568039773844268,0.5238095238095238,0.04423025003474412,0.08443956824814802,0.05,WIN,0.9090909090909091,0.05,0.045454545454545456
2023,3,401547440,PHI,TB,HOME,6.0,-110.0,0.5278595483317128,0.5238095238095238,0.004050024522188944,0.007731864996906257,0.008505051496596881,LOSS,-1.0,0.008505051496596881,-0.008505051496596881
2023,3,401547441,LA,CIN,AWAY,3.0,100.0,0.5443354008624546,0.5,0.04433540086245458,0.08867080172490915,0.05,PUSH,0.0,0.05,0.0
2023,4,401547227,ATL,JAX,AWAY,3.5,-110.0,0.5256900185665503,0.5238095238095238,0.0018804947570264519,0.003590035445232398,0.003949038989755637,LOSS,-1.0,0.003949038989755637,-0.003949038989755637
2023,4,401547444,DEN,CHI,HOME,3.0,-108.0,0.5264825067042401,0.5192307692307692,0.007251737473470965,0.013966309208166217,0.015083613944819512,PUSH,0.0,0.015083613944819512,0.0
2023,4,401547445,BAL,CLE,AWAY,-2.0,-110.0,0.5448475257678674,0.5238095238095238,0.0210380019583436,0.04016345828411061,0.04417980411252167,WIN,0.9090909090909091,0.04417980411252167,0.04016345828411061
2023,4,401547448,MIN,CAR,AWAY,-4.5,-112.0,0.54223433861383,0.5283018867924528,0.013932451821377145,0.026372140947606704,0.02953679786131951,WIN,0.8928571428571429,0.02953679786131951,0.026372140947606707
2023,4,401547449,LA,IND,AWAY,-1.0,-110.0,0.6046330929030792,0.5238095238095238,0.08082356909355537,0.15429954099678767,0.05,WIN,0.9090909090909091,0.05,0.045454545454545456
2023,4,401547451,WAS,PHI,HOME,-9.5,-110.0,0.5633341699245716,0.5238095238095238,0.0395246461150478,0.07545614258327316,0.05,LOSS,-1.0,0.05,-0.05
2023,4,401547447,LV,LAC,AWAY,7.0,-115.0,0.5414690978118832,0.5348837209302326,0.0065853768816506175,0.012311791561346874,0.014158560295548907,PUSH,0.0,0.014158560295548907,0.0
2023,4,401547453,NE,DAL,AWAY,6.5,-108.0,0.5385413434759935,0.5192307692307692,0.01931057424522431,0.03719073558339492,0.04016599443006651,LOSS,-1.0,0.04016599443006651,-0.04016599443006651
2023,4,401547454,ARI,SF,HOME,-15.0,-112.0,0.5291666602275585,0.5283018867924528,0.0008647734351057146,0.0016368925735928963,0.001833319682424044,WIN,0.8928571428571429,0.001833319682424044,0.0016368925735928965
2023,4,401547455,KC,NYJ,HOME,9.5,-110.0,0.5456582078073212,0.5238095238095238,0.02184868399779738,0.041711123995795074,0.04588223639537458,WIN,0.9090909090909091,0.04588223639537458,0.041711123995795074
2023,5,401547457,CHI,WAS,AWAY,6.0,-110.0,0.5813572715085749,0.5238095238095238,0.05754774769905102,0.10986388197091568,0.05,WIN,0.9090909090909091,0.05,0.045454545454545456
2023,5,401547228,JAX,BUF,AWAY,5.5,-110.0,0.528918610057188,0.5238095238095238,0.005109086247664152,0.009753710109177083,0.01072908112009479,WIN,0.9090909090909091,0.01072908112009479,0.009753710109177081
2023,5,401547458,TEN,IND,HOME,2.5,-110.0,0.5457960993082553,0.5238095238095238,0.02198657549873151,0.04197437140666932,0.04617180854733625,WIN,0.9090909090909091,0.04617180854733625,0.04197437140666931
2023,5,401547459,NO,NE,AWAY,2.5,-110.0,0.5779529146124696,0.5238095238095238,0.05414339080294572,0.10336465516926008,0.05,WIN,0.9090909090909091,0.05,0.045454545454545456
2023,5,401547460,BAL,PIT,AWAY,-4.5,-112.0,0.5388381498399908,0.5283018867924528,0.010536263047537964,0.019943640768553983,0.022336877660780463,LOSS,-1.0,0.022336877660780463,-0.022336877660780463
2023,5,401547463,HOU,ATL,AWAY,2.5,-110.0,0.540975644471275,0.5238095238095238,0.01716612066175116,0.03277168489970683,0.03604885338967751,WIN,0.9090909090909091,0.03604885338967751,0.032771684899706825
2023,5,401547465,NYG,MIA,AWAY,12.5,-110.0,0.528010218825611,0.5238095238095238,0.004200695016087219,0.008019508667075681,0.008821459533783249,LOSS,-1.0,0.008821459533783249,-0.008821459533783249
2023,5,401547466,CIN,ARI,AWAY,-3.0,-120.0,0.5952525123059405,0.5454545454545454,0.04979796685139504,0.0912962725608909,0.05,WIN,0.8333333333333334,0.05,0.04166666666666667
2023,5,401547462,KC,MIN,AWAY,-3.5,-105.0,0.5364231065972682,0.5121951219512195,0.024227984646048695,0.04730225573752367,0.04966736852439985,WIN,0.9523809523809523,0.04966736852439985,0.04730225573752367
2023,5,401547354,DAL,SF,AWAY,3.5,-115.0,0.6176160237984545,0.5348837209302326,0.08273230286822186,0.15467343579711046,0.05,LOSS,-1.0,0.05,-0.05
2023,5,401547468,GB,LV,AWAY,1.0,-110.0,0.5421341079660489,0.5238095238095238,0.018324584156525048,0.034983297026093374,0.03848162672870271,LOSS,-1.0,0.03848162672870271,-0.03848162672870271
2023,6,401547469,DEN,KC,HOME,-10.5,-112.0,0.621672542315518,0.5283018867924528,0.09337065552306523,0.1767373122400877,0.05,WIN,0.8928571428571429,0.05,0.04464285714285715
2023,6,401547229,BAL,TEN,AWAY,-5.5,-112.0,0.5672613149990893,0.5283018867924528,0.03895942820663645,0.07374463196256176,0.05,WIN,0.8928571428571429,0.05,0.04464285714285715
2023,6,401547470,WAS,ATL,AWAY,1.5,-108.0,0.5306475880910589,0.5192307692307692,0.011416818860289779,0.021987947434632116,0.023746983229402684,WIN,0.9259259259259259,0.023746983229402684,0.021987947434632116
2023,6,401547471,SEA,CIN,AWAY,3.0,-112.0,0.5469154968135639,0.5283018867924528,0.01861361002111106,0.03523290468281731,0.039460853244755394,LOSS,-1.0,0.039460853244755394,-0.039460853244755394
2023,6,401547476,SF,CLE,HOME,9.5,-105.0,0.549654398209671,0.5121951219512195,0.03745927625845147,0.07313477745697672,0.05,WIN,0.9523809523809523,0.05,0.047619047619047616
2023,6,401547477,NO,HOU,HOME,2.0,-110.0,0.555183381375874,0.5238095238095238,0.03137385756635014,0.05989554626303217,0.05,WIN,0.9090909090909091,0.05,0.045454545454545456
2023,6,401547474,NE,LV,AWAY,3.0,-118.0,0.5685131632504561,0.5412844036697247,0.027228759580731343,0.05030397956440191,0.05,LOSS,-1.0,0.05,-0.05
2023,6,401547478,DET,TB,AWAY,-3.0,-115.0,0.5421877975238723,0.5348837209302326,0.00730407659363963,0.013655447544630661,0.01570376467632526,WIN,0.8695652173913043,0.01570376467632526,0.013655447544630661
2023,6,401547480,PHI,NYJ,HOME,6.5,-105.0,0.5291877575655595,0.5121951219512195,0.016992635614339946,0.033176098104187535,0.034834903009396914,WIN,0.9523809523809523,0.034834903009396914,0.033176098104187535
2023,7,401547483,JAX,NO,AWAY,2.5,-108.0,0.5301070757173985,0.5192307692307692,0.010876306486629295,0.020946960640915613,0.02262271749218886,WIN,0.9259259259259259,0.02262271749218886,0.02094696064091561
2023,7,401547484,CLE,IND,HOME,3.5,-112.0,0.5847357902389766,0.5283018867924528,0.05643390344652377,0.10682131723806276,0.05,WIN,0.8928571428571429,0.05,0.04464285714285715
2023,7,401547486,WAS,NYG,HOME,3.0,-112.0,0.5599455782803622,0.5283018867924528,0.03164369148790935,0.05989698745925692,0.05,WIN,0.8928571428571429,0.05,0.04464285714285715
2023,7,401547490,LV,CHI,HOME,2.5,-110.0,0.551266836525256,0.5238095238095238,0.02745731271573215,0.0524185060936706,0.05,WIN,0.9090909090909091,0.05,0.045454545454545456
2023,7,401547492,PIT,LA,HOME,-3.5,-102.0,0.5248549485795445,0.504950495049505,0.019904453530039556,0.03941862365752935,0.040206996130679934,LOSS,-1.0,0.040206996130679934,-0.040206996130679934
2023,7,401547493,ARI,SEA,HOME,-9.5,-108.0,0.5728548239830132,0.5192307692307692,0.05362405475224408,0.10327595730061812,0.05,WIN,0.9259259259259259,0.05,0.0462962962962963
2023,7,401547487,GB,DEN,AWAY,1.5,-112.0,0.572136318227366,0.5283018867924528,0.04383443143491317,0.08297231664465698,0.05,LOSS,-1.0,0.05,-0.05
2023,7,401547488,LAC,KC,AWAY,5.5,-105.0,0.5128438367323082,0.5121951219512195,0.0006487147810886329,0.0012665383821254261,0.0013298653012316975,LOSS,-1.0,0.0013298653012316975,-0.0013298653012316975
2023,8,401547496,TB,BUF,HOME,-10.0,-108.0,0.5919654783483062,0.5192307692307692,0.07273470911753699,0.1400816620041453,0.05,LOSS,-1.0,0.05,-0.05
2023,8,401547497,NE,MIA,HOME,-7.5,-110.0,0.6271630688697706,0.5238095238095238,0.10335354506024674,0.19731131329683482,0.05,WIN,0.9090909090909091,0.05,0.045454545454545456
2023,8,401547498,NYJ,NYG,HOME,3.0,-105.0,0.5403632538318139,0.5121951219512195,0.028168131880594416,0.05499492414782714,0.05,PUSH,0.0,0.05,0.0
2023,8,401547499,JAX,PIT,HOME,2.5,-110.0,0.5938761030939761,0.5238095238095238,0.07006657928445226,0.1337634695430453,0.05,LOSS,-1.0,0.05,-0.05
2023,8,401547500,ATL,TEN,HOME,2.5,-110.0,0.5937399998538622,0.5238095238095238,0.06993047604433833,0.133503636084646,0.05,WIN,0.9090909090909091,0.05,0.045454545454545456
2023,8,401547504,HOU,CAR,HOME,3.0,-102.0,0.5613443279715573,0.504950495049505,0.056393832922052356,0.11168190441426062,0.05,WIN,0.9803921568627451,0.05,0.049019607843137254
2023,8,401547506,MIN,GB,HOME,1.0,-112.0,0.5619229284264962,0.5283018867924528,0.033621041634043336,0.06363982880729624,0.05,LOSS,-1.0,0.05,-0.05
2023,8,401547507,NO,IND,HOME,2.0,-110.0,0.5305675054547017,0.5238095238095238,0.006757981645177824,0.01290160132261231,0.01419176145487354,LOSS,-1.0,0.01419176145487354,-0.01419176145487354
2023,8,401547508,PHI,WAS,HOME,7.0,-110.0,0.5330642633646216,0.5238095238095238,0.009254739555097813,0.01766813915064136,0.019434953065705494,PUSH,0.0,0.019434953065705494,0.0
2023,8,401547509,CLE,SEA,AWAY,4.0,-110.0,0.5575698303603073,0.5238095238095238,0.03376030655078344,0.06445149432422304,0.05,PUSH,0.0,0.05,0.0
2023,8,401547501,BAL,ARI,HOME,9.5,-110.0,0.5322919257193055,0.5238095238095238,0.008482401909781667,0.016193676373219668,0.017813044010541634,WIN,0.9090909090909091,0.017813044010541634,0.016193676373219668
2023,8,401547503,CIN,SF,HOME,-4.0,-115.0,0.5860201405753298,0.5348837209302326,0.051136419645097186,0.09560287151039915,0.05,LOSS,-1.0,0.05,-0.05
2023,8,401547511,LV,DET,AWAY,7.0,-110.0,0.5401333448647994,0.5238095238095238,0.016323821055275523,0.031163658378253356,0.03428002421607869,LOSS,-1.0,0.03428002421607869,-0.03428002421607869
2023,9,401547512,TEN,PIT,HOME,-3.5,100.0,0.5122926666958293,0.5,0.01229266669582929,0.02458533339165858,0.02458533339165858,WIN,1.0,0.02458533339165858,0.02458533339165858
2023,9,401547513,SEA,BAL,HOME,-6.0,-110.0,0.6065890684932814,0.5238095238095238,0.08277954468375759,0.15803367621444642,0.05,WIN,0.9090909090909091,0.05,0.045454545454545456
2023,9,401547514,ARI,CLE,HOME,-13.0,-108.0,0.5411089325538734,0.5192307692307692,0.021878163323104216,0.042135721955607996,0.04550657971205663,WIN,0.9259259259259259,0.04550657971205663,0.04213572195560799
2023,9,401547515,TB,HOU,AWAY,2.5,100.0,0.5595133722416812,0.5,0.059513372241681184,0.11902674448336237,0.05,WIN,1.0,0.05,0.05
2023,9,401547516,CHI,NO,AWAY,9.0,-108.0,0.5438679288325553,0.5192307692307692,0.02463715960178614,0.04744934441825477,0.05,WIN,0.9259259259259259,0.05,0.0462962962962963
2023,9,401547518,MIN,ATL,AWAY,3.5,-108.0,0.5646404274573312,0.5192307692307692,0.045409658226562066,0.08745563806597134,0.05,WIN,0.9259259259259259,0.05,0.0462962962962963
2023,9,401547519,LA,GB,AWAY,3.5,-108.0,0.5195113614642155,0.5192307692307692,0.00028059223344634177,0.0005403998570077118,0.0005836318455683286,LOSS,-1.0,0.0005836318455683286,-0.0005836318455683286
2023,9,401547520,WAS,NE,HOME,-2.5,-120.0,0.5614704910972013,0.5454545454545454,0.01601594564265585,0.029362567011535723,0.03523508041384286,LOSS,-1.0,0.03523508041384286,-0.03523508041384286
2023,9,401547517,IND,CAR,AWAY,-1.5,-108.0,0.5644290659269267,0.5192307692307692,0.04519829669615749,0.08704857141482181,0.05,WIN,0.9259259259259259,0.05,0.0462962962962963
2023,9,401547521,NYG,LV,HOME,-1.0,-110.0,0.5292598260380876,0.5238095238095238,0.005450302228563797,0.010405122436349168,0.011445634679984084,WIN,0.9090909090909091,0.011445634679984084,0.010405122436349168
2023,9,401547524,LAC,NYJ,HOME,3.0,-102.0,0.5397877596323076,0.504950495049505,0.034837264582802674,0.06899144554633474,0.05,LOSS,-1.0,0.05,-0.05
2023,10,401547231,IND,NE,HOME,1.0,-110.0,0.5594181211598328,0.5238095238095238,0.03560859735030897,0.06798004948695358,0.05,LOSS,-1.0,0.05,-0.05
2023,10,401547526,HOU,CIN,HOME,-5.5,-110.0,0.6311266253493755,0.5238095238095238,0.10731710153985163,0.20487810293971687,0.05,LOSS,-1.0,0.05,-0.05
2023,10,401547527,GB,PIT,AWAY,3.0,100.0,0.5876388345340045,0.5,0.08763883453400445,0.1752776690680089,0.05,LOSS,-1.0,0.05,-0.05
2023,10,401547531,CLE,BAL,HOME,-6.0,-108.0,0.5622304055118029,0.5192307692307692,0.04299963628103376,0.08281411431902796,0.05,LOSS,-1.0,0.05,-0.05
2023,10,401547529,ATL,ARI,HOME,2.0,-110.0,0.5465521531086354,0.5238095238095238,0.022742629299111528,0.04341774684375849,0.047759521528134334,WIN,0.9090909090909091,0.047759521528134334,0.04341774684375849
2023,10,401547530,DET,LAC,HOME,2.5,-110.0,0.5258965754748749,0.5238095238095238,0.0020870516653510585,0.003984371361124839,0.004382808497237323,LOSS,-1.0,0.004382808497237323,-0.004382808497237323
2023,10,401547535,WAS,SEA,AWAY,6.0,-110.0,0.5349680608338072,0.5238095238095238,0.011158537024283377,0.02130266159181382,0.0234329277509952,WIN,0.9090909090909091,0.0234329277509952,0.021302661591813817
2023,10,401547536,NYJ,LV,AWAY,-1.0,-108.0,0.5429426688872372,0.5192307692307692,0.023711899656468027,0.045667362301345715,0.049320751285453365,LOSS,-1.0,0.049320751285453365,-0.049320751285453365
2023,10,401547537,DEN,BUF,HOME,-7.5,-108.0,0.5567757102525704,0.5192307692307692,0.03754494102180128,0.0723087753012468,0.05,LOSS,-1.0,0.05,-0.05
2023,11,401547538,CIN,BAL,HOME,-4.0,-108.0,0.5281357190777,0.5192307692307692,0.008904949846930799,0.017150273779274083,0.018522295681616008,WIN,0.9259259259259259,0.018522295681616008,0.01715027377927408
2023,11,401547539,PIT,CLE,AWAY,2.5,-105.0,0.527509202500537,0.5121951219512195,0.015314080549317488,0.029898919167715143,0.0313938651261009,LOSS,-1.0,0.0313938651261009,-0.0313938651261009
2023,11,401547541,TEN,JAX,HOME,-6.5,-115.0,0.5369792654794951,0.5348837209302326,0.002095544549262529,0.00391775720079518,0.004505420780914458,WIN,0.8695652173913043,0.004505420780914458,0.003917757200795181
2023,11,401547545,DAL,CAR,HOME,11.0,-110.0,0.6291160363040511,0.5238095238095238,0.10530651249452727,0.2010397056713703,0.05,LOSS,-1.0,0.05,-0.05
2023,11,401547543,NYJ,BUF,HOME,-8.0,-112.0,0.5739867519424537,0.5283018867924528,0.04568486515000092,0.08647492331964457,0.05,WIN,0.8928571428571429,0.05,0.04464285714285715
2023,11,401547544,SEA,LA,AWAY,2.5,-110.0,0.5459441205368785,0.5238095238095238,0.022134596727354627,0.0422569573885862,0.04648265312744482,WIN,0.9090909090909091,0.04648265312744482,0.042256957388586196
2023,12,401547552,GB,DET,AWAY,8.5,-105.0,0.5378708530505314,0.5121951219512195,0.02567573109931187,0.05012880833675171,0.05,WIN,0.9523809523809523,0.05,0.047619047619047616
2023,12,401547551,WAS,DAL,HOME,-13.0,-110.0,0.5769642044584403,0.5238095238095238,0.053154680648916486,0.10147711760247702,0.05,WIN,0.9090909090909091,0.05,0.045454545454545456
2023,12,401547242,MIA,NYJ,HOME,9.5,100.0,0.5231640529074084,0.5,0.023164052907408417,0.04632810581481683,0.04632810581481683,LOSS,-1.0,0.04632810581481683,-0.04632810581481683
2023,12,401547554,PIT,CIN,HOME,2.0,-108.0,0.5700961549196683,0.5192307692307692,0.05086538568889909,0.0979629650304723,0.05,LOSS,-1.0,0.05,-0.05
2023,12,401547556,TB,IND,AWAY,2.5,-105.0,0.5936940491045639,0.5121951219512195,0.08149892715334439,0.15911695301367235,0.05,LOSS,-1.0,0.05,-0.05
2023,12,401547559,NO,ATL,AWAY,-2.0,-110.0,0.5459820112037443,0.5238095238095238,0.022172487394220508,0.04232929411623926,0.04656222352786318,LOSS,-1.0,0.04656222352786318,-0.04656222352786318
2023,12,401547560,NE,NYG,HOME,4.5,-112.0,0.5425702244044116,0.5283018867924528,0.014268337611958781,0.027007924765493352,0.030248875737352555,WIN,0.8928571428571429,0.030248875737352555,0.027007924765493355
2023,12,401547561,CAR,TEN,HOME,-3.5,-105.0,0.5286458408373617,0.5121951219512195,0.016450718886142135,0.03211807020627755,0.03372397371659143,WIN,0.9523809523809523,0.03372397371659143,0.03211807020627755
2023,12,401547562,LA,ARI,AWAY,-3.0,-105.0,0.5509515646364398,0.5121951219512195,0.03875644268522027,0.07566734048066814,0.05,WIN,0.9523809523809523,0.05,0.047619047619047616
2023,12,401547557,KC,LV,HOME,9.0,-110.0,0.535054864270375,0.5238095238095238,0.011245340460851128,0.021468377243443137,0.02361521496778745,LOSS,-1.0,0.02361521496778745,-0.02361521496778745
2023,12,401547564,BAL,LAC,AWAY,-3.0,-115.0,0.5561407059307171,0.5348837209302326,0.021256985000484452,0.03974131978351447,0.04570251775104165,WIN,0.8695652173913043,0.04570251775104165,0.03974131978351448
2023,12,401547565,CHI,MIN,AWAY,3.0,-105.0,0.5464178995197797,0.5121951219512195,0.03422277756856018,0.06681589906242702,0.05,WIN,0.9523809523809523,0.05,0.047619047619047616
2023,13,401547567,LAC,NE,AWAY,-4.5,-110.0,0.5258528168716319,0.5238095238095238,0.0020432930621080425,0.003900832209479066,0.004290915430426972,WIN,0.9090909090909091,0.004290915430426972,0.0039008322094790655
2023,13,401547570,IND,TEN,HOME,1.5,-110.0,0.5645379467624073,0.5238095238095238,0.04072842295288348,0.07775426200095947,0.05,LOSS,-1.0,0.05,-0.05
2023,13,401547571,DEN,HOU,AWAY,3.5,-122.0,0.5845478496258376,0.5495495495495495,0.034998300076288125,0.06368543128636028,0.05,LOSS,-1.0,0.05,-0.05
2023,13,401547569,CAR,TB,HOME,-4.0,-110.0,0.5775228956793297,0.5238095238095238,0.05371337186980585,0.10254370993326578,0.05,LOSS,-1.0,0.05,-0.05
2023,13,401547276,SF,PHI,AWAY,-3.0,-105.0,0.5617213261904624,0.5121951219512195,0.04952620423924292,0.09669401780042663,0.05,WIN,0.9523809523809523,0.05,0.047619047619047616
2023,13,401547577,CIN,JAX,AWAY,10.0,-105.0,0.5194808392967628,0.5121951219512195,0.0072857173455432855,0.014224495769870227,0.014935720558363738,WIN,0.9523809523809523,0.014935720558363738,0.014224495769870227
2023,14,401547582,HOU,NYJ,AWAY,-3.5,-108.0,0.5394152383237192,0.5192307692307692,0.02018446909295002,0.038873792327162926,0.041983695713335954,LOSS,-1.0,0.041983695713335954,-0.041983695713335954
2023,14,401547585,LA,BAL,HOME,-7.5,-105.0,0.5177119582178886,0.5121951219512195,0.005516836266669101,0.010770966044449215,0.011309514346671677,LOSS,-1.0,0.011309514346671677,-0.011309514346671677
2023,14,401547586,DET,CHI,AWAY,-3.0,-120.0,0.5497602981953877,0.5454545454545454,0.004305752740842328,0.00789388002487762,0.009472656029853142,LOSS,-1.0,0.009472656029853142,-0.009472656029853142
2023,14,401547587,CAR,NO,AWAY,5.5,-110.0,0.5304200426196618,0.5238095238095238,0.006610518810137966,0.01262008136480891,0.0138820895012898,LOSS,-1.0,0.0138820895012898,-0.0138820895012898
2023,14,401547588,MIN,LV,HOME,3.0,-112.0,0.5333536462611501,0.5283018867924528,0.005051759468697292,0.009562258994319839,0.01070973007363822,PUSH,0.0,0.01070973007363822,0.0
2023,14,401547584,DEN,LAC,HOME,-3.0,-108.0,0.5404907427304637,0.5192307692307692,0.02125997349969455,0.04094513414755985,0.04422074487936463,LOSS,-1.0,0.04422074487936463,-0.04422074487936463
2023,14,401547590,PHI,DAL,HOME,-3.5,-102.0,0.5087583138745934,0.504950495049505,0.003807818825088405,0.007540974535959422,0.007691794026678609,WIN,0.9803921568627451,0.007691794026678609,0.007540974535959421
2023,15,401547604,MIN,CIN,AWAY,3.0,-105.0,0.5210570331014253,0.5121951219512195,0.008861911150205737,0.017301826531354036,0.01816691785792174,PUSH,0.0,0.01816691785792174,0.0
2023,15,401547606,DEN,DET,AWAY,5.5,-108.0,0.5582523174598741,0.5192307692307692,0.039021548229104974,0.07515261140420215,0.05,LOSS,-1.0,0.05,-0.05
2023,15,401547608,KC,NE,HOME,10.0,-108.0,0.5538346522326839,0.5192307692307692,0.03460388300191475,0.06664451541109495,0.05,PUSH,0.0,0.05,0.0
2023,15,401547596,SF,ARI,HOME,12.5,-110.0,0.5655696249708585,0.5238095238095238,0.04176010116133466,0.07972382948982082,0.05,LOSS,-1.0,0.05,-0.05
2023,15,401547600,DAL,BUF,AWAY,2.0,-108.0,0.5326334563961497,0.5192307692307692,0.013402687165380511,0.025812582688880925,0.027877589303991396,LOSS,-1.0,0.027877589303991396,-0.027877589303991396
2023,15,401547602,BAL,JAX,AWAY,-4.0,-110.0,0.5285513892019966,0.5238095238095238,0.004741865392472788,0.009052652112902682,0.009957917324192949,WIN,0.9090909090909091,0.009957917324192949,0.00905265211290268
2023,15,401547601,PHI,SEA,HOME,5.0,100.0,0.504670869011979,0.5,0.004670869011978995,0.00934173802395799,0.00934173802395799,WIN,1.0,0.00934173802395799,0.00934173802395799
2023,16,401547609,NO,LA,AWAY,4.0,100.0,0.5453235445690203,0.5,0.045323544569020324,0.09064708913804065,0.05,LOSS,-1.0,0.05,-0.05
2023,16,401547610,CIN,PIT,HOME,3.0,-115.0,0.5506743927661827,0.5348837209302326,0.015790671835950065,0.029521690823732794,0.03394994444729272,WIN,0.8695652173913043,0.03394994444729272,0.0295216908237328
2023,16,401547611,BUF,LAC,HOME,13.0,-115.0,0.5716352119797402,0.5348837209302326,0.03675149104950759,0.06870930935342728,0.05,WIN,0.8695652173913043,0.05,0.043478260869565216
2023,16,401547612,CLE,HOU,HOME,3.0,-110.0,0.5749624046547033,0.5238095238095238,0.05115288084517944,0.09765549979534272,0.05,LOSS,-1.0,0.05,-0.05
2023,16,401547614,SEA,TEN,HOME,3.0,-110.0,0.558874542911469,0.5238095238095238,0.03506501910194515,0.06694230919462263,0.05,PUSH,0.0,0.05,0.0
2023,16,401547615,JAX,TB,HOME,2.0,-110.0,0.5327546328518441,0.5238095238095238,0.008945109042320265,0.017077026353520597,0.018784728988872654,WIN,0.9090909090909091,0.018784728988872654,0.017077026353520593
2023,16,401547619,ARI,CHI,AWAY,4.5,-110.0,0.562308066100985,0.5238095238095238,0.03849854229146121,0.07349721710188062,0.05,LOSS,-1.0,0.05,-0.05
2023,16,401547351,LV,KC,HOME,-11.0,-118.0,0.5456241520128019,0.5412844036697247,0.004339748343077154,0.00801750117619332,0.009460651387908118,LOSS,-1.0,0.009460651387908118,-0.009460651387908118
2023,16,401547622,BAL,SF,AWAY,6.5,-105.0,0.5508598130376493,0.5121951219512195,0.03866469108642978,0.07548820640683906,0.05,WIN,0.9523809523809523,0.05,0.047619047619047616
2023,17,401547624,DET,DAL,AWAY,5.5,-110.0,0.5406222866625254,0.5238095238095238,0.016812762853001595,0.03209709271936678,0.035306801991303455,WIN,0.9090909090909091,0.035306801991303455,0.032097092719366775
2023,17,401547628,LV,IND,AWAY,3.5,-110.0,0.5428310291359444,0.5238095238095238,0.01902150532642055,0.036313782895893876,0.03994516118548326,WIN,0.9090909090909091,0.03994516118548326,0.03631378289589387
2023,17,401547629,CAR,JAX,HOME,-3.5,-110.0,0.5339747813353003,0.5238095238095238,0.010165257525776461,0.019406400731027895,0.021347040804130683,WIN,0.9090909090909091,0.021347040804130683,0.01940640073102789
2023,17,401547631,TEN,HOU,AWAY,5.0,-105.0,0.5146956598906502,0.5121951219512195,0.0025005379394307248,0.004882002643650463,0.005126102775832986,LOSS,-1.0,0.005126102775832986,-0.005126102775832986
2023,17,401547633,ARI,PHI,HOME,-12.0,-110.0,0.5518877441684539,0.5238095238095238,0.02807822035893004,0.05360387523068466,0.05,LOSS,-1.0,0.05,-0.05
2023,17,401547635,SF,WAS,HOME,14.0,-105.0,0.5823671763315226,0.5121951219512195,0.07017205438030305,0.13700258236154406,0.05,LOSS,-1.0,0.05,-0.05
2023,17,401547636,PIT,SEA,AWAY,4.5,-110.0,0.5255476444270986,0.5238095238095238,0.0017381206175747232,0.0033182302699154564,0.003650053296907002,WIN,0.9090909090909091,0.003650053296907002,0.003318230269915456
2023,17,401547235,CIN,KC,HOME,-7.5,-105.0,0.5266182685076766,0.5121951219512195,0.014423146556457045,0.028159476610225664,0.02956745044073695,WIN,0.9523809523809523,0.02956745044073695,0.028159476610225664
2023,17,401547637,GB,MIN,HOME,-1.0,-108.0,0.5311720818257601,0.5192307692307692,0.011941312594990983,0.022998083516278855,0.02483793019758116,LOSS,-1.0,0.02483793019758116,-0.02483793019758116
2023,18,401547639,PIT,BAL,HOME,3.0,-115.0,0.5757796027326644,0.5348837209302326,0.040895881802431755,0.07645751815237245,0.05,LOSS,-1.0,0.05,-0.05
2023,18,401547641,CLE,CIN,AWAY,7.5,-115.0,0.5375919592507752,0.5348837209302326,0.0027082383205425664,0.0050632281644926724,0.005822712389166574,LOSS,-1.0,0.005822712389166574,-0.005822712389166574
2023,18,401547642,MIN,DET,HOME,-3.5,-118.0,0.5420291165086513,0.5412844036697247,0.0007447128389265201,0.0013758254142879345,0.0016234739888597628,WIN,0.847457627118644,0.0016234739888597628,0.0013758254142879345
2023,18,401547649,ATL,NO,HOME,-3.5,102.0,0.5055923850849489,0.49504950495049505,0.010542880134453814,0.021296617871596757,0.02087903712901643,WIN,1.02,0.02087903712901643,0.021296617871596757
2023,18,401547638,SEA,ARI,HOME,2.5,102.0,0.49979608926485214,0.49504950495049505,0.004746584314357094,0.009588100315001236,0.009400098348040427,WIN,1.02,0.009400098348040427,0.009588100315001236
2023,18,401547643,CHI,GB,HOME,-2.5,-118.0,0.5521008288278078,0.5412844036697247,0.01081642515808301,0.01998288715645835,0.023579806844620854,WIN,0.847457627118644,0.023579806844620854,0.01998288715645835
2023,18,401547645,KC,LAC,HOME,-3.5,-105.0,0.5350487700922543,0.5121951219512195,0.022853648141034744,0.044619027322972626,0.04684997868912126,LOSS,-1.0,0.04684997868912126,-0.04684997868912126
2023,18,401547651,LA,SF,HOME,-5.5,-112.0,0.5461624719260048,0.5283018867924528,0.01786058513355193,0.03380753614565185,0.03786444048313008,LOSS,-1.0,0.03786444048313008,-0.03786444048313008
2023,18,401547653,DAL,WAS,HOME,13.0,-105.0,0.5644257462588103,0.5121951219512195,0.052230624307590734,0.10197407602910569,0.05,LOSS,-1.0,0.05,-0.05
2023,19,401547752,GB,DAL,AWAY,7.0,102.0,0.5150247755532842,0.49504950495049505,0.01997527060278914,0.04035004661763408,0.03955886923297459,WIN,1.02,0.03955886923297459,0.04035004661763408
2023,19,401547753,LA,DET,HOME,-3.5,102.0,0.5028899689986716,0.49504950495049505,0.00784046404817651,0.01583773737731653,0.015527193507173067,LOSS,-1.0,0.015527193507173067,-0.015527193507173067
2023,19,401547754,PHI,TB,HOME,2.5,105.0,0.5380317441493015,0.48780487804878053,0.05022686610052102,0.10296507550606804,0.05,WIN,1.05,0.05,0.052500000000000005
2023,20,401547756,GB,SF,HOME,-10.5,-108.0,0.5456890811113791,0.5192307692307692,0.026458311880609986,0.05095674880710066,0.05,LOSS,-1.0,0.05,-0.05
2023,21,401547380,DET,SF,HOME,-7.5,100.0,0.5123969082032466,0.5,0.01239690820324657,0.02479381640649314,0.02479381640649314,LOSS,-1.0,0.02479381640649314,-0.02479381640649314
2023,22,401547378,SF,KC,HOME,1.5,-110.0,0.5297658992868127,0.5238095238095238,0.005956375477288889,0.011371262274824323,0.012508388502306754,WIN,0.9090909090909091,0.012508388502306754,0.011371262274824321
2024,1,401671789,BAL,KC,AWAY,3.0,-118.0,0.5439678018561831,0.5412844036697247,0.0026833981864583523,0.004957464446168736,0.0058498080464791085,LOSS,-1.0,0.0058498080464791085,-0.0058498080464791085
2024,1,401671805,GB,PHI,AWAY,2.0,-110.0,0.5458027658677869,0.5238095238095238,0.02199324205826303,0.04198709847486587,0.04618580832235245,LOSS,-1.0,0.04618580832235245,-0.04618580832235245
2024,1,401671617,ARI,BUF,AWAY,6.5,-105.0,0.5141686294563638,0.5121951219512195,0.0019735075051442452,0.003853038462424463,0.004045690385545686,WIN,0.9523809523809523,0.004045690385545686,0.0038530384624244625
2024,1,401671719,TEN,CHI,AWAY,4.0,-108.0,0.5233716272165545,0.5192307692307692,0.00414085798578534,0.007974985750401342,0.00861298461043345,LOSS,-1.0,0.00861298461043345,-0.00861298461043345
2024,1,401671744,PIT,ATL,AWAY,4.0,-110.0,0.5411302556313843,0.5238095238095238,0.017320731821860447,0.03306685165991552,0.03637353682590707,WIN,0.9090909090909091,0.03637353682590707,0.03306685165991552
2024,1,401671849,JAX,MIA,AWAY,3.5,-110.0,0.5511555047173955,0.5238095238095238,0.02734598090787166,0.0522059635513914,0.05,WIN,0.9090909090909091,0.05,0.045454545454545456
2024,1,401671664,DEN,SEA,AWAY,6.5,-110.0,0.5574288654056792,0.5238095238095238,0.03361934159615532,0.06418237941084204,0.05,WIN,0.9090909090909091,0.05,0.045454545454545456
2024,1,401671761,DAL,CLE,AWAY,2.5,-112.0,0.5283527540557591,0.5283018867924528,5.086726330627567e-05,9.628446268683533e-05,0.00010783859820925558,WIN,0.8928571428571429,0.00010783859820925558,9.628446268683534e-05
2024,1,401671792,LA,DET,AWAY,5.0,-108.0,0.5435310119658034,0.5192307692307692,0.024300242735034283,0.046800467489695574,0.05,LOSS,-1.0,0.05,-0.05
2024,1,401671696,NYJ,SF,HOME,-3.5,-105.0,0.5297163264318819,0.5121951219512195,0.01752120448066241,0.03420806589081704,0.0359184691853579,WIN,0.9523809523809523,0.0359184691853579,0.03420806589081704
2024,2,401671652,LAC,CAR,AWAY,-5.0,-110.0,0.5418471868188435,0.5238095238095238,0.018037663009319638,0.0344355384723376,0.03787909231957136,WIN,0.9090909090909091,0.03787909231957136,0.034435538472337594
2024,2,401671709,NO,DAL,AWAY,6.5,-112.0,0.5496510093321383,0.5283018867924528,0.02134912253968546,0.04041083909297599,0.04526013978413312,WIN,0.8928571428571429,0.04526013978413312,0.040410839092976
2024,2,401671721,TB,DET,AWAY,7.5,-108.0,0.5195189834339335,0.5192307692307692,0.00028821420316438306,0.0005550792060943222,0.0005994855425818679,WIN,0.9259259259259259,0.0005994855425818679,0.000555079206094322
2024,2,401671670,CIN,KC,AWAY,6.5,-105.0,0.5160616516982014,0.5121951219512195,0.0038665297469818727,0.007548939029821733,0.00792638598131282,WIN,0.9523809523809523,0.00792638598131282,0.007548939029821733
2024,2,401671786,CHI,HOU,AWAY,6.0,-108.0,0.5842808074803504,0.5192307692307692,0.06505003824958122,0.12528155514734152,0.05,PUSH,0.0,0.05,0.0
2024,2,401671691,ATL,PHI,AWAY,5.5,-105.0,0.5353632996349174,0.5121951219512195,0.023168177683697833,0.045233108811029044,0.0474947642515805,WIN,0.9523809523809523,0.0474947642515805,0.045233108811029044
2024,3,401671646,HOU,MIN,HOME,2.0,-108.0,0.5511833236211912,0.5192307692307692,0.031952554390421994,0.061538252900071866,0.05,WIN,0.9259259259259259,0.05,0.0462962962962963
2024,3,401671736,PHI,NO,AWAY,2.5,-105.0,0.522451726694668,0.5121951219512195,0.010256604743448472,0.020024799737208943,0.02102603972406939,WIN,0.9523809523809523,0.02102603972406939,0.020024799737208943
2024,3,401671793,KC,ATL,AWAY,-3.0,-118.0,0.5487729220004841,0.5412844036697247,0.007488518330759364,0.013834720305979098,0.016324969961055338,WIN,0.847457627118644,0.016324969961055338,0.0138347203059791
2024,3,401671682,JAX,BUF,HOME,-4.0,-112.0,0.547634149352766,0.5283018867924528,0.019332262560313174,0.03659321127487847,0.040984396627863885,WIN,0.8928571428571429,0.040984396627863885,0.03659321127487847
2024,4,401671643,MIN,GB,AWAY,2.5,-102.0,0.5329998331318364,0.504950495049505,0.028049338082331454,0.0555486891434408,0.05,WIN,0.9803921568627451,0.05,0.049019607843137254
2024,4,401671727,NO,ATL,AWAY,2.5,-105.0,0.5152836538225909,0.5121951219512195,0.0030885318713713694,0.0060299907964869726,0.006331490336311321,WIN,0.9523809523809523,0.006331490336311321,0.0060299907964869726
2024,4,401671857,JAX,HOU,AWAY,5.5,-108.0,0.5399175116651924,0.5192307692307692,0.020686742434423255,0.039841133577407706,0.04302842426360032,WIN,0.9259259259259259,0.04302842426360032,0.0398411335774077
2024,4,401671867,PIT,IND,HOME,2.5,-112.0,0.541505563929639,0.5283018867924528,0.013203677137186176,0.02499267458110238,0.027991795530834668,WIN,0.8928571428571429,0.027991795530834668,0.024992674581102384
2024,4,401671871,LA,CHI,HOME,-3.0,-108.0,0.5372520336507803,0.5192307692307692,0.018021264420011174,0.034707620364465896,0.037484229993623164,WIN,0.9259259259259259,0.037484229993623164,0.03470762036446589
2024,4,401671758,NE,SF,HOME,-10.5,-108.0,0.5678576975253475,0.5192307692307692,0.048626928294578375,0.09365186190066943,0.05,WIN,0.9259259259259259,0.05,0.0462962962962963
2024,4,401671672,CLE,LV,HOME,2.5,-105.0,0.5569680868716765,0.5121951219512195,0.044772964920457015,0.08741388389232085,0.05,WIN,0.9523809523809523,0.05,0.047619047619047616
2024,4,401671674,KC,LAC,HOME,7.5,-112.0,0.5401106231035951,0.5283018867924528,0.01180873631114232,0.022352250874662194,0.02503452097962166,WIN,0.8928571428571429,0.02503452097962166,0.022352250874662197
2024,4,401671683,TEN,MIA,AWAY,2.5,-108.0,0.5283056544788879,0.5192307692307692,0.009074885248118725,0.017477556774154523,0.018875761316086884,WIN,0.9259259259259259,0.018875761316086884,0.017477556774154523
2024,4,401671491,SEA,DET,AWAY,3.5,-108.0,0.5309727222434475,0.5192307692307692,0.01174195301267833,0.022614131728121156,0.024423262266370847,LOSS,-1.0,0.024423262266370847,-0.024423262266370847
2024,5,401671815,TB,ATL,AWAY,2.5,-102.0,0.5561654648333035,0.504950495049505,0.05121496978379858,0.10142572447379727,0.05,LOSS,-1.0,0.05,-0.05
2024,5,401671804,NYJ,MIN,AWAY,2.5,-105.0,0.5405722053709183,0.5121951219512195,0.0283770834196988,0.05540287715274528,0.05,LOSS,-1.0,0.05,-0.05
2024,5,401671700,MIA,NE,HOME,2.0,-108.0,0.5540231585810689,0.5192307692307692,0.03479238935029971,0.06700756467465119,0.05,LOSS,-1.0,0.05,-0.05
2024,5,401671859,BUF,HOU,AWAY,1.0,-108.0,0.5362653764433343,0.5192307692307692,0.01703460721256511,0.032807391668643826,0.03543198300213533,LOSS,-1.0,0.03543198300213533,-0.03543198300213533
2024,5,401671747,LV,DEN,AWAY,3.0,-112.0,0.5520500344227949,0.5283018867924528,0.023748147630342054,0.044951850871718824,0.05,LOSS,-1.0,0.05,-0.05
2024,5,401671679,GB,LA,AWAY,-3.0,-112.0,0.5423673828153341,0.5283018867924528,0.014065496022881319,0.026623974614739587,0.02981885156850834,WIN,0.8928571428571429,0.02981885156850834,0.02662397461473959
2024,5,401671784,DAL,PIT,AWAY,2.5,-108.0,0.5416282855998371,0.5192307692307692,0.02239751636906795,0.0431359574515382,0.04658683404766125,WIN,0.9259259259259259,0.04658683404766125,0.0431359574515382
2024,5,401671687,NO,KC,AWAY,5.5,-112.0,0.5674573450373592,0.5283018867924528,0.039155458244906405,0.07411568882071562,0.05,LOSS,-1.0,0.05,-0.05
2024,6,401671802,JAX,CHI,HOME,1.5,-112.0,0.5388756912275751,0.5283018867924528,0.010573804435122236,0.02001470125219562,0.022416465402459097,WIN,0.8928571428571429,0.022416465402459097,0.020014701252195625
2024,6,401671619,HOU,NE,HOME,6.5,-112.0,0.5487110095851173,0.5283018867924528,0.02040912279266449,0.038631553857543466,0.04326734032044868,LOSS,-1.0,0.04326734032044868,-0.04326734032044868
2024,6,401671625,WAS,BAL,AWAY,6.5,-108.0,0.522734542263511,0.5192307692307692,0.0035037730327418526,0.006748007322317562,0.007287847908102966,LOSS,-1.0,0.007287847908102966,-0.007287847908102966
2024,6,401671735,TB,NO,AWAY,-3.5,-108.0,0.5264225032758871,0.5192307692307692,0.00719173404511797,0.013850747049856782,0.014958806813845323,WIN,0.9259259259259259,0.014958806813845323,0.01385074704985678
2024,6,401671655,LAC,DEN,HOME,3.0,-115.0,0.544677267387114,0.5348837209302326,0.009793546456881352,0.018309673810691263,0.021056124882294955,LOSS,-1.0,0.021056124882294955,-0.021056124882294955
2024,6,401671657,PIT,LV,HOME,3.5,-110.0,0.5469829966364717,0.5238095238095238,0.023173472826947816,0.04424026630599137,0.048664292936590504,LOSS,-1.0,0.048664292936590504,-0.048664292936590504
2024,7,401671816,DEN,NO,HOME,2.5,-102.0,0.5581240018308946,0.504950495049505,0.05317350678138966,0.10530439578275208,0.05,LOSS,-1.0,0.05,-0.05
2024,7,401671801,NE,JAX,AWAY,6.5,-105.0,0.5321748479802886,0.5121951219512195,0.019979726029069056,0.03900803653294438,0.0409584383595916,LOSS,-1.0,0.0409584383595916,-0.0409584383595916
2024,7,401671644,HOU,GB,AWAY,3.0,100.0,0.5130069592263448,0.5,0.013006959226344761,0.026013918452689522,0.026013918452689522,WIN,1.0,0.026013918452689522,0.026013918452689522
2024,7,401671853,CIN,CLE,AWAY,-5.5,-110.0,0.5275401253145804,0.5238095238095238,0.003730601505056552,0.007122057418744443,0.007834263160618887,WIN,0.9090909090909091,0.007834263160618887,0.007122057418744443
2024,7,401671663,LV,LA,AWAY,7.0,-105.0,0.5387910434535021,0.5121951219512195,0.026595921502282627,0.05192537055207558,0.05,WIN,0.9523809523809523,0.05,0.047619047619047616
2024,7,401671777,KC,SF,AWAY,2.5,-105.0,0.5302591229817613,0.5121951219512195,0.018064001030541732,0.03526781153581959,0.03703120211261057,WIN,0.9523809523809523,0.03703120211261057,0.03526781153581959
2024,7,401671699,LAC,ARI,HOME,1.0,-105.0,0.5141659339877858,0.5121951219512195,0.0019708120365662385,0.0038477758809150053,0.004040164674960755,WIN,0.9523809523809523,0.004040164674960755,0.003847775880915005
2024,8,401671667,PHI,CIN,AWAY,2.5,100.0,0.5136677349793917,0.5,0.013667734979391666,0.02733546995878333,0.02733546995878333,WIN,1.0,0.02733546995878333,0.02733546995878333
2024,8,401671707,GB,JAX,AWAY,-3.5,-115.0,0.5499574626998127,0.5348837209302326,0.015073741769580096,0.02818134330834543,0.03240854480459725,LOSS,-1.0,0.03240854480459725,-0.03240854480459725
2024,8,401671850,ARI,MIA,AWAY,4.0,-108.0,0.5285306436080153,0.5192307692307692,0.009299874377246109,0.01791086917099244,0.01934373870467183,WIN,0.9259259259259259,0.01934373870467183,0.017910869170992435
2024,8,401671852,BAL,CLE,AWAY,-7.5,-110.0,0.5377324404606739,0.5238095238095238,0.013922916651150086,0.026580113606741174,0.029238124967415288,LOSS,-1.0,0.029238124967415288,-0.029238124967415288
2024,8,401671856,IND,HOU,AWAY,5.0,-112.0,0.5710395592721286,0.5283018867924528,0.04273767247967575,0.08089630862224328,0.05,WIN,0.8928571428571429,0.05,0.04464285714285715
2024,8,401671599,CHI,WAS,AWAY,1.5,-110.0,0.5404389494418309,0.5238095238095238,0.01662942563230707,0.03174708529804088,0.034921793827844966,LOSS,-1.0,0.034921793827844966,-0.034921793827844966
2024,8,401671600,CAR,DEN,HOME,-13.0,-110.0,0.5262742181475607,0.5238095238095238,0.0024646943380368658,0.004705325554434092,0.0051758581098775005,WIN,0.9090909090909091,0.0051758581098775005,0.004705325554434091
2024,8,401671671,KC,LV,HOME,9.0,-108.0,0.521407035221121,0.5192307692307692,0.002176265990351811,0.00419132709252934,0.004526633259931687,WIN,0.9259259259259259,0.004526633259931687,0.00419132709252934
2024,8,401671795,DAL,SF,AWAY,5.5,-105.0,0.5263987702392738,0.5121951219512195,0.014203648288054316,0.027730932371915595,0.029117478990511377,LOSS,-1.0,0.029117478990511377,-0.029117478990511377
2024,9,401671809,HOU,NYJ,AWAY,2.5,100.0,0.5112093447870341,0.5,0.011209344787034059,0.022418689574068118,0.022418689574068118,LOSS,-1.0,0.022418689574068118,-0.022418689574068118
2024,9,401671493,MIA,BUF,HOME,-6.5,-110.0,0.5866523192579229,0.5238095238095238,0.0628427954483991,0.11997260949239841,0.05,LOSS,-1.0,0.05,-0.05
2024,9,401671704,LV,CIN,AWAY,8.0,-110.0,0.5750059065837125,0.5238095238095238,0.0511963827741887,0.09773854893254219,0.05,LOSS,-1.0,0.05,-0.05
2024,9,401671711,WAS,NYG,AWAY,-4.5,-108.0,0.5216932580811763,0.5192307692307692,0.0024624888504071185,0.004742571119302541,0.005121976808846743,WIN,0.9259259259259259,0.005121976808846743,0.00474257111930254
2024,9,401671728,DAL,ATL,AWAY,3.0,-105.0,0.5286570998049589,0.5121951219512195,0.016461977853739374,0.03214005200015779,0.03374705460016569,LOSS,-1.0,0.03374705460016569,-0.03374705460016569
2024,9,401671767,DET,GB,HOME,2.5,100.0,0.5058036579649684,0.5,0.005803657964968401,0.011607315929936801,0.011607315929936801,LOSS,-1.0,0.011607315929936801,-0.011607315929936801
2024,9,401671776,LA,SEA,HOME,1.5,-108.0,0.5252935296606801,0.5192307692307692,0.0060627604299109406,0.011676427494643205,0.01261054169421466,LOSS,-1.0,0.01261054169421466,-0.01261054169421466
2024,9,401671647,IND,MIN,AWAY,6.5,-110.0,0.5300022105473519,0.5238095238095238,0.006192686737828024,0.011822401954035389,0.013004642149438927,LOSS,-1.0,0.013004642149438927,-0.013004642149438927
2024,10,401671637,DEN,KC,HOME,-7.5,-105.0,0.5377579429097304,0.5121951219512195,0.025562820958510923,0.04990836472852134,0.05,LOSS,-1.0,0.05,-0.05
2024,10,401671641,PIT,WAS,AWAY,1.5,-110.0,0.5427269886288516,0.5238095238095238,0.018917464819327767,0.03611516010962584,0.039726676120588424,WIN,0.9090909090909091,0.039726676120588424,0.036115160109625837
2024,10,401671873,NE,CHI,HOME,-6.5,-110.0,0.5277261957022165,0.5238095238095238,0.003916671892692625,0.0074772827042314804,0.008225010974654627,LOSS,-1.0,0.008225010974654627,-0.008225010974654627
2024,10,401671751,TEN,LAC,HOME,-8.0,-112.0,0.5373158853694707,0.5283018867924528,0.009013998577017901,0.017062211592212384,0.01910967698327787,WIN,0.8928571428571429,0.01910967698327787,0.017062211592212388
2024,10,401671678,NYJ,ARI,HOME,2.0,-110.0,0.5587671308696666,0.5238095238095238,0.034957607060142726,0.06673724984209073,0.05,WIN,0.9090909090909091,0.05,0.045454545454545456
2024,10,401671787,DET,HOU,AWAY,-4.5,-110.0,0.5440675205006055,0.5238095238095238,0.020257996691081637,0.03867435731933777,0.042541793051271544,LOSS,-1.0,0.042541793051271544,-0.042541793051271544
2024,10,401671693,MIA,LA,AWAY,2.5,-102.0,0.5606854253976002,0.504950495049505,0.05573493034809529,0.11037701892465934,0.05,WIN,0.9803921568627451,0.05,0.049019607843137254
2024,11,401671813,WAS,PHI,AWAY,4.5,-110.0,0.5249089259782219,0.5238095238095238,0.0010994021686980826,0.0020988586856964253,0.0023087445542660677,LOSS,-1.0,0.0023087445542660677,-0.0023087445542660677
2024,11,401671630,BAL,PIT,AWAY,-3.0,-120.0,0.5501880096511431,0.5454545454545454,0.004733464196597703,0.008678017693762474,0.010413621232514967,LOSS,-1.0,0.010413621232514967,-0.010413621232514967
2024,11,401671642,JAX,DET,AWAY,14.0,-105.0,0.5260381449313115,0.5121951219512195,0.01384302298009199,0.027026854389703425,0.028378197109188597,LOSS,-1.0,0.028378197109188597,-0.028378197109188597
2024,11,401671701,LA,NE,AWAY,-4.0,-108.0,0.522161311870532,0.5192307692307692,0.0029305426397628898,0.005644008046950699,0.006095528690706754,WIN,0.9259259259259259,0.006095528690706754,0.005644008046950698
2024,11,401671782,IND,NYJ,AWAY,4.0,-110.0,0.5451444106464496,0.5238095238095238,0.02133488683692575,0.04073023850685836,0.04480326235754419,WIN,0.9090909090909091,0.04480326235754419,0.040730238506858356
2024,11,401671869,GB,CHI,HOME,6.0,-105.0,0.5157056713508762,0.5121951219512195,0.0035105493996566706,0.006853929780282042,0.007196626269296145,WIN,0.9523809523809523,0.007196626269296145,0.006853929780282042
2024,12,401671875,PIT,CLE,AWAY,-3.5,-115.0,0.5390021226737659,0.5348837209302326,0.004118401743533284,0.007699620650953587,0.008854563748596627,LOSS,-1.0,0.008854563748596627,-0.008854563748596627
2024,12,401671651,KC,CAR,HOME,11.0,-108.0,0.5728153980721509,0.5192307692307692,0.05358462884138171,0.10320002591673505,0.05,WIN,0.9259259259259259,0.05,0.0462962962962963
2024,12,401671715,DAL,WAS,HOME,-10.5,-108.0,0.520999184098718,0.5192307692307692,0.0017684148679488754,0.0034058360419755296,0.0036783029253335715,LOSS,-1.0,0.0036783029253335715,-0.0036783029253335715
2024,12,401671847,NE,MIA,HOME,-7.5,-105.0,0.5389841385621365,0.5121951219512195,0.026789016610916927,0.05230236576417113,0.05,WIN,0.9523809523809523,0.05,0.047619047619047616
2024,12,401671858,TEN,HOU,HOME,-8.0,-108.0,0.5771082114928012,0.5192307692307692,0.057877442262032064,0.11146766657872831,0.05,LOSS,-1.0,0.05,-0.05
2024,12,401671656,DEN,LV,AWAY,-6.5,-105.0,0.5152300292577441,0.5121951219512195,0.003034907306524559,0.005925295217500348,0.006221559978375366,WIN,0.9523809523809523,0.006221559978375366,0.005925295217500348
2024,12,401671775,ARI,SEA,AWAY,-1.0,-110.0,0.5257510566962957,0.5238095238095238,0.0019415328867719017,0.0037065627838373527,0.004077219062221088,LOSS,-1.0,0.004077219062221088,-0.004077219062221088
2024,12,401671689,BAL,LAC,AWAY,-3.0,-110.0,0.5700466418956707,0.5238095238095238,0.04623711808614683,0.08827086180082588,0.05,WIN,0.9090909090909091,0.05,0.045454545454545456
2024,13,401671492,CHI,DET,HOME,-9.5,-118.0,0.5810867693219746,0.5412844036697247,0.039802365652249816,0.07353318400161402,0.05,LOSS,-1.0,0.05,-0.05
2024,13,401671798,MIA,GB,HOME,-3.5,-105.0,0.5310518399044273,0.5121951219512195,0.018856717953207758,0.03681549695626274,0.03865627180407588,WIN,0.9523809523809523,0.03865627180407588,0.03681549695626274
2024,13,401671806,LV,KC,HOME,-13.5,-112.0,0.5396751991297914,0.5283018867924528,0.011373312337338626,0.021528055495676657,0.024111422155157856,LOSS,-1.0,0.024111422155157856,-0.024111422155157856
2024,13,401671627,PIT,CIN,AWAY,3.0,-110.0,0.5528513803130939,0.5238095238095238,0.02904185650357005,0.05544354423408837,0.05,WIN,0.9090909090909091,0.05,0.045454545454545456
2024,13,401671703,SEA,NYJ,AWAY,1.0,-110.0,0.532370117312279,0.5238095238095238,0.008560593502755176,0.01634295123253271,0.01797724635578598,WIN,0.9090909090909091,0.01797724635578598,0.016342951232532706
2024,13,401671705,HOU,JAX,AWAY,-3.5,-110.0,0.5443951394597868,0.5238095238095238,0.020585615650262956,0.039299811695956643,0.043229792865552306,LOSS,-1.0,0.043229792865552306,-0.043229792865552306
2024,13,401671726,ARI,MIN,AWAY,3.5,-110.0,0.5245514302390415,0.5238095238095238,0.0007419064295176581,0.0014163668199883572,0.0015580035019871928,WIN,0.9090909090909091,0.0015580035019871928,0.001416366819988357
2024,13,401671743,TEN,WAS,AWAY,6.0,-112.0,0.5421354930315125,0.5283018867924528,0.013833606239059715,0.026185040381077274,0.029327245226806548,LOSS,-1.0,0.029327245226806548,-0.029327245226806548
2024,13,401671666,PHI,BAL,AWAY,3.0,-110.0,0.5400735622471571,0.5238095238095238,0.016264038437633244,0.03104952792639082,0.0341544807190299,WIN,0.9090909090909091,0.0341544807190299,0.031049527926390815
2024,13,401671686,CLE,DEN,AWAY,6.5,-108.0,0.5308524255705838,0.5192307692307692,0.011621656339814601,0.022382449247050296,0.024173045186814315,LOSS,-1.0,0.024173045186814315,-0.024173045186814315
2024,14,401671814,GB,DET,AWAY,3.0,100.0,0.5076069789378892,0.5,0.007606978937889197,0.015213957875778394,0.015213957875778394,PUSH,0.0,0.015213957875778394,0.0
2024,14,401671601,NO,NYG,HOME,5.5,-105.0,0.5139219094033152,0.5121951219512195,0.001726787452095646,0.00337134693028196,0.003539914276796058,WIN,0.9523809523809523,0.003539914276796058,0.00337134693028196
2024,14,401671631,CLE,PIT,AWAY,6.0,-112.0,0.5359487104341744,0.5283018867924528,0.007646823641721534,0.014474344750401436,0.01621126612044961,LOSS,-1.0,0.01621126612044961,-0.01621126612044961
2024,14,401671821,JAX,TEN,AWAY,3.0,-105.0,0.5357701430745032,0.5121951219512195,0.02357502112328369,0.04602742219307765,0.048328793302731536,WIN,0.9523809523809523,0.048328793302731536,0.04602742219307765
2024,14,401671660,SEA,ARI,AWAY,3.0,-105.0,0.5270703669712393,0.5121951219512195,0.0148752450200198,0.02904214503908631,0.030494252291040625,WIN,0.9523809523809523,0.030494252291040625,0.02904214503908631
2024,14,401671773,BUF,LA,AWAY,-3.5,-118.0,0.5819018413946379,0.5412844036697247,0.04061743772491311,0.07503899511890721,0.05,LOSS,-1.0,0.05,-0.05
2024,14,401671774,CHI,SF,HOME,-3.0,-110.0,0.563340577984057,0.5238095238095238,0.039531054174533176,0.07546837615138158,0.05,WIN,0.9090909090909091,0.05,0.045454545454545456
2024,14,401671690,CIN,DAL,AWAY,-5.0,-110.0,0.540630093334229,0.5238095238095238,0.01682056952470512,0.03211199636534623,0.03532319600188085,WIN,0.9090909090909091,0.03532319600188085,0.03211199636534623
2024,15,401671639,BAL,NYG,HOME,16.5,-108.0,0.6100994956224565,0.5192307692307692,0.0908687263916873,0.17500643601361998,0.05,LOSS,-1.0,0.05,-0.05
2024,15,401671706,NYJ,JAX,AWAY,-3.5,-102.0,0.5059938300708736,0.504950495049505,0.0010433350213686632,0.002066212493298747,0.0021075367431647217,WIN,0.9803921568627451,0.0021075367431647217,0.002066212493298747
2024,15,401671731,DAL,CAR,AWAY,2.5,100.0,0.5233885854996413,0.5,0.02338858549964129,0.04677717099928258,0.04677717099928258,WIN,1.0,0.04677717099928258,0.04677717099928258
2024,15,401671737,WAS,NO,HOME,7.5,-108.0,0.5270024031489221,0.5192307692307692,0.007771633918152943,0.01496759124977598,0.016164998549758055,WIN,0.9259259259259259,0.016164998549758055,0.014967591249775977
2024,15,401671860,MIA,HOU,AWAY,2.5,-105.0,0.528703901058748,0.5121951219512195,0.01650877910752846,0.032231425876603215,0.033842997170433375,LOSS,-1.0,0.033842997170433375,-0.033842997170433375
2024,15,401671669,IND,DEN,AWAY,4.5,-105.0,0.5191648888055761,0.5121951219512195,0.006969766854356574,0.01360764004898185,0.014288022051430944,LOSS,-1.0,0.014288022051430944,-0.014288022051430944
2024,15,401671681,BUF,DET,AWAY,2.5,-110.0,0.5483276869888489,0.5238095238095238,0.024518163179325092,0.046807402433257095,0.05,WIN,0.9090909090909091,0.05,0.045454545454545456
2024,15,401671796,GB,SEA,AWAY,-3.0,-110.0,0.5316077554982491,0.5238095238095238,0.007798231688725288,0.014887533223930216,0.016376286546323237,WIN,0.9090909090909091,0.016376286546323237,0.014887533223930214
2024,16,401671749,DEN,LAC,AWAY,3.0,-120.0,0.5454905543088783,0.5454545454545454,3.60088543328585e-05,6.601623294355541e-05,7.921947953226648e-05,LOSS,-1.0,7.921947953226648e-05,-7.921947953226648e-05
2024,16,401671778,PIT,BAL,HOME,-7.0,-105.0,0.5197848988178119,0.5121951219512195,0.007589776866592346,0.014818135787156461,0.015559042576514285,WIN,0.9523809523809523,0.015559042576514285,0.014818135787156461
2024,16,401671621,LA,NYJ,AWAY,-3.0,-105.0,0.5126781358387418,0.5121951219512195,0.0004830138875222545,0.0009430271137338964,0.0009901784694205911,WIN,0.9523809523809523,0.0009901784694205911,0.0009430271137338963
2024,16,401671717,PHI,WAS,HOME,4.0,-105.0,0.5259532465894179,0.5121951219512195,0.013758124638198366,0.02686110048410162,0.0282041555083067,WIN,0.9523809523809523,0.0282041555083067,0.02686110048410162
2024,16,401671862,TEN,IND,AWAY,4.0,-112.0,0.5303658767556063,0.5283018867924528,0.0020639899631534897,0.003906838144540514,0.004375658721885376,LOSS,-1.0,0.004375658721885376,-0.004375658721885376
2024,16,401671868,DET,CHI,HOME,7.0,-110.0,0.5285649823641947,0.5238095238095238,0.004755458554670855,0.009078602695280824,0.009986462964808906,LOSS,-1.0,0.009986462964808906,-0.009986462964808906
2024,16,401671494,NE,BUF,HOME,-14.0,-110.0,0.5256168948623562,0.5238095238095238,0.0018073710528323517,0.0034504356463164187,0.0037954792109480603,LOSS,-1.0,0.0037954792109480603,-0.0037954792109480603
2024,16,401671673,JAX,LV,AWAY,2.5,-110.0,0.5409807531834843,0.5238095238095238,0.017171229373960428,0.03278143789574273,0.036059581685317,LOSS,-1.0,0.036059581685317,-0.036059581685317
2024,16,401671874,SF,MIA,HOME,2.0,-112.0,0.5325206069347875,0.5283018867924528,0.004218720142334709,0.007985434555133508,0.00894368670174953,WIN,0.8928571428571429,0.00894368670174953,0.007985434555133508
2024,16,401671790,TB,DAL,AWAY,-4.5,-105.0,0.5234749578058921,0.5121951219512195,0.011279835854672626,0.022022536668646564,0.023123663502078895,LOSS,-1.0,0.023123663502078895,-0.023123663502078895
2024,17,401671876,SEA,CHI,HOME,3.5,-102.0,0.5330844246875106,0.504950495049505,0.02813392963800565,0.05571621359683476,0.05,WIN,0.9803921568627451,0.05,0.049019607843137254
2024,17,401671832,LAC,NE,HOME,6.0,-102.0,0.5107256787287309,0.504950495049505,0.005775183679225915,0.011437128462780777,0.011665871032036392,LOSS,-1.0,0.011665871032036392,-0.011665871032036392
2024,17,401671829,ARI,LA,AWAY,6.5,100.0,0.5364152223403855,0.5,0.03641522234038552,0.07283044468077104,0.05,WIN,1.0,0.05,0.05
2024,17,401671495,NYJ,BUF,HOME,-10.0,-115.0,0.544725089821887,0.5348837209302326,0.009841368891654434,0.01839908097135401,0.021158943117057114,WIN,0.8695652173913043,0.021158943117057114,0.018399080971354013
2024,17,401671653,CAR,TB,HOME,-9.5,-115.0,0.5362303919579381,0.5348837209302326,0.0013466710277054705,0.002517689312666771,0.0028953427095667872,WIN,0.8695652173913043,0.0028953427095667872,0.0025176893126667714
2024,17,401671765,DAL,PHI,HOME,-7.5,-108.0,0.5443177700433823,0.5192307692307692,0.02508700081261317,0.04831570526873641,0.05,WIN,0.9259259259259259,0.05,0.0462962962962963
2024,17,401671698,DET,SF,AWAY,-4.0,-112.0,0.5509750413531793,0.5283018867924528,0.022673154560726494,0.04291704256137513,0.04806708766874015,WIN,0.8928571428571429,0.04806708766874015,0.042917042561375136
2024,18,401671834,CLE,BAL,AWAY,19.5,-105.0,0.5926111570449636,0.5121951219512195,0.08041603509374406,0.1570027351830241,0.05,LOSS,-1.0,0.05,-0.05
2024,18,401671836,CIN,PIT,HOME,2.5,-102.0,0.5523085781555639,0.504950495049505,0.047358083106058935,0.09378757634729318,0.05,WIN,0.9803921568627451,0.05,0.049019607843137254
2024,18,401671827,CAR,ATL,HOME,-7.5,-115.0,0.5449354826474646,0.5348837209302326,0.010051761717231988,0.018792424080042447,0.021611287692048817,LOSS,-1.0,0.021611287692048817,-0.021611287692048817
2024,18,401671828,NO,TB,AWAY,14.5,-102.0,0.527118763443984,0.504950495049505,0.02216826839447905,0.04390186485965464,0.044779902156847726,WIN,0.9803921568627451,0.044779902156847726,0.04390186485965463
2024,18,401671837,JAX,IND,HOME,-3.5,-110.0,0.5643858139011703,0.5238095238095238,0.04057629009164643,0.07746382653859785,0.05,LOSS,-1.0,0.05,-0.05
2024,18,401671841,NYG,PHI,HOME,-3.0,-110.0,0.5852418525552905,0.5238095238095238,0.06143232874576665,0.11727990033282731,0.05,WIN,0.9090909090909091,0.05,0.045454545454545456
2024,18,401671844,CHI,GB,HOME,-10.0,-105.0,0.5367767702683135,0.5121951219512195,0.024581648317093974,0.047992741952421536,0.05,LOSS,-1.0,0.05,-0.05
2024,18,401671830,SEA,LA,HOME,7.5,-110.0,0.5460722024129379,0.5238095238095238,0.02226267860341402,0.042501477333790505,0.04675162506716955,WIN,0.9090909090909091,0.04675162506716955,0.0425014773337905
2024,18,401671839,LAC,LV,HOME,7.0,-102.0,0.5320258155756786,0.504950495049505,0.027075320526173674,0.05361975241457928,0.05,LOSS,-1.0,0.05,-0.05
2024,18,401671845,SF,ARI,HOME,-4.5,-110.0,0.5278183021422185,0.5238095238095238,0.00400877833269464,0.0076531222715080505,0.008418434498658854,WIN,0.9090909090909091,0.008418434498658854,0.00765312227150805
2024,18,401671843,MIN,DET,HOME,-3.0,-102.0,0.5055576058056942,0.504950495049505,0.0006071107561892441,0.0012023173799042275,0.001226363727502312,WIN,0.9803921568627451,0.001226363727502312,0.0012023173799042273
2024,19,401671878,LAC,HOU,HOME,3.0,-115.0,0.5378717485887292,0.5348837209302326,0.002988027658496595,0.005586312578928443,0.006424259465767711,WIN,0.8695652173913043,0.006424259465767711,0.005586312578928444
2024,19,401671879,PIT,BAL,HOME,-9.5,-108.0,0.5320921464867473,0.5192307692307692,0.012861377255978135,0.024770059900402264,0.02675166469243444,WIN,0.9259259259259259,0.02675166469243444,0.02477005990040226
2024,19,401671883,WAS,TB,AWAY,3.0,-110.0,0.5422067607739143,0.5238095238095238,0.01839723696439044,0.03512199784110914,0.03863419762522005,WIN,0.9090909090909091,0.03863419762522005,0.035121997841109136
2024,19,401671882,MIN,LA,HOME,2.5,-102.0,0.5426071813357192,0.504950495049505,0.037656686286214214,0.07457500617465962,0.05,WIN,0.9803921568627451,0.05,0.049019607843137254
2024,20,401671884,HOU,KC,AWAY,9.5,-110.0,0.5255455595945893,0.5238095238095238,0.0017360357850654262,0.0033142501351249853,0.0036456751486374835,WIN,0.9090909090909091,0.0036456751486374835,0.003314250135124985
2024,20,401671885,WAS,DET,HOME,-8.5,-115.0,0.5494075581350433,0.5348837209302326,0.014523837204810652,0.02715326086116776,0.03122624999034293,LOSS,-1.0,0.03122624999034293,-0.03122624999034293
2024,20,401671937,LA,PHI,HOME,-7.0,-108.0,0.5232123987155115,0.5192307692307692,0.003981629484742344,0.007668323452096282,0.008281789328263983,LOSS,-1.0,0.008281789328263983,-0.008281789328263983
2024,20,401671886,BAL,BUF,HOME,1.5,-118.0,0.5483991501770277,0.5412844036697247,0.007114746507302927,0.013144192699932444,0.015510147385920285,WIN,0.847457627118644,0.015510147385920285,0.013144192699932444
2024,21,401671888,WAS,PHI,HOME,-6.0,-110.0,0.5257170257783038,0.5238095238095238,0.0019075019687799788,0.0036415946676709443,0.004005754134438038,WIN,0.9090909090909091,0.004005754134438038,0.003641594667670944
2024,21,401671887,BUF,KC,HOME,-1.5,-105.0,0.5123474061497495,0.5121951219512195,0.00015228419852997277,0.00029731676855848654,0.0003121826069864109,WIN,0.9523809523809523,0.0003121826069864109,0.00029731676855848654
2024,22,401671889,KC,PHI,HOME,1.5,-115.0,0.535520147441394,0.5348837209302326,0.0006364265111613587,0.001189840868693004,0.0013683169989969549,WIN,0.8695652173913043,0.0013683169989969549,0.0011898408686930042
2025,1,401772714,KC,LAC,HOME,3.0,100.0,0.5102614385596186,0.5,0.010261438559618585,0.02052287711923717,0.02052287711923717,WIN,1.0,0.02052287711923717,0.02052287711923717
2025,1,401772720,LV,NE,AWAY,2.5,100.0,0.500616527237877,0.5,0.0006165272378769737,0.0012330544757539474,0.0012330544757539474,WIN,1.0,0.0012330544757539474,0.0012330544757539474
2025,1,401772721,PIT,NYJ,AWAY,-3.0,-110.0,0.5263878792454552,0.5238095238095238,0.002578355435931323,0.004922314923141713,0.005414546415455883,LOSS,-1.0,0.005414546415455883,-0.005414546415455883
2025,1,401772828,CAR,JAX,AWAY,4.5,-110.0,0.5295692400034313,0.5238095238095238,0.0057597161939074715,0.010995821824732521,0.012095404007205773,LOSS,-1.0,0.012095404007205773,-0.012095404007205773
2025,1,401772829,CIN,CLE,AWAY,-5.5,-105.0,0.5466479897620394,0.5121951219512195,0.03445286781081991,0.06726512286874364,0.05,LOSS,-1.0,0.05,-0.05
2025,1,401772830,TB,ATL,AWAY,-1.5,-102.0,0.5254146868702052,0.504950495049505,0.02046419182070025,0.04052712497824951,0.04133766747781449,WIN,0.9803921568627451,0.04133766747781449,0.0405271249782495
2025,1,401772722,DET,GB,AWAY,1.5,-115.0,0.5484872594845055,0.5348837209302326,0.013603538554272876,0.025432702514510186,0.02924760789168672,LOSS,-1.0,0.02924760789168672,-0.02924760789168672
2025,1,401772918,BAL,BUF,HOME,1.5,-102.0,0.5588786007999064,0.504950495049505,0.05392810575040141,0.10679879766255973,0.05,WIN,0.9803921568627451,0.05,0.049019607843137254
2025,2,401772728,NE,MIA,AWAY,1.5,-110.0,0.5256788236853775,0.5238095238095238,0.0018692998758537138,0.003568663399357186,0.003925529739292904,WIN,0.9090909090909091,0.003925529739292904,0.0035686633993571855
2025,2,401772835,CHI,DET,HOME,-6.0,-110.0,0.5542250880917122,0.5238095238095238,0.03041556428218839,0.05806607726599611,0.05,WIN,0.9090909090909091,0.05,0.045454545454545456
2025,2,401772836,SEA,PIT,AWAY,3.5,-110.0,0.5505454767215217,0.5238095238095238,0.026735952911997818,0.05104136465017772,0.05,WIN,0.9090909090909091,0.05,0.045454545454545456
2025,2,401772729,DEN,IND,HOME,2.5,-115.0,0.5556899565032599,0.5348837209302326,0.0208062355730273,0.0388986143321815,0.044733406482008735,WIN,0.8695652173913043,0.044733406482008735,0.03889861433218151
2025,2,401772730,CAR,ARI,HOME,-7.0,-110.0,0.5468799050814531,0.5238095238095238,0.023070381271929286,0.044043455155501454,0.048447800671051595,LOSS,-1.0,0.048447800671051595,-0.048447800671051595
2025,2,401772837,PHI,KC,HOME,1.5,-110.0,0.5345285973517627,0.5238095238095238,0.010719073542238888,0.02046368585336522,0.02251005443870174,LOSS,-1.0,0.02251005443870174,-0.02251005443870174
2025,2,401772919,ATL,MIN,HOME,-3.5,-105.0,0.5564889505487786,0.5121951219512195,0.04429382859755904,0.08647842726190091,0.05,LOSS,-1.0,0.05,-0.05
2025,2,401772811,LAC,LV,AWAY,-3.5,-105.0,0.5191993816222822,0.5121951219512195,0.0070042596710626626,0.013674983167312804,0.014358732325678445,WIN,0.9523809523809523,0.014358732325678445,0.013674983167312804
2025,3,401772937,MIA,BUF,HOME,-12.5,-110.0,0.5489837371718109,0.5238095238095238,0.02517421336228709,0.04805986187345729,0.05,LOSS,-1.0,0.05,-0.05
2025,3,401772839,LA,PHI,AWAY,3.5,-108.0,0.5241978633864578,0.5192307692307692,0.004967094155688634,0.009566255410955793,0.010331555843832255,LOSS,-1.0,0.010331555843832255,-0.010331555843832255
2025,3,401772841,LV,WAS,AWAY,2.5,100.0,0.5313996249474247,0.5,0.031399624947424654,0.06279924989484931,0.05,LOSS,-1.0,0.05,-0.05
2025,3,401772735,DEN,LAC,AWAY,2.5,100.0,0.5018443001387481,0.5,0.001844300138748145,0.00368860027749629,0.00368860027749629,LOSS,-1.0,0.00368860027749629,-0.00368860027749629
2025,3,401772736,NO,SEA,HOME,-7.5,-105.0,0.559426684820651,0.5121951219512195,0.04723156286943153,0.09221400369746158,0.05,WIN,0.9523809523809523,0.05,0.047619047619047616
2025,3,401772812,DET,BAL,AWAY,4.5,-105.0,0.5131260911770452,0.5121951219512195,0.0009309692258256952,0.001817606583754905,0.0019084869129426503,WIN,0.9523809523809523,0.0019084869129426503,0.001817606583754905
2025,4,401772938,SEA,ARI,HOME,1.5,-110.0,0.5362587240770578,0.5238095238095238,0.012449200267533933,0.023766655056201236,0.026143320561821358,LOSS,-1.0,0.026143320561821358,-0.026143320561821358
2025,4,401772632,MIN,PIT,HOME,2.5,105.0,0.5074110076719217,0.48780487804878053,0.019606129623141177,0.040192565727439455,0.038278634026132824,WIN,1.05,0.038278634026132824,0.04019256572743947
2025,4,401772737,LAC,NYG,AWAY,-6.0,-112.0,0.530123999506357,0.5283018867924528,0.0018221127139042004,0.003448999065604308,0.003862878953476825,LOSS,-1.0,0.003862878953476825,-0.003862878953476825
2025,4,401772738,TEN,HOU,HOME,-7.5,-105.0,0.5245657528981403,0.5121951219512195,0.012370630946920813,0.024152184229702556,0.025359793441187686,WIN,0.9523809523809523,0.025359793441187686,0.024152184229702556
2025,4,401772845,PHI,TB,AWAY,-3.5,-102.0,0.5601357176228177,0.504950495049505,0.05518522257331271,0.10928838195891344,0.05,WIN,0.9803921568627451,0.05,0.049019607843137254
2025,4,401772846,CLE,DET,HOME,-10.0,-112.0,0.5405633130652948,0.5283018867924528,0.012261426272841991,0.02320912830216515,0.02599422369842497,WIN,0.8928571428571429,0.02599422369842497,0.023209128302165153
2025,4,401772848,JAX,SF,HOME,-3.5,100.0,0.5702395036911427,0.5,0.07023950369114274,0.14047900738228547,0.05,LOSS,-1.0,0.05,-0.05
2025,4,401772849,IND,LA,AWAY,3.5,-105.0,0.537493691518854,0.5121951219512195,0.025298569567634432,0.04939244534633391,0.05,LOSS,-1.0,0.05,-0.05
2025,4,401772813,NYJ,MIA,AWAY,2.5,-105.0,0.5344836028332253,0.5121951219512195,0.022288480882005746,0.043515605531534995,0.045691385808111745,LOSS,-1.0,0.045691385808111745,-0.045691385808111745
2025,5,401772939,SF,LA,HOME,-8.5,-110.0,0.5419743091720727,0.5238095238095238,0.01816478536254884,0.03467822660122971,0.03814604926135268,LOSS,-1.0,0.03814604926135268,-0.03814604926135268
2025,5,401772743,HOU,BAL,HOME,2.5,-102.0,0.5298227209485736,0.504950495049505,0.02487222589906868,0.04925676109423405,0.05,LOSS,-1.0,0.05,-0.05
2025,5,401772853,WAS,LAC,AWAY,2.5,100.0,0.5296386351289974,0.5,0.029638635128997448,0.059277270257994896,0.05,WIN,1.0,0.05,0.05
2025,5,401772922,NE,BUF,HOME,-7.5,-115.0,0.5368569039659644,0.5348837209302326,0.001973183035731796,0.0036889943711507778,0.004242343526823395,LOSS,-1.0,0.004242343526823395,-0.004242343526823395
2025,6,401772751,NE,NO,AWAY,-3.5,-105.0,0.5190464583240015,0.5121951219512195,0.006851336372782013,0.013376418632574383,0.014045239564203102,WIN,0.9523809523809523,0.014045239564203102,0.013376418632574383
2025,6,401772855,LA,BAL,AWAY,-7.0,-105.0,0.5221476404767871,0.5121951219512195,0.009952518525567555,0.019431107597536634,0.020402662977413468,WIN,0.9523809523809523,0.020402662977413468,0.019431107597536634
2025,6,401772858,DAL,CAR,HOME,3.0,-102.0,0.5245524183842523,0.504950495049505,0.019601923334747307,0.038819495231558476,0.03959588513618964,WIN,0.9803921568627451,0.03959588513618964,0.03881949523155847
2025,6,401772859,TEN,LV,HOME,-3.5,-110.0,0.544848091017222,0.5238095238095238,0.021038567207698144,0.04016453739651471,0.04418099113616618,WIN,0.9090909090909091,0.04418099113616618,0.0401645373965147
2025,6,401772749,SF,TB,HOME,-3.5,-115.0,0.5777266420399886,0.5348837209302326,0.04284292110975596,0.08009763511823942,0.05,WIN,0.8695652173913043,0.05,0.043478260869565216
2025,6,401772923,DET,KC,AWAY,2.5,-105.0,0.5186526875988349,0.5121951219512195,0.006457565647615349,0.012607628169153784,0.013238009577611475,LOSS,-1.0,0.013238009577611475,-0.013238009577611475
2025,7,401772754,MIA,CLE,AWAY,2.5,-102.0,0.5274793530384903,0.504950495049505,0.022528857988985296,0.04461597366446113,0.045508293137750344,LOSS,-1.0,0.045508293137750344,-0.045508293137750344
2025,7,401772861,NO,CHI,HOME,-4.5,100.0,0.5459055923258368,0.5,0.0459055923258368,0.0918111846516736,0.05,WIN,1.0,0.05,0.05
2025,7,401772756,IND,LAC,AWAY,2.5,-108.0,0.5231202832035072,0.5192307692307692,0.003889513972738068,0.0074909157993472975,0.00809018906329508,WIN,0.9259259259259259,0.00809018906329508,0.007490915799347297
2025,7,401772864,WAS,DAL,AWAY,1.5,-108.0,0.5199927247035823,0.5192307692307692,0.0007619554728131028,0.0014674697994918051,0.0015848673834511493,LOSS,-1.0,0.0015848673834511493,-0.0015848673834511493
2025,8,401772758,NYJ,CIN,HOME,-5.5,-108.0,0.5501099340586597,0.5192307692307692,0.03087916482789055,0.05947098411297436,0.05,LOSS,-1.0,0.05,-0.05
2025,8,401772760,MIA,ATL,HOME,-7.0,-105.0,0.540395924516071,0.5121951219512195,0.028200802564851468,0.055058709769471914,0.05,LOSS,-1.0,0.05,-0.05
2025,8,401772865,BUF,CAR,HOME,7.0,-105.0,0.5633968333284606,0.5121951219512195,0.051201711377241055,0.09996524602223256,0.05,LOSS,-1.0,0.05,-0.05
2025,8,401772869,TB,NO,AWAY,-4.5,-105.0,0.5416467646454406,0.5121951219512195,0.02945164269422107,0.057500826212526834,0.05,WIN,0.9523809523809523,0.05,0.047619047619047616
2025,8,401772761,TEN,IND,HOME,-15.5,-105.0,0.5132117758451902,0.5121951219512195,0.0010166538939706538,0.0019848956977522314,0.002084140482639843,WIN,0.9523809523809523,0.002084140482639843,0.0019848956977522314
2025,8,401772925,GB,PIT,AWAY,-3.0,100.0,0.5178962421847843,0.5,0.01789624218478425,0.0357924843695685,0.0357924843695685,WIN,1.0,0.0357924843695685,0.0357924843695685
2025,8,401772817,WAS,KC,HOME,-10.5,-115.0,0.5430011223796358,0.5348837209302326,0.008117401449403205,0.015176011405406031,0.01745241311621694,WIN,0.8695652173913043,0.01745241311621694,0.015176011405406033
2025,9,401772943,BAL,MIA,HOME,7.5,100.0,0.5283120553528913,0.5,0.028312055352891274,0.05662411070578255,0.05,LOSS,-1.0,0.05,-0.05
2025,9,401772763,ATL,NE,HOME,-5.5,-110.0,0.5524110306339353,0.5238095238095238,0.028601506824411427,0.05460287666478558,0.05,LOSS,-1.0,0.05,-0.05
2025,9,401772764,LAC,TEN,HOME,10.0,-108.0,0.5231362237838081,0.5192307692307692,0.003905454553038923,0.007521616176223045,0.008123345470320887,WIN,0.9259259259259259,0.008123345470320887,0.007521616176223043
2025,9,401772765,CHI,CIN,HOME,3.0,-115.0,0.5626763184848749,0.5348837209302326,0.02779259755464225,0.05196007368911382,0.05,LOSS,-1.0,0.05,-0.05
2025,9,401772767,SF,NYG,HOME,2.5,100.0,0.5260813902396726,0.5,0.026081390239672597,0.052162780479345194,0.05,LOSS,-1.0,0.05,-0.05
2025,9,401772871,MIN,DET,HOME,-9.5,-112.0,0.5414380961120059,0.5283018867924528,0.01313620931955306,0.024864967640582547,0.027848763757452454,LOSS,-1.0,0.027848763757452454,-0.027848763757452454
2025,9,401772872,CAR,GB,HOME,-12.5,-118.0,0.5475376467208473,0.5412844036697247,0.0062532430511225146,0.01155260156902288,0.013632069851447,LOSS,-1.0,0.013632069851447,-0.013632069851447
2025,9,401772926,SEA,WAS,HOME,2.5,100.0,0.5139441050795779,0.5,0.013944105079577884,0.02788821015915577,0.02788821015915577,LOSS,-1.0,0.02788821015915577,-0.02788821015915577
2025,10,401772944,LV,DEN,HOME,-9.5,-108.0,0.5334733654798456,0.5192307692307692,0.014242596249076422,0.027430185368591542,0.029624600198078863,LOSS,-1.0,0.029624600198078863,-0.029624600198078863
2025,10,401772636,ATL,IND,HOME,-6.5,-108.0,0.5230636522166856,0.5192307692307692,0.0038328829859164415,0.007381848713616801,0.007972396610706143,LOSS,-1.0,0.007972396610706143,-0.007972396610706143
2025,10,401772769,CLE,NYJ,HOME,1.5,-105.0,0.5207448734941661,0.5121951219512195,0.008549751542946571,0.01669237206003854,0.01752699066304047,WIN,0.9523809523809523,0.01752699066304047,0.01669237206003854
2025,10,401772772,NE,TB,AWAY,2.5,100.0,0.5371837767908392,0.5,0.037183776790839174,0.07436755358167835,0.05,WIN,1.0,0.05,0.05
2025,10,401772876,BAL,MIN,AWAY,-4.5,-105.0,0.5322965060495708,0.5121951219512195,0.02010138409835127,0.03924555943011443,0.04120783740162015,WIN,0.9523809523809523,0.04120783740162015,0.03924555943011443
2025,10,401772878,DET,WAS,HOME,8.5,-115.0,0.5547865828746327,0.5348837209302326,0.019902861944400052,0.037209698417791426,0.042791153180460145,LOSS,-1.0,0.042791153180460145,-0.042791153180460145
2025,11,401772945,NYJ,NE,AWAY,12.5,-105.0,0.51550292682949,0.5121951219512195,0.003307804878270426,0.006458095238527972,0.0067810000004543715,LOSS,-1.0,0.0067810000004543715,-0.0067810000004543715
2025,11,401772774,CIN,PIT,AWAY,5.5,-108.0,0.5359039620431251,0.5192307692307692,0.016673192812355908,0.03211133430527796,0.034680241049700196,LOSS,-1.0,0.034680241049700196,-0.034680241049700196
2025,11,401772775,LAC,JAX,AWAY,-3.0,-105.0,0.5464293234245199,0.5121951219512195,0.03423420147330036,0.0668382028764436,0.05,LOSS,-1.0,0.05,-0.05
2025,11,401772776,TB,BUF,AWAY,6.0,-108.0,0.5238622430321453,0.5192307692307692,0.004631473801376185,0.008919875469317051,0.009633465506862414,LOSS,-1.0,0.009633465506862414,-0.009633465506862414
2025,11,401772885,SF,ARI,AWAY,-3.5,-105.0,0.5384082292541468,0.5121951219512195,0.026213107302927252,0.05117797140095315,0.05,WIN,0.9523809523809523,0.05,0.047619047619047616
2025,12,401772779,IND,KC,AWAY,3.5,100.0,0.5098972276222852,0.5,0.009897227622285176,0.019794455244570353,0.019794455244570353,WIN,1.0,0.019794455244570353,0.019794455244570353
2025,12,401772886,SEA,TEN,HOME,12.5,-105.0,0.5592487466311857,0.5121951219512195,0.04705362467996621,0.09186660056564833,0.05,WIN,0.9523809523809523,0.05,0.047619047619047616
2025,12,401772887,MIN,GB,HOME,-6.5,-108.0,0.5287303568421422,0.5192307692307692,0.00949958761137304,0.018295502066348,0.01975914223165584,WIN,0.9259259259259259,0.01975914223165584,0.018295502066348
2025,12,401772784,CLE,LV,HOME,-3.0,-115.0,0.545712726965908,0.5348837209302326,0.010829006035675381,0.020245533023219242,0.023282362976702133,LOSS,-1.0,0.023282362976702133,-0.023282362976702133
2025,12,401772889,ATL,NO,HOME,-1.5,-108.0,0.5199666003931376,0.5192307692307692,0.0007358311623684166,0.0014171563127094444,0.0015305288177261999,LOSS,-1.0,0.0015305288177261999,-0.0015305288177261999
2025,12,401772820,CAR,SF,HOME,-7.5,-105.0,0.5590462656444968,0.5121951219512195,0.04685114369327725,0.09147128054401743,0.05,WIN,0.9523809523809523,0.05,0.047619047619047616
2025,13,401772891,GB,DET,AWAY,2.5,105.0,0.5110069410064735,0.48780487804878053,0.023202062957692948,0.04756422906327051,0.04529926577454335,WIN,1.05,0.04529926577454335,0.04756422906327052
2025,13,401772694,KC,DAL,AWAY,-3.5,-105.0,0.5232783872345865,0.5121951219512195,0.011083265283367005,0.021638756029430828,0.02272069383090237,LOSS,-1.0,0.02272069383090237,-0.02272069383090237
2025,13,401772621,CHI,PHI,HOME,-7.0,-115.0,0.5639472213981146,0.5348837209302326,0.029063500467881975,0.05433610957038809,0.05,LOSS,-1.0,0.05,-0.05
2025,13,401772787,HOU,IND,HOME,-3.0,-115.0,0.5422779083100753,0.5348837209302326,0.007394187379842654,0.013823915536227638,0.015897502866661785,LOSS,-1.0,0.015897502866661785,-0.015897502866661785
2025,13,401772895,ARI,TB,HOME,-4.5,-105.0,0.5211995918084076,0.5121951219512195,0.009004469857188058,0.017580155435462375,0.018459163207235493,LOSS,-1.0,0.018459163207235493,-0.018459163207235493
2025,14,401772900,SEA,ATL,AWAY,-7.0,100.0,0.5114171978671713,0.5,0.011417197867171325,0.02283439573434265,0.02283439573434265,WIN,1.0,0.02283439573434265,0.02283439573434265
2025,14,401772794,DEN,LV,HOME,8.5,-110.0,0.5361751246719477,0.5238095238095238,0.012365600862423887,0.023607056191900233,0.025967761811090253,WIN,0.9090909090909091,0.025967761811090253,0.02360705619190023
2025,14,401772932,HOU,KC,HOME,-4.5,-105.0,0.5186503806875543,0.5121951219512195,0.00645525873633479,0.012603124199510762,0.0132332804094863,LOSS,-1.0,0.0132332804094863,-0.0132332804094863
2025,15,401772948,ATL,TB,HOME,-6.0,-108.0,0.5222401930041126,0.5192307692307692,0.003009423773343456,0.005795927267179923,0.006259601448554316,LOSS,-1.0,0.006259601448554316,-0.006259601448554316
2025,15,401772796,BAL,CIN,HOME,2.5,105.0,0.5090644250158947,0.48780487804878053,0.02125954696711413,0.043582071282583956,0.04150673455484187,LOSS,-1.0,0.04150673455484187,-0.04150673455484187
2025,15,401772798,LAC,KC,AWAY,5.5,100.0,0.5108398770949625,0.5,0.01083987709496248,0.02167975418992496,0.02167975418992496,WIN,1.0,0.02167975418992496,0.02167975418992496
2025,15,401772903,ARI,HOU,HOME,-10.5,-110.0,0.5250447615003307,0.5238095238095238,0.0012352376908069118,0.0023581810460860386,0.002593999150694642,WIN,0.9090909090909091,0.002593999150694642,0.002358181046086038
2025,15,401772904,CLE,CHI,HOME,-7.5,-108.0,0.5327017131153968,0.5192307692307692,0.013470943884627662,0.025944040074097674,0.028019563280025483,WIN,0.9259259259259259,0.028019563280025483,0.02594404007409767
2025,15,401772799,IND,SEA,HOME,-13.5,-115.0,0.5556633822075777,0.5348837209302326,0.020779661277345096,0.038848931953297416,0.04467627174629204,LOSS,-1.0,0.04467627174629204,-0.04467627174629204
2025,15,401772908,CAR,NO,HOME,2.5,-102.0,0.5055719978543314,0.504950495049505,0.0006215028048264237,0.0012308192801465112,0.0012554356657494413,WIN,0.9803921568627451,0.0012554356657494413,0.001230819280146511
2025,15,401772823,MIA,PIT,AWAY,3.0,-102.0,0.5305902173679979,0.504950495049505,0.025639722318492986,0.05077670498368225,0.05,LOSS,-1.0,0.05,-0.05
2025,16,401772801,NYJ,NO,HOME,-6.5,-115.0,0.5356701440891743,0.5348837209302326,0.0007864231589417292,0.0014702693841084913,0.0016908097917247653,WIN,0.8695652173913043,0.0016908097917247653,0.0014702693841084915
2025,16,401772802,BUF,CLE,HOME,10.5,-110.0,0.532652272702688,0.5238095238095238,0.008842748893164165,0.016881611523313522,0.01856977267564487,WIN,0.9090909090909091,0.01856977267564487,0.01688161152331352
2025,16,401772803,KC,TEN,AWAY,-3.5,100.0,0.5249029252740212,0.5,0.02490292527402116,0.04980585054804232,0.04980585054804232,LOSS,-1.0,0.04980585054804232,-0.04980585054804232
2025,16,401772911,MIN,NYG,HOME,2.5,-102.0,0.5255403585711329,0.504950495049505,0.02058986352162795,0.04077600422910632,0.04159152431368845,LOSS,-1.0,0.04159152431368845,-0.04159152431368845
2025,16,401772912,TB,CAR,AWAY,-3.0,100.0,0.5402887806646661,0.5,0.040288780664666124,0.08057756132933225,0.05,LOSS,-1.0,0.05,-0.05
2025,16,401772934,CIN,MIA,HOME,3.5,100.0,0.5205819184746994,0.5,0.020581918474699368,0.041163836949398735,0.041163836949398735,LOSS,-1.0,0.041163836949398735,-0.041163836949398735
2025,16,401772913,JAX,DEN,HOME,-3.5,100.0,0.5052533047454665,0.5,0.0052533047454664805,0.010506609490932961,0.010506609490932961,LOSS,-1.0,0.010506609490932961,-0.010506609490932961
2025,16,401772914,ATL,ARI,HOME,2.5,-105.0,0.5186925616801137,0.5121951219512195,0.006497439728894161,0.012685477565936187,0.013319751444232997,LOSS,-1.0,0.013319751444232997,-0.013319751444232997
2025,16,401772805,LV,HOU,HOME,-14.5,-105.0,0.5366975136877035,0.5121951219512195,0.02450239173648394,0.047838002914087685,0.05,LOSS,-1.0,0.05,-0.05
2025,17,401772711,DET,MIN,HOME,7.0,100.0,0.5091870176617743,0.5,0.009187017661774322,0.018374035323548643,0.018374035323548643,WIN,1.0,0.018374035323548643,0.018374035323548643
2025,17,401772622,DEN,KC,HOME,13.5,-115.0,0.5838760202568974,0.5348837209302326,0.04899229932666482,0.09159429874115599,0.05,WIN,0.8695652173913043,0.05,0.043478260869565216
2025,17,401772951,HOU,LAC,HOME,-1.5,-105.0,0.5245610639068883,0.5121951219512195,0.012365941955668758,0.02414302953249614,0.02535018100912095,LOSS,-1.0,0.02535018100912095,-0.02535018100912095
2025,17,401772808,NE,NYJ,HOME,12.5,100.0,0.5599992315044721,0.5,0.05999923150447206,0.11999846300894412,0.05,LOSS,-1.0,0.05,-0.05
2025,17,401772825,LA,ATL,AWAY,-7.5,-102.0,0.5212918311955796,0.504950495049505,0.016341336146074692,0.032362253936344065,0.03300949901507094,LOSS,-1.0,0.03300949901507094,-0.03300949901507094
2025,18,401772969,CAR,TB,HOME,-3.0,-105.0,0.5451549014904593,0.5121951219512195,0.032959779539239786,0.06435004576708725,0.05,LOSS,-1.0,0.05,-0.05
2025,18,401772961,SEA,SF,HOME,2.5,100.0,0.5200514675112909,0.5,0.020051467511290944,0.04010293502258189,0.04010293502258189,LOSS,-1.0,0.04010293502258189,-0.04010293502258189
2025,18,401772962,IND,HOU,HOME,-9.5,-110.0,0.5349899277686396,0.5238095238095238,0.011180403959115792,0.021344407558312073,0.023478848314143277,LOSS,-1.0,0.023478848314143277,-0.023478848314143277
2025,18,401772963,DAL,NYG,HOME,3.0,-105.0,0.513879748512157,0.5121951219512195,0.0016846265609374855,0.003289032809449366,0.0034534844499218343,WIN,0.9523809523809523,0.0034534844499218343,0.003289032809449366
2025,18,401772964,CLE,CIN,HOME,-9.5,-108.0,0.5355288909152456,0.5192307692307692,0.01629812168447642,0.031388975096028615,0.0339000931037109,LOSS,-1.0,0.0339000931037109,-0.0339000931037109
2025,18,401772970,TEN,JAX,HOME,-12.5,-110.0,0.528993483813089,0.5238095238095238,0.005183960003565136,0.009896650915897143,0.010886316007486857,WIN,0.9090909090909091,0.010886316007486857,0.009896650915897143
2025,18,401772955,ARI,LA,HOME,-14.5,-105.0,0.5205429621710739,0.5121951219512195,0.008347840219854352,0.016298164238763235,0.017113072450701396,WIN,0.9523809523809523,0.017113072450701396,0.016298164238763235
2025,19,401772979,LA,CAR,HOME,10.0,-112.0,0.5345859327333212,0.5283018867924528,0.006284045940868399,0.011894801245215136,0.013322177394640953,WIN,0.8928571428571429,0.013322177394640953,0.011894801245215136
2025,19,401772978,LAC,NE,AWAY,3.5,-105.0,0.5235091701695362,0.5121951219512195,0.011314048218316719,0.022089332235761205,0.02319379884754927,LOSS,-1.0,0.02319379884754927,-0.02319379884754927
