sport,league,season,week,team,player_id,qb_name,starts,dropbacks,epa_per_play,cpoe,air_yards,adjusted_completion_pct,sack_rate,pressure_to_sack_rate,turnover_worthy_play_rate,interception_rate,fumble_rate
football,nfl,2022,1,ARI,00-0035146,T.McSorley,,5,-0.30197506442200395,-23.200739920139313,4.25,,0.2,,,0.0,0.0
football,nfl,2022,1,ARI,00-0035228,K.Murray,,38,0.009254232069673513,1.1456741951406,7.352941176470588,,0.05263157894736842,,,0.0,0.0
football,nfl,2022,1,ATL,00-0032268,M.Mariota,,32,0.15217202718840306,-6.941740773618221,8.545454545454545,,0.0,,,0.0,0.0
football,nfl,2022,1,BAL,00-0034796,L.Jackson,,32,0.13248913761330106,-3.64747181020934,12.0,,0.0625,,,0.03125,0.0
football,nfl,2022,1,BUF,00-0034857,J.Allen,,33,0.4135290183812887,11.333648764318035,7.32258064516129,,0.06060606060606061,,,0.06060606060606061,0.0
football,nfl,2022,1,CAR,00-0034855,B.Mayfield,,31,-0.0522136100062785,-9.173728984135849,6.333333333333333,,0.12903225806451613,,,0.03225806451612903,0.06451612903225806
football,nfl,2022,1,CHI,00-0036945,J.Fields,,19,-0.08924660312109872,-16.01456929655636,9.529411764705882,,0.10526315789473684,,,0.05263157894736842,0.0
football,nfl,2022,1,CIN,00-0036442,J.Burrow,,61,-0.26435561394315993,-0.7078968691376021,7.018867924528302,,0.11475409836065574,,,0.06557377049180328,0.03278688524590164
football,nfl,2022,1,CLE,00-0033119,J.Brissett,,33,-0.2221014412770789,-2.9308709502220154,7.294117647058823,,0.030303030303030304,,,0.0,0.0
football,nfl,2022,1,DAL,00-0033077,D.Prescott,,31,-0.4026749965222491,-22.965882769946393,6.9655172413793105,,0.06451612903225806,,,0.03225806451612903,0.0
football,nfl,2022,1,DAL,00-0033662,C.Rush,,15,-0.5040269767167047,-3.7572198857863746,11.923076923076923,,0.13333333333333333,,,0.0,0.0
football,nfl,2022,1,DEN,00-0029263,R.Wilson,,44,0.3445883114022909,7.822624539456716,6.5476190476190474,,0.045454545454545456,,,0.0,0.0
football,nfl,2022,1,DET,00-0033106,J.Goff,,38,-0.05558094847870769,-11.99930358577419,8.27027027027027,,0.02631578947368421,,,0.02631578947368421,0.02631578947368421
football,nfl,2022,1,GB,00-0023459,A.Rodgers,,38,-0.305988016879909,-2.7847707271575928,5.588235294117647,,0.10526315789473684,,,0.02631578947368421,0.02631578947368421
football,nfl,2022,1,GB,00-0036264,J.Love,,4,-0.08010847251716766,20.890267193317413,5.8,,0.0,,,0.0,0.0
football,nfl,2022,1,HOU,00-0036898,D.Mills,,40,-0.16162094742720998,-6.728735069433848,7.1891891891891895,,0.075,,,0.0,0.025
football,nfl,2022,1,IND,00-0026143,M.Ryan,,52,0.057784315016368576,-4.770667577276424,6.26,,0.038461538461538464,,,0.019230769230769232,0.038461538461538464
football,nfl,2022,1,JAX,00-0036971,T.Lawrence,,45,-0.018325651015727966,2.6822693645954137,8.619047619047619,,0.044444444444444446,,,0.022222222222222223,0.0
football,nfl,2022,1,KC,00-0033873,P.Mahomes,,39,0.8509878242238477,11.784186730018028,7.794871794871795,,0.0,,,0.0,0.0
football,nfl,2022,1,LA,00-0026498,M.Stafford,,48,-0.34886360057403526,-0.5920314934195542,5.829268292682927,,0.14583333333333334,,,0.0625,0.020833333333333332
football,nfl,2022,1,LAC,00-0036355,J.Herbert,,34,0.4395166740799489,6.435642172308529,7.0,,0.0,,,0.0,0.0
football,nfl,2022,1,LV,00-0031280,D.Carr,,43,-0.12774322954117798,-2.382502555847168,9.216216216216216,,0.11627906976744186,,,0.06976744186046512,0.046511627906976744
football,nfl,2022,1,LV,00-0031381,D.Adams,,1,-1.80456407845486,,,,1.0,,,0.0,0.0
football,nfl,2022,1,MIA,00-0036212,T.Tagovailoa,,36,0.1626758674563401,8.032114563449737,8.333333333333334,,0.08333333333333333,,,0.0,0.027777777777777776
football,nfl,2022,1,MIN,00-0029604,K.Cousins,,33,0.2809757138411384,5.163186596285913,5.125,,0.030303030303030304,,,0.0,0.0
football,nfl,2022,1,NE,00-0036972,M.Jones,,32,-0.14042251929640767,2.9488237698872886,9.3,,0.0625,,,0.03125,0.03125
football,nfl,2022,1,NO,00-0031503,J.Winston,,37,0.10910104001060719,7.236052863299847,8.617647058823529,,0.10810810810810811,,,0.0,0.0
football,nfl,2022,1,NYG,00-0035710,D.Jones,,27,-0.25302844193463936,13.360895287422906,5.714285714285714,,0.18518518518518517,,,0.037037037037037035,0.037037037037037035
football,nfl,2022,1,NYJ,00-0026158,J.Flacco,,62,-0.11472445788860387,-4.062917201142562,4.8474576271186445,,0.04838709677419355,,,0.016129032258064516,0.0
football,nfl,2022,1,PHI,00-0036389,J.Hurts,,33,0.1084946827094719,-10.007202728041287,4.0625,,0.030303030303030304,,,0.0,0.0
football,nfl,2022,1,PIT,00-0033869,M.Trubisky,,38,-0.14534086008828662,-7.084987453512244,7.921052631578948,,0.02631578947368421,,,0.0,0.0
football,nfl,2022,1,SEA,00-0030565,G.Smith,,30,0.2758057991501268,12.449767302583766,5.142857142857143,,0.06666666666666667,,,0.0,0.03333333333333333
football,nfl,2022,1,SF,00-0037012,T.Lance,,30,-0.3040780652786843,-18.238767981529236,7.285714285714286,,0.06666666666666667,,,0.03333333333333333,0.0
football,nfl,2022,1,TB,00-0019596,T.Brady,,29,0.03623632947497418,3.2902346716986766,11.296296296296296,,0.06896551724137931,,,0.034482758620689655,0.0
football,nfl,2022,1,TEN,00-0029701,R.Tannehill,,33,0.231066081976073,-0.14203359042444536,9.25,,0.030303030303030304,,,0.0,0.0
football,nfl,2022,1,WAS,00-0032950,C.Wentz,,44,0.19658745958176652,-0.1603639707332704,7.073170731707317,,0.022727272727272728,,,0.045454545454545456,0.0
football,nfl,2022,2,ARI,00-0035228,K.Murray,,51,-0.15421019451476758,-5.577398804908103,4.959183673469388,,0.0196078431372549,,,0.0196078431372549,0.0
football,nfl,2022,2,ATL,00-0032268,M.Mariota,,30,-0.055572981630166454,1.2914277315139773,7.884615384615385,,0.1,,,0.06666666666666667,0.03333333333333333
football,nfl,2022,2,BAL,00-0034796,L.Jackson,,29,0.614845829756785,6.943367781310246,10.827586206896552,,0.0,,,0.0,0.0
football,nfl,2022,2,BUF,00-0028986,C.Keenum,,2,-0.9465703194728121,-57.28907585144043,12.5,,0.0,,,0.0,0.0
football,nfl,2022,2,BUF,00-0034857,J.Allen,,39,0.41598344132320364,3.790489161336744,7.342105263157895,,0.02564102564102564,,,0.0,0.0
football,nfl,2022,2,CAR,00-0034855,B.Mayfield,,31,-0.2483466209540896,-15.719078205249927,7.655172413793103,,0.06451612903225806,,,0.0,0.0
football,nfl,2022,2,CHI,00-0036945,J.Fields,,14,-0.45886360105942003,-1.7208876934918498,11.0,,0.21428571428571427,,,0.07142857142857142,0.0
football,nfl,2022,2,CIN,00-0036442,J.Burrow,,43,0.021625527947625508,-2.251398393086024,5.583333333333333,,0.13953488372093023,,,0.0,0.023255813953488372
football,nfl,2022,2,CLE,00-0033119,J.Brissett,,28,0.49470855886596105,15.041757292217678,5.407407407407407,,0.03571428571428571,,,0.03571428571428571,0.0
football,nfl,2022,2,DAL,00-0033662,C.Rush,,31,0.2615664943140023,-6.370207866032918,5.741935483870968,,0.03225806451612903,,,0.0,0.0
football,nfl,2022,2,DEN,00-0029263,R.Wilson,,34,0.009114687007091993,-12.60143518447876,8.903225806451612,,0.08823529411764706,,,0.029411764705882353,0.0
football,nfl,2022,2,DET,00-0033106,J.Goff,,37,0.032987381680207976,-6.575407087802886,8.441176470588236,,0.08108108108108109,,,0.0,0.0
football,nfl,2022,2,GB,00-0023459,A.Rodgers,,28,0.411859676831031,4.6869133710861215,5.56,,0.10714285714285714,,,0.0,0.0
football,nfl,2022,2,HOU,00-0036898,D.Mills,,41,-0.27938851133787074,-13.692901907740412,8.526315789473685,,0.07317073170731707,,,0.0,0.04878048780487805
football,nfl,2022,2,IND,00-0026143,M.Ryan,,35,-0.5814055306387932,-5.6293871896020296,8.533333333333333,,0.14285714285714285,,,0.08571428571428572,0.02857142857142857
football,nfl,2022,2,JAX,00-0036971,T.Lawrence,,30,0.5852366048153697,14.291357398033142,6.566666666666666,,0.0,,,0.0,0.0
football,nfl,2022,2,KC,00-0033873,P.Mahomes,,36,0.1345273126811859,4.277011752128601,7.114285714285714,,0.027777777777777776,,,0.0,0.0
football,nfl,2022,2,LA,00-0026498,M.Stafford,,37,0.1754110116108892,7.881441542080471,6.916666666666667,,0.02702702702702703,,,0.05405405405405406,0.0
football,nfl,2022,2,LAC,00-0036355,J.Herbert,,50,-0.018437967855597127,4.18819441743519,5.229166666666667,,0.04,,,0.02,0.0
football,nfl,2022,2,LV,00-0031280,D.Carr,,40,0.1139851385737745,-5.870755284260481,5.9743589743589745,,0.025,,,0.0,0.0
football,nfl,2022,2,MIA,00-0036212,T.Tagovailoa,,51,0.5273229019498389,3.1503377556800842,7.24,,0.0196078431372549,,,0.0392156862745098,0.0
football,nfl,2022,2,MIN,00-0029604,K.Cousins,,48,-0.2919196286178097,-7.50509950849745,5.869565217391305,,0.041666666666666664,,,0.0625,0.020833333333333332
football,nfl,2022,2,NE,00-0036972,M.Jones,,35,0.1478265491149387,-5.1140595008345215,9.342857142857143,,0.0,,,0.02857142857142857,0.0
football,nfl,2022,2,NO,00-0031503,J.Winston,,46,-0.3516051099196996,-2.2543680667877197,13.35,,0.13043478260869565,,,0.06521739130434782,0.021739130434782608
football,nfl,2022,2,NYG,00-0035710,D.Jones,,37,-0.07196261536907801,-1.6381531022489069,5.911764705882353,,0.08108108108108109,,,0.0,0.0
football,nfl,2022,2,NYJ,00-0026158,J.Flacco,,46,0.2683517599574498,0.17215698247864133,9.477272727272727,,0.043478260869565216,,,0.0,0.021739130434782608
football,nfl,2022,2,NYJ,00-0036313,B.Mann,,1,3.8100264680106193,35.23755669593811,8.0,,0.0,,,0.0,0.0
football,nfl,2022,2,PHI,00-0036389,J.Hurts,,34,0.34853515592811835,15.000109903274044,9.258064516129032,,0.08823529411764706,,,0.029411764705882353,0.0
football,nfl,2022,2,PIT,00-0033869,M.Trubisky,,37,-0.12904218718798957,-4.909001290798187,7.818181818181818,,0.08108108108108109,,,0.02702702702702703,0.0
football,nfl,2022,2,SEA,00-0030565,G.Smith,,32,-0.24743399300768942,13.81398007787507,5.586206896551724,,0.0625,,,0.03125,0.0
football,nfl,2022,2,SEA,00-0036425,D.Dallas,,1,-4.867112466075923,-43.53819787502289,8.0,,0.0,,,1.0,0.0
football,nfl,2022,2,SF,00-0031345,J.Garoppolo,,22,0.10065565248953753,-3.6177354199545726,8.285714285714286,,0.045454545454545456,,,0.0,0.0
football,nfl,2022,2,SF,00-0037012,T.Lance,,3,-0.20112344410173208,-1.6799648602803547,2.0,,0.0,,,0.0,0.0
football,nfl,2022,2,TB,00-0019596,T.Brady,,35,0.06939162787030241,-13.116214401794203,9.235294117647058,,0.02857142857142857,,,0.0,0.0
football,nfl,2022,2,TEN,00-0029701,R.Tannehill,,22,-0.5243679328811016,-11.235713064670563,8.7,,0.09090909090909091,,,0.09090909090909091,0.0
football,nfl,2022,2,TEN,00-0038128,M.Willis,,4,-0.48454876529285684,-41.82652831077576,7.25,,0.0,,,0.0,0.0
football,nfl,2022,2,WAS,00-0032950,C.Wentz,,53,0.04617124156453559,0.4541925408623435,9.021739130434783,,0.09433962264150944,,,0.018867924528301886,0.018867924528301886
football,nfl,2022,3,ARI,00-0035228,K.Murray,,60,-0.08078980769450875,-5.4510592872446235,6.137931034482759,,0.03333333333333333,,,0.0,0.016666666666666666
football,nfl,2022,3,ATL,00-0032268,M.Mariota,,23,0.6492022057274894,12.668762708965101,16.45,,0.13043478260869565,,,0.043478260869565216,0.043478260869565216
football,nfl,2022,3,BAL,00-0034796,L.Jackson,,33,0.21712983897815272,4.022785358958774,9.517241379310345,,0.12121212121212122,,,0.030303030303030304,0.0
football,nfl,2022,3,BUF,00-0034857,J.Allen,,66,0.0962316363303988,4.33328768663239,6.0,,0.06060606060606061,,,0.0,0.030303030303030304
football,nfl,2022,3,CAR,00-0034855,B.Mayfield,,28,-0.170876383563994,-19.410808011889458,6.28,,0.10714285714285714,,,0.0,0.0
football,nfl,2022,3,CHI,00-0036945,J.Fields,,22,-0.35114089441519986,-18.994330801069736,9.0,,0.22727272727272727,,,0.09090909090909091,0.0
football,nfl,2022,3,CIN,00-0036442,J.Burrow,,38,0.4313505412461291,4.036683227334704,7.75,,0.05263157894736842,,,0.0,0.0
football,nfl,2022,3,CLE,00-0033119,J.Brissett,,33,0.04410096751691618,-0.775478636064837,6.483870967741935,,0.06060606060606061,,,0.0,0.0
football,nfl,2022,3,DAL,00-0033662,C.Rush,,31,0.10926111541496723,4.315011004606883,8.096774193548388,,0.0,,,0.0,0.0
football,nfl,2022,3,DEN,00-0029263,R.Wilson,,38,-0.309733418581528,-4.8573266714811325,7.454545454545454,,0.10526315789473684,,,0.0,0.0
football,nfl,2022,3,DET,00-0033106,J.Goff,,40,0.19428257601553334,-1.3211958311699534,8.512195121951219,,0.0,,,0.025,0.0
football,nfl,2022,3,GB,00-0023459,A.Rodgers,,36,0.12522077772559392,10.921984735657187,5.057142857142857,,0.027777777777777776,,,0.027777777777777776,0.0
football,nfl,2022,3,HOU,00-0036898,D.Mills,,33,-0.1739055110994064,-2.3164170403634348,7.4375,,0.030303030303030304,,,0.06060606060606061,0.0
football,nfl,2022,3,IND,00-0026143,M.Ryan,,42,-0.09609502836117127,2.017368624607722,4.8108108108108105,,0.11904761904761904,,,0.0,0.047619047619047616
football,nfl,2022,3,JAX,00-0036971,T.Lawrence,,40,0.36816499282987153,2.213003917744285,4.769230769230769,,0.0,,,0.0,0.0
football,nfl,2022,3,KC,00-0033873,P.Mahomes,,37,0.20865945117750828,-4.447254352271557,8.342857142857143,,0.02702702702702703,,,0.02702702702702703,0.0
football,nfl,2022,3,KC,00-0035889,T.Townsend,,1,-3.5175859160954133,-80.67699074745178,1.0,,0.0,,,0.0,0.0
football,nfl,2022,3,LA,00-0026498,M.Stafford,,26,0.38864117672182413,6.151381611824036,8.8,,0.038461538461538464,,,0.0,0.0
football,nfl,2022,3,LAC,00-0036355,J.Herbert,,46,-0.19690906885293638,-6.741548202386716,7.822222222222222,,0.021739130434782608,,,0.021739130434782608,0.021739130434782608
football,nfl,2022,3,LV,00-0031280,D.Carr,,46,0.11687165836577683,6.108260340988636,9.204545454545455,,0.021739130434782608,,,0.021739130434782608,0.0
football,nfl,2022,3,LV,00-0033555,M.Hollins,,1,0.0511495949467644,13.623565435409546,-6.0,,0.0,,,0.0,0.0
football,nfl,2022,3,MIA,00-0031237,T.Bridgewater,,3,-0.6187193364215394,-85.00725328922272,1.0,,0.3333333333333333,,,0.0,0.0
football,nfl,2022,3,MIA,00-0036212,T.Tagovailoa,,19,0.45580955009025176,5.503590239418878,9.833333333333334,,0.05263157894736842,,,0.0,0.0
football,nfl,2022,3,MIN,00-0029604,K.Cousins,,41,-0.01799548319836906,-4.949590724867743,8.146341463414634,,0.024390243902439025,,,0.0,0.0
football,nfl,2022,3,NE,00-0036972,M.Jones,,36,-0.0018477972660830844,6.43150620162487,12.0625,,0.08333333333333333,,,0.08333333333333333,0.0
football,nfl,2022,3,NO,00-0031503,J.Winston,,42,0.1886937915105737,4.190521782789475,11.902439024390244,,0.023809523809523808,,,0.047619047619047616,0.0
football,nfl,2022,3,NYG,00-0035710,D.Jones,,42,-0.27829347745242267,-6.584755703806877,7.1891891891891895,,0.11904761904761904,,,0.023809523809523808,0.0
football,nfl,2022,3,NYJ,00-0026158,J.Flacco,,56,-0.4185483200470631,-4.26085302606225,10.076923076923077,,0.07142857142857142,,,0.03571428571428571,0.05357142857142857
football,nfl,2022,3,PHI,00-0036389,J.Hurts,,38,0.4054228374442702,4.08487955436987,11.2,,0.07894736842105263,,,0.0,0.0
football,nfl,2022,3,PIT,00-0033869,M.Trubisky,,33,-0.0428585937517802,0.14887759461998895,12.25,,0.030303030303030304,,,0.0,0.0
football,nfl,2022,3,SEA,00-0030565,G.Smith,,46,0.25831585319886946,9.71766391938383,9.363636363636363,,0.043478260869565216,,,0.021739130434782608,0.0
football,nfl,2022,3,SF,00-0031345,J.Garoppolo,,33,-0.1732837947165973,-6.491429024729236,8.344827586206897,,0.12121212121212122,,,0.030303030303030304,0.0
football,nfl,2022,3,TB,00-0019596,T.Brady,,46,0.0028206369659488496,4.887816309928894,5.619047619047619,,0.06521739130434782,,,0.0,0.0
football,nfl,2022,3,TEN,00-0029701,R.Tannehill,,28,0.43570647076038377,6.321289447637705,7.111111111111111,,0.03571428571428571,,,0.03571428571428571,0.03571428571428571
football,nfl,2022,3,WAS,00-0032950,C.Wentz,,53,-0.4082860961682163,-7.614117647920336,7.883720930232558,,0.16981132075471697,,,0.0,0.03773584905660377
football,nfl,2022,4,ARI,00-0035228,K.Murray,,34,-0.044864229859506805,5.536934060435141,5.625,,0.029411764705882353,,,0.029411764705882353,0.0
football,nfl,2022,4,ATL,00-0032268,M.Mariota,,20,-0.25671529046374697,-20.022118588288624,12.736842105263158,,0.05,,,0.05,0.05
football,nfl,2022,4,BAL,00-0034796,L.Jackson,,31,-0.2972773116605433,-0.1654899546078273,4.586206896551724,,0.06451612903225806,,,0.06451612903225806,0.0
football,nfl,2022,4,BUF,00-0034857,J.Allen,,37,0.05560059848296397,-11.103929403950186,7.444444444444445,,0.02702702702702703,,,0.02702702702702703,0.0
football,nfl,2022,4,CAR,00-0034855,B.Mayfield,,39,-0.341358127599989,-10.249755448765224,5.944444444444445,,0.05128205128205128,,,0.05128205128205128,0.0
football,nfl,2022,4,CHI,00-0036945,J.Fields,,28,-0.2033078165783999,-7.758471965789795,9.909090909090908,,0.21428571428571427,,,0.0,0.03571428571428571
football,nfl,2022,4,CIN,00-0033009,T.Boyd,,1,3.2179457168094814,57.54803717136383,21.0,,0.0,,,0.0,0.0
football,nfl,2022,4,CIN,00-0036442,J.Burrow,,32,0.4111308849973494,1.5824495784697994,9.806451612903226,,0.03125,,,0.0,0.0
football,nfl,2022,4,CLE,00-0033119,J.Brissett,,36,-0.02789489453208456,-5.525882158960615,8.028571428571428,,0.027777777777777776,,,0.027777777777777776,0.0
football,nfl,2022,4,DAL,00-0033662,C.Rush,,28,0.05877598948968554,-7.8718271393042345,7.962962962962963,,0.03571428571428571,,,0.0,0.0
football,nfl,2022,4,DEN,00-0029263,R.Wilson,,28,-0.03663678484424101,0.27834677696228083,11.36,,0.10714285714285714,,,0.0,0.0
football,nfl,2022,4,DET,00-0033106,J.Goff,,41,0.35995528527607384,2.3820571993526656,9.923076923076923,,0.024390243902439025,,,0.024390243902439025,0.0
football,nfl,2022,4,DET,00-0035156,J.Fox,,1,2.9525986034423117,29.420161247253414,6.0,,0.0,,,0.0,0.0
football,nfl,2022,4,GB,00-0023459,A.Rodgers,,36,0.011826560439068516,0.5234921351075176,10.2,,0.027777777777777776,,,0.027777777777777776,0.0
football,nfl,2022,4,HOU,00-0036898,D.Mills,,39,-0.22343479382038675,5.257619874817984,7.314285714285714,,0.10256410256410256,,,0.05128205128205128,0.02564102564102564
football,nfl,2022,4,IND,00-0026143,M.Ryan,,40,0.21878624863439863,4.664951645665699,6.378378378378378,,0.075,,,0.025,0.05
football,nfl,2022,4,JAX,00-0036971,T.Lawrence,,27,-0.3293429604468488,-20.709057217058927,7.956521739130435,,0.14814814814814814,,,0.037037037037037035,0.1111111111111111
football,nfl,2022,4,KC,00-0033873,P.Mahomes,,40,0.21489672425334866,1.5372101874912492,7.081081081081081,,0.075,,,0.025,0.0
football,nfl,2022,4,LA,00-0026498,M.Stafford,,55,-0.23337379259360785,-1.5725785866379738,5.270833333333333,,0.12727272727272726,,,0.01818181818181818,0.01818181818181818
football,nfl,2022,4,LAC,00-0036355,J.Herbert,,40,0.4180048704504845,4.195729542422939,7.538461538461538,,0.025,,,0.0,0.0
football,nfl,2022,4,LV,00-0031280,D.Carr,,36,-0.09201829575781537,-0.26650379101435295,8.176470588235293,,0.05555555555555555,,,0.0,0.0
football,nfl,2022,4,MIA,00-0031237,T.Bridgewater,,23,-0.028386138415317636,3.2128080048344354,9.608695652173912,,0.0,,,0.043478260869565216,0.0
football,nfl,2022,4,MIA,00-0036212,T.Tagovailoa,,15,-0.04121246921378831,-5.769222761903491,11.357142857142858,,0.06666666666666667,,,0.06666666666666667,0.0
football,nfl,2022,4,MIN,00-0029604,K.Cousins,,41,-0.03548199521523465,5.681040532448713,7.315789473684211,,0.07317073170731707,,,0.024390243902439025,0.0
football,nfl,2022,4,MIN,00-0037500,R.Wright,,1,3.3623869362054397,40.4474675655365,13.0,,0.0,,,0.0,0.0
football,nfl,2022,4,NE,00-0026625,B.Hoyer,,7,-0.30378912478631875,12.952211002508799,4.666666666666667,,0.14285714285714285,,,0.0,0.0
football,nfl,2022,4,NE,00-0038108,B.Zappe,,18,-0.26438961092369734,1.101750135421753,5.8,,0.16666666666666666,,,0.0,0.05555555555555555
football,nfl,2022,4,NO,00-0027973,A.Dalton,,31,0.24474251580245426,8.306271476405007,11.107142857142858,,0.06451612903225806,,,0.0,0.03225806451612903
football,nfl,2022,4,NYG,00-0028118,T.Taylor,,3,-0.24181699752807617,-23.943547407786053,24.0,,0.0,,,0.3333333333333333,0.0
football,nfl,2022,4,NYG,00-0035710,D.Jones,,14,-0.139604775555199,-1.1953870455423985,6.384615384615385,,0.07142857142857142,,,0.0,0.0
football,nfl,2022,4,NYJ,00-0034419,B.Berrios,,1,1.1844526951317675,45.990824699401855,2.0,,0.0,,,0.0,0.0
football,nfl,2022,4,NYJ,00-0037013,Z.Wilson,,37,0.03142888830370247,-6.755382288247347,9.194444444444445,,0.02702702702702703,,,0.05405405405405406,0.0
football,nfl,2022,4,PHI,00-0036389,J.Hurts,,28,-0.4317962281109689,-2.771796410282453,6.24,,0.07142857142857142,,,0.03571428571428571,0.0
football,nfl,2022,4,PIT,00-0033869,M.Trubisky,,16,-0.4145531456677938,-5.443496199754568,16.076923076923077,,0.1875,,,0.0625,0.0
football,nfl,2022,4,PIT,00-0038102,K.Pickett,,13,0.10965113141215764,20.71893165508906,12.846153846153847,,0.0,,,0.23076923076923078,0.0
football,nfl,2022,4,SEA,00-0030565,G.Smith,,30,0.7005987844498148,13.11806399246742,10.666666666666666,,0.0,,,0.0,0.0
football,nfl,2022,4,SF,00-0031345,J.Garoppolo,,27,0.39665611711674836,-8.402827501296997,5.592592592592593,,0.0,,,0.0,0.0
football,nfl,2022,4,TB,00-0019596,T.Brady,,53,0.1794591345063111,5.98216698719905,6.269230769230769,,0.018867924528301886,,,0.0,0.018867924528301886
football,nfl,2022,4,TEN,00-0029701,R.Tannehill,,24,-0.010630487045773124,9.470296189898537,4.285714285714286,,0.125,,,0.0,0.0
football,nfl,2022,4,WAS,00-0032950,C.Wentz,,44,-0.39541194879655334,-6.166894398629665,7.071428571428571,,0.045454545454545456,,,0.045454545454545456,0.0
football,nfl,2022,5,ARI,00-0035228,K.Murray,,41,0.16825996837882068,1.829055108522114,6.976190476190476,,0.024390243902439025,,,0.024390243902439025,0.0
football,nfl,2022,5,ATL,00-0032268,M.Mariota,,31,-0.04603386912204301,-6.350860744714737,9.08,,0.16129032258064516,,,0.0,0.03225806451612903
football,nfl,2022,5,BAL,00-0034796,L.Jackson,,33,-0.17191908588922625,4.638587379897082,9.21875,,0.030303030303030304,,,0.030303030303030304,0.0
football,nfl,2022,5,BUF,00-0028986,C.Keenum,,5,-0.7786266556940973,-31.20547652244568,6.4,,0.0,,,0.0,0.0
football,nfl,2022,5,BUF,00-0034857,J.Allen,,31,0.8017625967623266,4.658716340218821,13.548387096774194,,0.0,,,0.03225806451612903,0.0
football,nfl,2022,5,CAR,00-0033275,P.Walker,,8,-0.13059972245537207,18.378305931886036,12.666666666666666,,0.25,,,0.0,0.0
football,nfl,2022,5,CAR,00-0034855,B.Mayfield,,40,-0.2706860139660957,-8.847452437176424,7.527777777777778,,0.1,,,0.025,0.0
football,nfl,2022,5,CHI,00-0036945,J.Fields,,24,0.3123784098462737,2.3953582559313094,8.238095238095237,,0.08333333333333333,,,0.0,0.041666666666666664
football,nfl,2022,5,CIN,00-0033009,T.Boyd,,1,-2.6106572727439925,,,,1.0,,,0.0,0.0
football,nfl,2022,5,CIN,00-0036442,J.Burrow,,37,-0.11751701070469184,-1.5256566159865432,3.4285714285714284,,0.05405405405405406,,,0.02702702702702703,0.0
football,nfl,2022,5,CLE,00-0033119,J.Brissett,,34,0.20551422304941253,4.218448605388403,9.176470588235293,,0.0,,,0.029411764705882353,0.0
football,nfl,2022,5,DAL,00-0033662,C.Rush,,19,-0.35092655338551476,-5.060111545026302,7.3125,,0.15789473684210525,,,0.0,0.10526315789473684
football,nfl,2022,5,DEN,00-0029263,R.Wilson,,43,-0.3024403149373859,-8.439243428016963,9.384615384615385,,0.09302325581395349,,,0.046511627906976744,0.023255813953488372
football,nfl,2022,5,DET,00-0033106,J.Goff,,37,-0.5593506639817025,0.6835004975718837,8.285714285714286,,0.05405405405405406,,,0.02702702702702703,0.02702702702702703
football,nfl,2022,5,GB,00-0023459,A.Rodgers,,41,0.0687924517680607,-2.4850547313690186,7.461538461538462,,0.04878048780487805,,,0.0,0.024390243902439025
football,nfl,2022,5,HOU,00-0036898,D.Mills,,25,-0.10075949229094135,-1.7401573558648427,5.5,,0.04,,,0.0,0.0
football,nfl,2022,5,IND,00-0026143,M.Ryan,,46,-0.23988584430512389,2.9908047782050238,6.341463414634147,,0.13043478260869565,,,0.043478260869565216,0.043478260869565216
football,nfl,2022,5,JAX,00-0036971,T.Lawrence,,46,-0.16908225835950627,-10.69828275252472,9.934782608695652,,0.0,,,0.043478260869565216,0.0
football,nfl,2022,5,KC,00-0033873,P.Mahomes,,47,0.29527076262654867,1.9614888798622858,6.372093023255814,,0.06382978723404255,,,0.0,0.0
football,nfl,2022,5,LA,00-0026498,M.Stafford,,47,-0.30602481858466785,-1.2314356118440628,7.666666666666667,,0.10638297872340426,,,0.02127659574468085,0.0425531914893617
football,nfl,2022,5,LA,00-0032943,R.Dixon,,1,2.6160584269091487,25.750041007995605,6.0,,0.0,,,0.0,0.0
football,nfl,2022,5,LA,00-0033908,C.Kupp,,1,-0.4675202764337882,-32.619112730026245,25.0,,0.0,,,0.0,0.0
football,nfl,2022,5,LAC,00-0036355,J.Herbert,,35,0.12643317392638842,0.2662697524735426,5.205882352941177,,0.02857142857142857,,,0.0,0.0
football,nfl,2022,5,LV,00-0031280,D.Carr,,32,0.21199167582913872,8.01311124254156,10.266666666666667,,0.0625,,,0.0,0.0
football,nfl,2022,5,MIA,00-0031237,T.Bridgewater,,1,-1.611123567679897,,-4.0,,0.0,,,0.0,0.0
football,nfl,2022,5,MIA,00-0037327,S.Thompson,,35,-0.46543493745220144,-3.210231475532055,6.878787878787879,,0.05714285714285714,,,0.02857142857142857,0.02857142857142857
football,nfl,2022,5,MIN,00-0029604,K.Cousins,,42,0.27758215743605325,7.473078056385643,4.512195121951219,,0.023809523809523808,,,0.023809523809523808,0.0
football,nfl,2022,5,MIN,00-0036322,J.Jefferson,,1,2.411417374154553,12.104672193527222,-5.0,,0.0,,,0.0,0.0
football,nfl,2022,5,NE,00-0038108,B.Zappe,,21,0.3122067006967774,13.202619552612305,8.714285714285714,,0.0,,,0.047619047619047616,0.0
football,nfl,2022,5,NO,00-0027973,A.Dalton,,25,0.0005798226725260846,-2.2810796896616616,7.625,,0.04,,,0.04,0.0
football,nfl,2022,5,NO,00-0033357,T.Hill,,1,2.655144485412165,40.68703055381775,17.0,,0.0,,,0.0,0.0
football,nfl,2022,5,NYG,00-0035710,D.Jones,,28,0.4781074420782415,11.300029548314901,5.148148148148148,,0.03571428571428571,,,0.0,0.0
football,nfl,2022,5,NYJ,00-0037013,Z.Wilson,,23,0.03818354306307843,0.6028362682887479,9.380952380952381,,0.08695652173913043,,,0.0,0.0
football,nfl,2022,5,PHI,00-0036389,J.Hurts,,38,0.0987984752470129,1.075596406179316,3.8055555555555554,,0.05263157894736842,,,0.0,0.0
football,nfl,2022,5,PIT,00-0038102,K.Pickett,,55,-0.040684480355996124,1.3903942178277402,6.980769230769231,,0.05454545454545454,,,0.01818181818181818,0.0
football,nfl,2022,5,SEA,00-0030565,G.Smith,,29,0.27170580429548963,2.2066564609607062,12.0,,0.10344827586206896,,,0.0,0.0
football,nfl,2022,5,SF,00-0031345,J.Garoppolo,,32,0.5730652569476826,-5.8723051349322,7.666666666666667,,0.0625,,,0.0,0.0
football,nfl,2022,5,TB,00-0019596,T.Brady,,53,0.2649545245645678,0.7075718641281128,6.961538461538462,,0.0,,,0.0,0.0
football,nfl,2022,5,TEN,00-0029701,R.Tannehill,,30,-0.019450461081578396,5.1537783897441365,9.12,,0.16666666666666666,,,0.0,0.0
football,nfl,2022,5,WAS,00-0032950,C.Wentz,,41,0.01594330906859463,1.4696111550202233,9.236842105263158,,0.07317073170731707,,,0.024390243902439025,0.024390243902439025
football,nfl,2022,6,ARI,00-0035228,K.Murray,,43,-0.27145991265079555,0.5603321724467807,9.0,,0.13953488372093023,,,0.023255813953488372,0.023255813953488372
football,nfl,2022,6,ATL,00-0032268,M.Mariota,,16,0.32557140391872963,19.393275465284074,5.5,,0.125,,,0.0,0.0
football,nfl,2022,6,BAL,00-0034796,L.Jackson,,34,-0.0468203362633001,-7.810871158876727,9.6875,,0.058823529411764705,,,0.029411764705882353,0.058823529411764705
football,nfl,2022,6,BUF,00-0034857,J.Allen,,41,0.2722001604689934,5.17005371420007,7.375,,0.024390243902439025,,,0.0,0.0
football,nfl,2022,6,CAR,00-0033275,P.Walker,,18,-0.5936806313248607,-19.79307495057583,-0.0625,,0.1111111111111111,,,0.0,0.0
football,nfl,2022,6,CAR,00-0036226,J.Eason,,5,-0.45225635992828755,-5.314946174621582,4.0,,0.0,,,0.2,0.0
football,nfl,2022,6,CHI,00-0036945,J.Fields,,32,-0.4493431214841621,-6.0833086761144495,10.185185185185185,,0.15625,,,0.03125,0.03125
football,nfl,2022,6,CIN,00-0036442,J.Burrow,,41,0.2388179453068622,6.43404804997974,6.162162162162162,,0.07317073170731707,,,0.0,0.0
football,nfl,2022,6,CLE,00-0033119,J.Brissett,,50,-0.23223217813100436,-9.05688859167553,11.71111111111111,,0.08,,,0.04,0.04
football,nfl,2022,6,DAL,00-0033662,C.Rush,,38,-0.220580207852109,-17.277889879974158,8.289473684210526,,0.0,,,0.07894736842105263,0.0
football,nfl,2022,6,DEN,00-0029263,R.Wilson,,32,-0.21333257949450737,-4.908023715019226,9.535714285714286,,0.125,,,0.0,0.0
football,nfl,2022,6,GB,00-0023459,A.Rodgers,,45,-0.29540554313945966,-2.0223822444677353,8.634146341463415,,0.08888888888888889,,,0.0,0.022222222222222223
football,nfl,2022,6,GB,00-0036264,J.Love,,4,-0.7665973964467412,-27.880367636680603,4.0,,0.0,,,0.0,0.0
football,nfl,2022,6,IND,00-0026143,M.Ryan,,59,0.2832266951044123,3.612009116581508,5.155172413793103,,0.0,,,0.0,0.0
football,nfl,2022,6,JAX,00-0036971,T.Lawrence,,27,0.023185607066912643,15.334389291026376,3.9545454545454546,,0.14814814814814814,,,0.0,0.0
football,nfl,2022,6,KC,00-0033873,P.Mahomes,,43,0.10187733174773422,1.845112868717739,5.275,,0.06976744186046512,,,0.046511627906976744,0.0
football,nfl,2022,6,LA,00-0026498,M.Stafford,,34,0.08971102797444551,8.306047608775478,4.424242424242424,,0.029411764705882353,,,0.029411764705882353,0.0
football,nfl,2022,6,LAC,00-0036355,J.Herbert,,59,-0.26656249375553404,-5.2796947956085205,5.912280701754386,,0.03389830508474576,,,0.01694915254237288,0.0
football,nfl,2022,6,MIA,00-0031237,T.Bridgewater,,40,0.07186777438316694,5.879307072609663,8.147058823529411,,0.125,,,0.05,0.0
football,nfl,2022,6,MIA,00-0037327,S.Thompson,,14,-0.17140382924948686,-13.561061253914467,10.23076923076923,,0.07142857142857142,,,0.0,0.0
football,nfl,2022,6,MIN,00-0029604,K.Cousins,,34,-0.1316025349977931,1.3035392122609275,5.566666666666666,,0.08823529411764706,,,0.0,0.0
football,nfl,2022,6,NE,00-0038108,B.Zappe,,36,0.23357887197905328,9.834722357411538,5.0588235294117645,,0.05555555555555555,,,0.0,0.027777777777777776
football,nfl,2022,6,NO,00-0027973,A.Dalton,,33,0.1012802637892267,-7.513236041579928,7.40625,,0.030303030303030304,,,0.0,0.0
football,nfl,2022,6,NO,00-0033357,T.Hill,,4,0.09176906841457821,4.415006438891093,13.75,,0.0,,,0.0,0.0
football,nfl,2022,6,NYG,00-0035710,D.Jones,,31,0.32871887495351215,9.880761504173279,6.62962962962963,,0.12903225806451613,,,0.0,0.03225806451612903
football,nfl,2022,6,NYJ,00-0037013,Z.Wilson,,20,-0.19091748704629166,-9.774994674850912,6.166666666666667,,0.1,,,0.0,0.0
football,nfl,2022,6,PHI,00-0036389,J.Hurts,,29,0.11165096842009446,-5.299765142527494,5.32,,0.13793103448275862,,,0.0,0.0
football,nfl,2022,6,PIT,00-0033869,M.Trubisky,,13,0.7911398460273631,9.707415103912354,9.333333333333334,,0.07692307692307693,,,0.0,0.0
football,nfl,2022,6,PIT,00-0038102,K.Pickett,,19,-0.14252317873082107,1.206154624621073,4.166666666666667,,0.05263157894736842,,,0.0,0.0
football,nfl,2022,6,SEA,00-0030565,G.Smith,,36,-0.1751309454947584,-2.9719106356302896,6.870967741935484,,0.1388888888888889,,,0.0,0.0
football,nfl,2022,6,SF,00-0031345,J.Garoppolo,,41,0.08693107519094354,-0.6857507112549576,7.536585365853658,,0.0,,,0.04878048780487805,0.0
football,nfl,2022,6,TB,00-0019596,T.Brady,,42,0.18728441016364933,0.7883790779758144,7.55,,0.047619047619047616,,,0.0,0.023809523809523808
football,nfl,2022,6,WAS,00-0032950,C.Wentz,,26,-0.3430308599158591,-16.338907317681745,6.2272727272727275,,0.11538461538461539,,,0.0,0.0
football,nfl,2022,7,ARI,00-0035228,K.Murray,,32,0.08913979303860972,-1.1900572941221037,7.448275862068965,,0.0625,,,0.0,0.0
football,nfl,2022,7,ATL,00-0032268,M.Mariota,,16,0.06905197376181604,3.7149044374624887,8.384615384615385,,0.1875,,,0.0,0.0
football,nfl,2022,7,BAL,00-0034796,L.Jackson,,19,-0.22480329955540174,-10.159978084266186,5.3125,,0.15789473684210525,,,0.0,0.0
football,nfl,2022,7,CAR,00-0033275,P.Walker,,23,0.2290815000027499,10.714196165402731,8.5,,0.043478260869565216,,,0.0,0.0
football,nfl,2022,7,CHI,00-0036945,J.Fields,,25,0.09565166710151227,-1.2561982586270286,9.761904761904763,,0.16,,,0.04,0.08
football,nfl,2022,7,CIN,00-0036442,J.Burrow,,45,0.6005697765846788,14.742475748062134,8.642857142857142,,0.06666666666666667,,,0.0,0.0
football,nfl,2022,7,CLE,00-0033119,J.Brissett,,32,0.015102582148209528,17.50530183315277,6.592592592592593,,0.15625,,,0.0,0.0625
football,nfl,2022,7,DAL,00-0033077,D.Prescott,,27,0.35864317131927237,10.018054008483887,10.8,,0.07407407407407407,,,0.0,0.0
football,nfl,2022,7,DEN,00-0034955,B.Rypien,,47,-0.2719294022859858,-9.252744581964281,10.565217391304348,,0.02127659574468085,,,0.02127659574468085,0.02127659574468085
football,nfl,2022,7,DET,00-0033106,J.Goff,,31,-0.21410426987868095,9.261988878250122,6.0,,0.16129032258064516,,,0.06451612903225806,0.06451612903225806
football,nfl,2022,7,GB,00-0023459,A.Rodgers,,34,-0.0832852019555182,-4.4859800374869145,5.4,,0.0,,,0.0,0.0
football,nfl,2022,7,HOU,00-0036898,D.Mills,,42,0.07315500426058982,-0.011628270149230957,5.414634146341464,,0.023809523809523808,,,0.023809523809523808,0.0
football,nfl,2022,7,IND,00-0026143,M.Ryan,,47,-0.19384261620468757,9.611333288797518,4.0227272727272725,,0.06382978723404255,,,0.0425531914893617,0.0
football,nfl,2022,7,JAX,00-0034775,C.Kirk,,1,-0.3268064032308757,-83.19438695907593,1.0,,0.0,,,0.0,0.0
football,nfl,2022,7,JAX,00-0036971,T.Lawrence,,43,0.263822715605274,-9.89341288805008,11.0,,0.0,,,0.0,0.0
football,nfl,2022,7,KC,00-0026197,C.Henne,,2,-0.9457569336809684,-69.61029171943665,-2.0,,0.0,,,0.0,0.0
football,nfl,2022,7,KC,00-0033873,P.Mahomes,,35,0.8522155216628952,10.684531833976507,7.794117647058823,,0.02857142857142857,,,0.02857142857142857,0.02857142857142857
football,nfl,2022,7,LAC,00-0036355,J.Herbert,,54,-0.19239539312009044,-4.893636645055285,6.294117647058823,,0.05555555555555555,,,0.018518518518518517,0.018518518518518517
football,nfl,2022,7,LV,00-0031280,D.Carr,,28,0.4353576584847389,7.707030268815847,7.296296296296297,,0.03571428571428571,,,0.0,0.0
football,nfl,2022,7,MIA,00-0036212,T.Tagovailoa,,35,0.15919804696098958,-6.210083961486816,9.857142857142858,,0.0,,,0.0,0.0
football,nfl,2022,7,NE,00-0036972,M.Jones,,6,-0.9370928446296602,-17.16497043768565,10.333333333333334,,0.0,,,0.16666666666666666,0.0
football,nfl,2022,7,NE,00-0038108,B.Zappe,,23,-0.10961518263565781,-4.149484228004109,8.272727272727273,,0.043478260869565216,,,0.08695652173913043,0.0
football,nfl,2022,7,NO,00-0027973,A.Dalton,,47,-0.028630579587412355,-0.8152442222291775,8.02127659574468,,0.0,,,0.06382978723404255,0.0
football,nfl,2022,7,NO,00-0033357,T.Hill,,2,2.0552049467514735,20.70695161819458,5.5,,0.0,,,0.0,0.0
football,nfl,2022,7,NYG,00-0035710,D.Jones,,31,0.059559006689328516,-2.6526078067976853,6.933333333333334,,0.03225806451612903,,,0.0,0.0
football,nfl,2022,7,NYJ,00-0037013,Z.Wilson,,29,-0.36938655449093544,-4.238654608311861,4.730769230769231,,0.10344827586206896,,,0.0,0.0
football,nfl,2022,7,PIT,00-0038102,K.Pickett,,45,-0.12384753595724468,8.455490462836766,6.840909090909091,,0.044444444444444446,,,0.06666666666666667,0.0
football,nfl,2022,7,SEA,00-0030565,G.Smith,,29,0.15746105485062742,10.882069285099323,7.62962962962963,,0.06896551724137931,,,0.034482758620689655,0.0
football,nfl,2022,7,SF,00-0031345,J.Garoppolo,,42,0.05742645701547112,-0.4414290189743042,6.648648648648648,,0.11904761904761904,,,0.023809523809523808,0.023809523809523808
football,nfl,2022,7,SF,00-0037834,B.Purdy,,9,0.012438980642602675,-17.200548119015163,10.555555555555555,,0.0,,,0.1111111111111111,0.0
football,nfl,2022,7,TB,00-0019596,T.Brady,,50,-0.04751064654756472,-1.9431795924901962,7.326530612244898,,0.02,,,0.0,0.0
football,nfl,2022,7,TEN,00-0029701,R.Tannehill,,22,0.15968994262434533,-0.6211115419864655,7.2,,0.09090909090909091,,,0.0,0.0
football,nfl,2022,7,WAS,00-0031800,T.Heinicke,,34,-0.03213836587380877,-2.3917144164443016,5.878787878787879,,0.029411764705882353,,,0.029411764705882353,0.0
football,nfl,2022,8,ARI,00-0035228,K.Murray,,48,-0.04213231852932,-1.3574132392572802,6.545454545454546,,0.08333333333333333,,,0.041666666666666664,0.0
football,nfl,2022,8,ATL,00-0032268,M.Mariota,,30,0.20780196608277599,6.40126360314233,10.892857142857142,,0.06666666666666667,,,0.06666666666666667,0.0
football,nfl,2022,8,BAL,00-0034796,L.Jackson,,40,0.02405939217730218,11.111223872970132,5.7631578947368425,,0.075,,,0.0,0.0
football,nfl,2022,8,BUF,00-0034857,J.Allen,,27,0.022615468117656128,-9.546531200408936,12.84,,0.07407407407407407,,,0.07407407407407407,0.0
football,nfl,2022,8,CAR,00-0033275,P.Walker,,37,0.036591728004018394,-9.84184423254596,11.75,,0.02702702702702703,,,0.02702702702702703,0.0
football,nfl,2022,8,CHI,00-0032156,T.Siemian,,1,-0.1055414371658116,10.361742973327637,-1.0,,0.0,,,0.0,0.0
football,nfl,2022,8,CHI,00-0036945,J.Fields,,29,-0.16791633309264464,10.837113721804185,8.91304347826087,,0.13793103448275862,,,0.0,0.0
football,nfl,2022,8,CIN,00-0036442,J.Burrow,,40,-0.23119714039224143,2.9271294965463532,5.714285714285714,,0.125,,,0.025,0.025
football,nfl,2022,8,CLE,00-0031544,A.Cooper,,1,-4.980502444552258,-43.07703375816345,18.0,,0.0,,,1.0,0.0
football,nfl,2022,8,CLE,00-0033119,J.Brissett,,23,0.6075885720662435,25.70196327410246,9.857142857142858,,0.08695652173913043,,,0.0,0.043478260869565216
football,nfl,2022,8,DAL,00-0033077,D.Prescott,,28,0.5259174032377943,10.861051082611084,6.925925925925926,,0.03571428571428571,,,0.03571428571428571,0.0
football,nfl,2022,8,DEN,00-0029263,R.Wilson,,32,0.08643862638837162,3.5436955782083364,11.333333333333334,,0.09375,,,0.03125,0.0
football,nfl,2022,8,DET,00-0033106,J.Goff,,38,0.2287105019129862,1.0714886961756527,7.216216216216216,,0.02631578947368421,,,0.0,0.0
football,nfl,2022,8,GB,00-0023459,A.Rodgers,,32,-0.04375085970246372,-0.26813277910495625,7.866666666666666,,0.0625,,,0.03125,0.0
football,nfl,2022,8,HOU,00-0030288,R.Burkhead,,1,-0.451972615905106,-65.9179151058197,7.0,,0.0,,,0.0,0.0
football,nfl,2022,8,HOU,00-0036898,D.Mills,,32,-0.37773805206259287,-10.203878838440467,7.896551724137931,,0.09375,,,0.03125,0.0
football,nfl,2022,8,IND,00-0036879,S.Ehlinger,,25,0.048084296076558536,7.889848299648451,8.347826086956522,,0.08,,,0.0,0.04
football,nfl,2022,8,JAX,00-0036971,T.Lawrence,,33,-0.4226823704289748,-8.473132124968938,5.580645161290323,,0.06060606060606061,,,0.06060606060606061,0.030303030303030304
football,nfl,2022,8,LA,00-0026498,M.Stafford,,35,0.012370946868655405,-5.46603687107563,4.181818181818182,,0.05714285714285714,,,0.0,0.0
football,nfl,2022,8,LV,00-0031280,D.Carr,,29,-0.4093211926800873,-10.1988476056319,8.153846153846153,,0.10344827586206896,,,0.034482758620689655,0.0
football,nfl,2022,8,LV,00-0035264,J.Stidham,,14,-0.135116027876003,-5.042000688039339,8.76923076923077,,0.07142857142857142,,,0.0,0.0
football,nfl,2022,8,MIA,00-0036212,T.Tagovailoa,,38,0.6598248127438072,19.852678214802463,11.222222222222221,,0.05263157894736842,,,0.0,0.0
football,nfl,2022,8,MIN,00-0029604,K.Cousins,,39,-0.08182080873046929,7.679807274572311,6.472222222222222,,0.07692307692307693,,,0.0,0.02564102564102564
football,nfl,2022,8,NE,00-0036972,M.Jones,,41,-0.17181067529368474,2.238911669701338,4.571428571428571,,0.14634146341463414,,,0.024390243902439025,0.024390243902439025
football,nfl,2022,8,NO,00-0027973,A.Dalton,,30,0.3287171863101301,1.6602648743267712,5.8,,0.0,,,0.0,0.0
football,nfl,2022,8,NO,00-0033357,T.Hill,,1,-0.4244135711342096,11.174362897872925,-3.0,,0.0,,,0.0,0.0
football,nfl,2022,8,NYG,00-0035710,D.Jones,,36,0.0028162844475118996,-12.806823561268468,7.870967741935484,,0.1388888888888889,,,0.0,0.027777777777777776
football,nfl,2022,8,NYJ,00-0037013,Z.Wilson,,43,-0.05372249701737317,-5.108054332873401,9.731707317073171,,0.046511627906976744,,,0.06976744186046512,0.0
football,nfl,2022,8,PHI,00-0035289,G.Minshew,,2,0.6169844128307889,-8.833745121955872,7.0,,0.0,,,0.0,0.0
football,nfl,2022,8,PHI,00-0036389,J.Hurts,,31,0.5039540309282471,2.4033733776637485,10.821428571428571,,0.0967741935483871,,,0.0,0.0
football,nfl,2022,8,PIT,00-0036326,C.Claypool,,1,2.553211367689073,60.102379322052,1.0,,0.0,,,0.0,0.0
football,nfl,2022,8,PIT,00-0036893,N.Harris,,1,-0.0647925575613044,16.83255434036255,-4.0,,0.0,,,0.0,0.0
football,nfl,2022,8,PIT,00-0038102,K.Pickett,,44,-0.35676043985430606,-1.0031569160913174,6.2368421052631575,,0.13636363636363635,,,0.022727272727272728,0.022727272727272728
football,nfl,2022,8,SEA,00-0030565,G.Smith,,37,0.08054440902933138,6.508180047526505,8.029411764705882,,0.08108108108108109,,,0.0,0.0
football,nfl,2022,8,SF,00-0031345,J.Garoppolo,,28,0.5196361684504847,12.63209319114685,6.48,,0.10714285714285714,,,0.0,0.0
football,nfl,2022,8,SF,00-0033280,C.McCaffrey,,1,3.771136244176887,67.72915422916412,31.0,,0.0,,,0.0,0.0
football,nfl,2022,8,TB,00-0019596,T.Brady,,46,0.11823854790245365,-4.528051685719263,6.545454545454546,,0.06521739130434782,,,0.0,0.0
football,nfl,2022,8,TEN,00-0038128,M.Willis,,13,-0.8167902445681567,1.7016205936670303,7.3,,0.23076923076923078,,,0.07692307692307693,0.0
football,nfl,2022,8,WAS,00-0031800,T.Heinicke,,33,0.050952145588642195,4.313149452209473,5.806451612903226,,0.06060606060606061,,,0.030303030303030304,0.0
football,nfl,2022,9,ARI,00-0035228,K.Murray,,40,-0.19113007676860433,1.0584137656471946,6.085714285714285,,0.125,,,0.0,0.025
football,nfl,2022,9,ATL,00-0032268,M.Mariota,,25,-0.017688362445365716,-7.1926044381183125,14.91304347826087,,0.08,,,0.0,0.0
football,nfl,2022,9,BAL,00-0034796,L.Jackson,,25,0.17836735121499067,-13.601844012737274,10.090909090909092,,0.12,,,0.0,0.04
football,nfl,2022,9,BUF,00-0034857,J.Allen,,39,-0.3256209940017137,-8.34578749808398,12.058823529411764,,0.1282051282051282,,,0.05128205128205128,0.05128205128205128
football,nfl,2022,9,CAR,00-0033275,P.Walker,,10,-1.3386811727890744,-35.9089595079422,6.3,,0.0,,,0.2,0.0
football,nfl,2022,9,CAR,00-0034855,B.Mayfield,,20,0.5915947020446766,2.9114165902137747,6.1,,0.0,,,0.0,0.0
football,nfl,2022,9,CHI,00-0036945,J.Fields,,31,0.013659418599529865,-3.722935363098427,8.071428571428571,,0.06451612903225806,,,0.0,0.0
football,nfl,2022,9,CIN,00-0032434,B.Allen,,4,-0.17206348128752202,26.575076580047607,3.3333333333333335,,0.25,,,0.0,0.0
football,nfl,2022,9,CIN,00-0036442,J.Burrow,,29,0.37026522103757276,12.039999939777234,6.071428571428571,,0.034482758620689655,,,0.0,0.0
football,nfl,2022,9,DET,00-0033106,J.Goff,,26,-0.05629893135986864,-17.65383134285609,4.076923076923077,,0.0,,,0.038461538461538464,0.0
football,nfl,2022,9,GB,00-0023459,A.Rodgers,,45,-0.30094756428632397,-4.740061014890671,9.976744186046512,,0.022222222222222223,,,0.06666666666666667,0.0
football,nfl,2022,9,HOU,00-0036898,D.Mills,,25,-0.28584040862364013,-5.676218299638657,7.2727272727272725,,0.12,,,0.08,0.0
football,nfl,2022,9,IND,00-0036879,S.Ehlinger,,38,-0.7744513634638084,-16.17114863225392,6.586206896551724,,0.23684210526315788,,,0.02631578947368421,0.0
football,nfl,2022,9,JAX,00-0036971,T.Lawrence,,30,0.4477590973585999,17.857373891205622,5.67741935483871,,0.0,,,0.0,0.0
football,nfl,2022,9,KC,00-0033873,P.Mahomes,,72,0.023200372729699985,-1.2164290393552468,6.852941176470588,,0.05555555555555555,,,0.013888888888888888,0.0
football,nfl,2022,9,LA,00-0026498,M.Stafford,,31,-0.1510399566305595,-13.508521306973238,8.962962962962964,,0.12903225806451613,,,0.0,0.0
football,nfl,2022,9,LAC,00-0036355,J.Herbert,,43,0.11578408638375551,-1.4344064995299939,5.604651162790698,,0.0,,,0.023255813953488372,0.0
football,nfl,2022,9,LV,00-0031280,D.Carr,,38,0.20894925425814984,-7.807883620262146,9.86111111111111,,0.05263157894736842,,,0.0,0.0
football,nfl,2022,9,MIA,00-0036212,T.Tagovailoa,,30,0.6325478906330613,10.105677719773917,8.733333333333333,,0.0,,,0.0,0.0
football,nfl,2022,9,MIN,00-0029604,K.Cousins,,42,0.021092621431509202,-1.902007978213461,9.75,,0.047619047619047616,,,0.023809523809523808,0.0
football,nfl,2022,9,MIN,00-0033319,N.Mullens,,1,-1.01253695221385,26.425284147262573,-6.0,,0.0,,,0.0,0.0
football,nfl,2022,9,NE,00-0036972,M.Jones,,34,-0.24553945259627175,-0.6701986337530201,5.466666666666667,,0.11764705882352941,,,0.0,0.0
football,nfl,2022,9,NO,00-0027973,A.Dalton,,33,-0.13806658609790304,0.043355977093731915,6.827586206896552,,0.12121212121212122,,,0.030303030303030304,0.0
football,nfl,2022,9,NO,00-0033357,T.Hill,,1,0.7960708744358271,31.291663646698,13.0,,0.0,,,0.0,0.0
football,nfl,2022,9,NYJ,00-0037013,Z.Wilson,,27,-0.06607504968621687,4.715212931235633,6.4,,0.07407407407407407,,,0.0,0.037037037037037035
football,nfl,2022,9,PHI,00-0036389,J.Hurts,,31,0.2281036281774211,15.391002774238586,7.666666666666667,,0.12903225806451613,,,0.0,0.03225806451612903
football,nfl,2022,9,SEA,00-0030565,G.Smith,,36,-0.035011360707073495,7.3150658048689365,3.0294117647058822,,0.05555555555555555,,,0.027777777777777776,0.0
football,nfl,2022,9,TB,00-0019596,T.Brady,,58,-0.08004330121877005,-5.422011613845825,4.672413793103448,,0.017241379310344827,,,0.0,0.0
football,nfl,2022,9,TEN,00-0038128,M.Willis,,19,-0.29268693685298786,-21.826747059822083,12.75,,0.15789473684210525,,,0.0,0.0
football,nfl,2022,9,WAS,00-0031800,T.Heinicke,,31,-0.35502715136900254,-9.450863416378315,8.214285714285714,,0.0967741935483871,,,0.03225806451612903,0.0
football,nfl,2022,10,ARI,00-0027688,C.McCoy,,39,0.0718422362130159,3.446721604892186,5.621621621621622,,0.05128205128205128,,,0.0,0.0
football,nfl,2022,10,ATL,00-0032268,M.Mariota,,34,-0.22720905417415505,6.704985376062064,11.666666666666666,,0.14705882352941177,,,0.029411764705882353,0.0
football,nfl,2022,10,BUF,00-0034857,J.Allen,,45,0.06137835749449321,6.338263212180719,8.348837209302326,,0.044444444444444446,,,0.044444444444444446,0.0
football,nfl,2022,10,CAR,00-0033275,P.Walker,,17,-0.0845188000463062,-6.534609384834766,5.5625,,0.058823529411764705,,,0.0,0.0
football,nfl,2022,10,CHI,00-0036945,J.Fields,,23,-0.162980958168982,3.110443221198188,9.9,,0.13043478260869565,,,0.043478260869565216,0.0
football,nfl,2022,10,CLE,00-0033119,J.Brissett,,38,-0.15788492745025623,0.8335589486009937,9.17142857142857,,0.07894736842105263,,,0.0,0.0
football,nfl,2022,10,DAL,00-0033077,D.Prescott,,48,-0.13952679998753106,-4.478565603494644,7.326086956521739,,0.041666666666666664,,,0.041666666666666664,0.0
football,nfl,2022,10,DEN,00-0029263,R.Wilson,,48,-0.1306644416981657,-9.95285961872492,10.357142857142858,,0.125,,,0.020833333333333332,0.020833333333333332
football,nfl,2022,10,DET,00-0033106,J.Goff,,28,0.6298822451875535,4.153426885604858,6.730769230769231,,0.07142857142857142,,,0.0,0.0
football,nfl,2022,10,GB,00-0023459,A.Rodgers,,22,0.3126056171685408,11.04288775669901,11.3,,0.09090909090909091,,,0.0,0.045454545454545456
football,nfl,2022,10,HOU,00-0036898,D.Mills,,41,0.1270887421691423,-5.360804216281788,6.972972972972973,,0.0975609756097561,,,0.024390243902439025,0.0
football,nfl,2022,10,IND,00-0026143,M.Ryan,,31,0.24021077407687946,2.2048806702649153,6.142857142857143,,0.03225806451612903,,,0.0,0.0
football,nfl,2022,10,JAX,00-0036971,T.Lawrence,,45,0.15629999584463183,6.4788268162654,7.2,,0.1111111111111111,,,0.0,0.0
football,nfl,2022,10,KC,00-0033873,P.Mahomes,,35,0.5727111813362821,6.86005345412663,7.371428571428571,,0.0,,,0.02857142857142857,0.0
football,nfl,2022,10,LA,00-0034899,J.Wolford,,39,-0.30199705542047295,-3.9192623562282987,6.861111111111111,,0.07692307692307693,,,0.02564102564102564,0.02564102564102564
football,nfl,2022,10,LA,00-0035939,B.Perkins,,1,-1.119884199462831,9.935969114303589,-3.0,,0.0,,,0.0,0.0
football,nfl,2022,10,LAC,00-0026544,C.Daniel,,3,-0.4325905352711941,-72.18784987926483,-5.0,,0.3333333333333333,,,0.0,0.0
football,nfl,2022,10,LAC,00-0036355,J.Herbert,,37,-0.18055489754240817,-2.515935355966742,6.171428571428572,,0.05405405405405406,,,0.02702702702702703,0.02702702702702703
football,nfl,2022,10,LV,00-0031280,D.Carr,,41,0.04844302598567588,-8.722468191071561,8.210526315789474,,0.04878048780487805,,,0.0,0.0
football,nfl,2022,10,MIA,00-0034418,C.Wilson,,1,-1.2526237178826705,,,,1.0,,,0.0,0.0
football,nfl,2022,10,MIA,00-0036212,T.Tagovailoa,,32,0.5610039816671661,8.590271230787039,7.46875,,0.0,,,0.0,0.0
football,nfl,2022,10,MIA,00-0037327,S.Thompson,,1,0.916236138145905,22.266149520874023,4.0,,0.0,,,0.0,0.0
football,nfl,2022,10,MIN,00-0029604,K.Cousins,,54,0.08994078248691224,-2.5901591181755066,8.6,,0.07407407407407407,,,0.037037037037037035,0.018518518518518517
football,nfl,2022,10,NO,00-0027973,A.Dalton,,29,-0.048669046712316706,-2.7047247798354537,9.851851851851851,,0.06896551724137931,,,0.06896551724137931,0.034482758620689655
football,nfl,2022,10,NO,00-0033357,T.Hill,,1,-0.7525700656697154,-76.74304246902466,4.0,,0.0,,,0.0,0.0
football,nfl,2022,10,NYG,00-0035710,D.Jones,,20,0.5938777845178265,3.765855817233815,5.647058823529412,,0.15,,,0.0,0.0
football,nfl,2022,10,PHI,00-0036389,J.Hurts,,27,0.24211121782934278,-0.8244115114212037,8.0,,0.037037037037037035,,,0.037037037037037035,0.0
football,nfl,2022,10,PIT,00-0038102,K.Pickett,,36,-0.07299926018433084,3.52344810962677,7.366666666666666,,0.16666666666666666,,,0.0,0.0
football,nfl,2022,10,SEA,00-0030565,G.Smith,,37,0.10632835621554805,5.530775857694222,7.696969696969697,,0.08108108108108109,,,0.0,0.02702702702702703
football,nfl,2022,10,SF,00-0031345,J.Garoppolo,,29,0.34827501305054465,-2.3674067642007555,6.5,,0.034482758620689655,,,0.0,0.0
football,nfl,2022,10,TB,00-0019596,T.Brady,,29,0.5278776662971583,10.442574109349932,8.551724137931034,,0.0,,,0.034482758620689655,0.0
football,nfl,2022,10,TB,00-0033856,L.Fournette,,1,-4.726016435190104,-44.61696743965149,16.0,,0.0,,,1.0,0.0
football,nfl,2022,10,TEN,00-0029701,R.Tannehill,,37,0.12952647863807606,-15.691849340995153,6.861111111111111,,0.02702702702702703,,,0.0,0.0
football,nfl,2022,10,WAS,00-0031800,T.Heinicke,,30,0.09383601252490946,6.85555362701416,10.0,,0.1,,,0.03333333333333333,0.03333333333333333
football,nfl,2022,11,ARI,00-0027688,C.McCoy,,37,-0.11947798151721295,3.689433137575785,4.911764705882353,,0.08108108108108109,,,0.02702702702702703,0.0
football,nfl,2022,11,ARI,00-0035146,T.McSorley,,10,-0.2319488760898821,3.6086731486850314,8.7,,0.0,,,0.1,0.0
football,nfl,2022,11,ATL,00-0032268,M.Mariota,,18,0.08200246357673521,-0.8762429157892867,5.2,,0.0,,,0.0,0.0
football,nfl,2022,11,BAL,00-0034796,L.Jackson,,36,-0.15158765219660664,0.20126765593886375,4.484848484848484,,0.08333333333333333,,,0.027777777777777776,0.0
football,nfl,2022,11,BUF,00-0034857,J.Allen,,29,0.23985280157318253,2.9397120078404746,7.777777777777778,,0.06896551724137931,,,0.0,0.0
football,nfl,2022,11,CAR,00-0034855,B.Mayfield,,37,-0.3856155419977055,-3.007736225281992,5.121212121212121,,0.10810810810810811,,,0.05405405405405406,0.0
football,nfl,2022,11,CHI,00-0036945,J.Fields,,25,0.0588927780659138,5.972134596423098,8.857142857142858,,0.16,,,0.04,0.0
football,nfl,2022,11,CIN,00-0036442,J.Burrow,,41,0.31015274821771666,-1.1195956049738705,7.769230769230769,,0.04878048780487805,,,0.04878048780487805,0.0
football,nfl,2022,11,CLE,00-0033119,J.Brissett,,42,0.42300533133061013,5.770698801065103,8.658536585365853,,0.023809523809523808,,,0.0,0.0
football,nfl,2022,11,DAL,00-0033077,D.Prescott,,25,0.7359664834874639,15.807172060012817,5.56,,0.0,,,0.0,0.0
football,nfl,2022,11,DAL,00-0033662,C.Rush,,5,0.2516702553257346,-1.6480779647827148,-0.4,,0.0,,,0.0,0.0
football,nfl,2022,11,DEN,00-0029263,R.Wilson,,34,0.043016472417208344,16.559728873627527,6.612903225806452,,0.08823529411764706,,,0.0,0.0
football,nfl,2022,11,DET,00-0033106,J.Goff,,26,0.10755973961351079,-0.27659296989440935,5.923076923076923,,0.0,,,0.0,0.0
football,nfl,2022,11,GB,00-0023459,A.Rodgers,,41,0.06609960167950531,-0.4999771311476424,8.974358974358974,,0.024390243902439025,,,0.0,0.0
football,nfl,2022,11,HOU,00-0036898,D.Mills,,38,-0.49045480613718734,-8.35101818665862,8.121212121212121,,0.13157894736842105,,,0.05263157894736842,0.0
football,nfl,2022,11,IND,00-0026143,M.Ryan,,36,-0.09269867646164104,0.5957802457194175,6.0625,,0.1111111111111111,,,0.0,0.0
football,nfl,2022,11,KC,00-0033873,P.Mahomes,,35,0.5138655030927947,0.7358161672469107,10.0,,0.02857142857142857,,,0.0,0.0
football,nfl,2022,11,LA,00-0026498,M.Stafford,,19,0.23847545356961505,-1.302214463551839,12.11111111111111,,0.05263157894736842,,,0.0,0.0
football,nfl,2022,11,LA,00-0035939,B.Perkins,,12,-0.37623781762630726,-17.300225297609966,6.0,,0.25,,,0.0,0.0
football,nfl,2022,11,LAC,00-0036355,J.Herbert,,35,0.19251164058421624,10.825358999186548,8.1,,0.14285714285714285,,,0.02857142857142857,0.0
football,nfl,2022,11,LV,00-0031280,D.Carr,,38,0.18702916157392022,-3.147732406049162,9.513513513513514,,0.02631578947368421,,,0.0,0.0
football,nfl,2022,11,MIN,00-0029604,K.Cousins,,30,-0.6084726420052482,-10.649524700073968,8.304347826086957,,0.23333333333333334,,,0.0,0.03333333333333333
football,nfl,2022,11,MIN,00-0033319,N.Mullens,,7,0.307762389121178,-5.161041021347046,3.857142857142857,,0.0,,,0.0,0.0
football,nfl,2022,11,NE,00-0036972,M.Jones,,33,-0.039010286373553256,9.806888081409314,4.703703703703703,,0.18181818181818182,,,0.0,0.0
football,nfl,2022,11,NO,00-0027973,A.Dalton,,28,0.3813111965193346,14.426367605725924,7.44,,0.10714285714285714,,,0.0,0.0
football,nfl,2022,11,NO,00-0033357,T.Hill,,4,-0.4042169184660791,-14.657485485076904,16.0,,0.25,,,0.0,0.0
football,nfl,2022,11,NYG,00-0035710,D.Jones,,47,0.053705251753701805,1.2188779562711713,8.568181818181818,,0.0425531914893617,,,0.0425531914893617,0.0
football,nfl,2022,11,NYJ,00-0037013,Z.Wilson,,26,-0.47680391861090005,-22.353370189666748,8.909090909090908,,0.15384615384615385,,,0.0,0.0
football,nfl,2022,11,PHI,00-0036389,J.Hurts,,28,-0.1942275851501368,9.174620846043462,8.12,,0.10714285714285714,,,0.0,0.07142857142857142
football,nfl,2022,11,PIT,00-0038102,K.Pickett,,44,-0.050389120405443126,2.688385467780264,10.047619047619047,,0.045454545454545456,,,0.0,0.0
football,nfl,2022,11,SF,00-0031345,J.Garoppolo,,29,0.5599508481187895,0.417144956259892,6.068965517241379,,0.0,,,0.0,0.0
football,nfl,2022,11,TEN,00-0029701,R.Tannehill,,30,0.5622056594331905,23.55514967441559,9.518518518518519,,0.1,,,0.03333333333333333,0.0
football,nfl,2022,11,TEN,00-0032764,D.Henry,,2,0.23322830037795939,33.935800194740295,-0.5,,0.0,,,0.0,0.0
football,nfl,2022,11,WAS,00-0031800,T.Heinicke,,27,0.04233302564990845,1.1930285588554714,8.88888888888889,,0.0,,,0.0,0.0
football,nfl,2022,12,ARI,00-0035228,K.Murray,,30,0.255875618640733,0.21860069698757595,10.482758620689655,,0.03333333333333333,,,0.03333333333333333,0.0
football,nfl,2022,12,ATL,00-0032268,M.Mariota,,26,-0.18154902927939334,-4.430620496471723,5.84,,0.038461538461538464,,,0.038461538461538464,0.0
football,nfl,2022,12,BAL,00-0034796,L.Jackson,,34,0.23676359115636986,-6.1568981905778255,11.75,,0.029411764705882353,,,0.0,0.0
football,nfl,2022,12,BUF,00-0034857,J.Allen,,45,-0.01640885017091248,-4.1862397621839476,10.261904761904763,,0.06666666666666667,,,0.022222222222222223,0.0
football,nfl,2022,12,CAR,00-0034869,S.Darnold,,19,0.27487634041820774,4.99993036775028,10.210526315789474,,0.0,,,0.0,0.0
football,nfl,2022,12,CHI,00-0032156,T.Siemian,,27,-0.2610685146413936,-6.454069415728251,6.88,,0.07407407407407407,,,0.037037037037037035,0.0
football,nfl,2022,12,CIN,00-0036442,J.Burrow,,38,0.1505235290097828,-7.248658852444755,6.621621621621622,,0.02631578947368421,,,0.0,0.0
football,nfl,2022,12,CLE,00-0033119,J.Brissett,,41,-0.14095130167080042,0.29156352910730554,11.35135135135135,,0.0975609756097561,,,0.024390243902439025,0.0
football,nfl,2022,12,DAL,00-0033077,D.Prescott,,30,0.3883867823809851,13.259651897282437,11.733333333333333,,0.0,,,0.06666666666666667,0.03333333333333333
football,nfl,2022,12,DEN,00-0029263,R.Wilson,,38,-0.37345787202269626,-1.1943898629397145,10.6,,0.07894736842105263,,,0.0,0.02631578947368421
football,nfl,2022,12,DET,00-0033106,J.Goff,,39,0.14515974584198515,-3.1907149723597934,6.837837837837838,,0.05128205128205128,,,0.0,0.0
football,nfl,2022,12,GB,00-0023459,A.Rodgers,,19,0.01302894672967097,-0.6672335788607597,5.625,,0.15789473684210525,,,0.10526315789473684,0.0
football,nfl,2022,12,GB,00-0036264,J.Love,,9,0.8106081718981968,3.6108444134394326,10.666666666666666,,0.0,,,0.0,0.0
football,nfl,2022,12,HOU,00-0034577,K.Allen,,45,-0.3715513874642443,-4.851921451719185,5.384615384615385,,0.1111111111111111,,,0.044444444444444446,0.044444444444444446
football,nfl,2022,12,IND,00-0026143,M.Ryan,,37,-0.1370075356899846,-1.1660978198051453,6.294117647058823,,0.08108108108108109,,,0.02702702702702703,0.02702702702702703
football,nfl,2022,12,JAX,00-0036971,T.Lawrence,,42,0.3536794594339869,11.614100916965588,6.675675675675675,,0.09523809523809523,,,0.0,0.047619047619047616
football,nfl,2022,12,KC,00-0033873,P.Mahomes,,42,0.17703447315885068,4.81120863476315,6.214285714285714,,0.0,,,0.023809523809523808,0.0
football,nfl,2022,12,LA,00-0032943,R.Dixon,,1,2.770695556886494,28.724944591522217,4.0,,0.0,,,0.0,0.0
football,nfl,2022,12,LA,00-0035939,B.Perkins,,26,-0.5038475945072535,-10.56223213672638,6.043478260869565,,0.11538461538461539,,,0.07692307692307693,0.0
football,nfl,2022,12,LAC,00-0036355,J.Herbert,,52,0.06080864860494628,4.8910407943928496,3.74468085106383,,0.07692307692307693,,,0.0,0.0
football,nfl,2022,12,LV,00-0031280,D.Carr,,37,0.36834375855254914,3.606137881676356,8.583333333333334,,0.02702702702702703,,,0.05405405405405406,0.0
football,nfl,2022,12,MIA,00-0036212,T.Tagovailoa,,39,0.20244436017542872,3.131128892754063,10.722222222222221,,0.10256410256410256,,,0.0,0.0
football,nfl,2022,12,MIA,00-0037327,S.Thompson,,6,-0.5413924733487269,-41.38861835002899,15.8,,0.16666666666666666,,,0.0,0.0
football,nfl,2022,12,MIN,00-0029604,K.Cousins,,38,0.3060455692498926,9.899792985783684,5.621621621621622,,0.02631578947368421,,,0.02631578947368421,0.0
football,nfl,2022,12,MIN,00-0036322,J.Jefferson,,1,0.641668995609507,27.911782264709476,8.0,,0.0,,,0.0,0.0
football,nfl,2022,12,NE,00-0036972,M.Jones,,41,0.147687338347525,10.886459691183907,7.948717948717949,,0.07317073170731707,,,0.0,0.024390243902439025
football,nfl,2022,12,NO,00-0027973,A.Dalton,,30,0.011024008957125837,-2.5082319461066147,7.448275862068965,,0.03333333333333333,,,0.0,0.0
football,nfl,2022,12,NO,00-0033357,T.Hill,,1,-0.5499812194611877,-29.24433946609497,30.0,,0.0,,,0.0,0.0
football,nfl,2022,12,NYG,00-0035710,D.Jones,,35,-0.12332035657775803,4.485398119893567,6.6571428571428575,,0.08571428571428572,,,0.0,0.0
football,nfl,2022,12,NYJ,00-0034401,M.White,,29,0.6024912878545388,8.604693306343895,5.75,,0.034482758620689655,,,0.0,0.0
football,nfl,2022,12,NYJ,00-0036313,B.Mann,,1,-2.9179823807789944,,-6.0,,0.0,,,0.0,1.0
football,nfl,2022,12,PHI,00-0036389,J.Hurts,,30,0.05528586425389048,-2.801594734191894,7.035714285714286,,0.06666666666666667,,,0.0,0.0
football,nfl,2022,12,PIT,00-0038102,K.Pickett,,32,-0.0001801334997825893,-0.2720495419842859,5.821428571428571,,0.09375,,,0.0,0.0
football,nfl,2022,12,SEA,00-0030565,G.Smith,,40,0.2010669115867707,6.15445077419281,7.8108108108108105,,0.075,,,0.025,0.0
football,nfl,2022,12,SF,00-0031345,J.Garoppolo,,38,0.03416766263579443,4.2597243914733065,5.621621621621622,,0.02631578947368421,,,0.0,0.0
football,nfl,2022,12,TB,00-0019596,T.Brady,,46,-0.037121922919473256,1.6063595811525981,9.093023255813954,,0.06521739130434782,,,0.0,0.0
football,nfl,2022,12,TEN,00-0029701,R.Tannehill,,35,0.1902388533736556,0.39948943783255203,8.382352941176471,,0.02857142857142857,,,0.0,0.0
football,nfl,2022,12,WAS,00-0031800,T.Heinicke,,23,0.10288657124631273,-2.7584665200927034,6.3478260869565215,,0.0,,,0.043478260869565216,0.0
football,nfl,2022,13,ATL,00-0032268,M.Mariota,,25,-0.199614802457913,-5.318248892823855,15.583333333333334,,0.04,,,0.04,0.0
football,nfl,2022,13,BAL,00-0034796,L.Jackson,,6,-0.9915651365493735,-2.7875766158103943,4.0,,0.3333333333333333,,,0.0,0.0
football,nfl,2022,13,BAL,00-0035993,T.Huntley,,33,-0.019829993035686617,16.28133894935731,5.8125,,0.06060606060606061,,,0.030303030303030304,0.0
football,nfl,2022,13,BAL,00-0036133,J.Proche,,1,-4.042891675024293,-30.252352356910706,29.0,,0.0,,,1.0,0.0
football,nfl,2022,13,BUF,00-0034857,J.Allen,,35,0.33575982296615603,3.5062553304614448,8.090909090909092,,0.05714285714285714,,,0.0,0.02857142857142857
football,nfl,2022,13,CHI,00-0036945,J.Fields,,25,0.17664177591048763,14.459285616874695,10.4,,0.0,,,0.08,0.0
football,nfl,2022,13,CIN,00-0036442,J.Burrow,,32,0.6172942149031722,10.63936420025364,7.451612903225806,,0.03125,,,0.0,0.0
football,nfl,2022,13,CLE,00-0033537,D.Watson,,23,-0.1982402033447395,-13.512844698769706,6.181818181818182,,0.043478260869565216,,,0.043478260869565216,0.0
football,nfl,2022,13,DAL,00-0033077,D.Prescott,,31,0.10977896495211509,-4.5279282331466675,6.9,,0.03225806451612903,,,0.03225806451612903,0.0
football,nfl,2022,13,DAL,00-0036358,C.Lamb,,1,-0.947,,,,0.0,,,0.0,0.0
football,nfl,2022,13,DEN,00-0029263,R.Wilson,,24,0.0332355865039595,15.959630977539788,10.136363636363637,,0.08333333333333333,,,0.0,0.0
football,nfl,2022,13,DET,00-0033106,J.Goff,,43,0.5027088708873947,4.645472764968872,6.0,,0.046511627906976744,,,0.0,0.0
football,nfl,2022,13,GB,00-0023459,A.Rodgers,,32,0.14331140020364158,-3.1375948091348014,10.451612903225806,,0.0,,,0.0,0.0
football,nfl,2022,13,HOU,00-0034577,K.Allen,,40,-0.47946883169407783,-13.480829145457294,8.974358974358974,,0.0,,,0.05,0.0
football,nfl,2022,13,IND,00-0026143,M.Ryan,,41,-0.22111214154085873,-10.391912971224103,5.891891891891892,,0.07317073170731707,,,0.07317073170731707,0.024390243902439025
football,nfl,2022,13,JAX,00-0033936,C.Beathard,,3,-1.3948821289620053,-9.380618731180826,3.3333333333333335,,0.0,,,0.0,0.0
football,nfl,2022,13,JAX,00-0036971,T.Lawrence,,34,-0.0364853307421698,-10.104385316371918,8.612903225806452,,0.058823529411764705,,,0.0,0.0
football,nfl,2022,13,KC,00-0033873,P.Mahomes,,29,0.25764972306237693,5.602088246656501,9.444444444444445,,0.06896551724137931,,,0.0,0.0
football,nfl,2022,13,LA,00-0034899,J.Wolford,,30,-0.2656951301165397,-8.309257507324219,9.884615384615385,,0.13333333333333333,,,0.06666666666666667,0.03333333333333333
football,nfl,2022,13,LAC,00-0036355,J.Herbert,,52,-0.010313620888925188,-4.323235485288832,7.9787234042553195,,0.09615384615384616,,,0.0,0.019230769230769232
football,nfl,2022,13,LV,00-0031280,D.Carr,,30,-0.08138271588573857,-5.605456343403569,11.5,,0.0,,,0.03333333333333333,0.0
football,nfl,2022,13,MIA,00-0036212,T.Tagovailoa,,36,-0.3135567379871554,-8.194134000575904,11.242424242424242,,0.08333333333333333,,,0.05555555555555555,0.027777777777777776
football,nfl,2022,13,MIA,00-0037327,S.Thompson,,1,-3.02408297767397,-57.256126403808594,22.0,,0.0,,,1.0,0.0
football,nfl,2022,13,MIN,00-0029604,K.Cousins,,37,-0.05100812756969361,-2.874636017914974,9.4,,0.05405405405405406,,,0.0,0.0
football,nfl,2022,13,NE,00-0036972,M.Jones,,37,0.020793332784497517,-5.07390674422769,6.277777777777778,,0.02702702702702703,,,0.0,0.0
football,nfl,2022,13,NO,00-0027973,A.Dalton,,30,0.12184078645585548,8.80982533649162,7.071428571428571,,0.06666666666666667,,,0.0,0.0
football,nfl,2022,13,NO,00-0033357,T.Hill,,1,1.510944586363621,37.40556836128235,12.0,,0.0,,,0.0,0.0
football,nfl,2022,13,NYG,00-0035710,D.Jones,,33,-0.06885681266335071,15.672382818801063,5.967741935483871,,0.12121212121212122,,,0.0,0.0
football,nfl,2022,13,NYJ,00-0034401,M.White,,58,-0.13889652934181243,-9.750625057653947,7.982456140350878,,0.017241379310344827,,,0.034482758620689655,0.0
football,nfl,2022,13,NYJ,00-0037740,G.Wilson,,1,-0.4925385075621307,,9.0,,0.0,,,0.0,0.0
football,nfl,2022,13,PHI,00-0035289,G.Minshew,,2,0.37067043373826886,-3.6630719900131226,12.0,,0.0,,,0.0,0.0
football,nfl,2022,13,PHI,00-0036389,J.Hurts,,41,0.4476681383945638,14.106946190198263,9.487179487179487,,0.04878048780487805,,,0.0,0.024390243902439025
football,nfl,2022,13,PIT,00-0038102,K.Pickett,,28,0.3259609114068945,-4.9062090891378904,8.964285714285714,,0.0,,,0.0,0.0
football,nfl,2022,13,SEA,00-0030565,G.Smith,,43,0.24561576212903394,6.301695833335051,6.769230769230769,,0.09302325581395349,,,0.023255813953488372,0.023255813953488372
football,nfl,2022,13,SF,00-0031345,J.Garoppolo,,5,0.3599477720256017,-11.056765168905258,11.0,,0.2,,,0.0,0.0
football,nfl,2022,13,SF,00-0037834,B.Purdy,,40,0.015905368754466465,-0.3104686737060544,5.405405405405405,,0.075,,,0.025,0.0
football,nfl,2022,13,TB,00-0019596,T.Brady,,55,0.00790739734303885,-2.0150127838242726,5.685185185185185,,0.01818181818181818,,,0.01818181818181818,0.0
football,nfl,2022,13,TEN,00-0029701,R.Tannehill,,28,-0.3114973325720288,-2.093272265933809,6.181818181818182,,0.21428571428571427,,,0.0,0.0
football,nfl,2022,13,TEN,00-0038128,M.Willis,,4,-0.7731938102660934,-18.98670643568039,7.0,,0.0,,,0.0,0.0
football,nfl,2022,13,WAS,00-0031800,T.Heinicke,,46,-0.006666508311744303,2.7126332372426987,7.780487804878049,,0.10869565217391304,,,0.0,0.043478260869565216
football,nfl,2022,14,ARI,00-0027688,C.McCoy,,46,-0.44389183461327614,-1.9161707162857056,7.525,,0.13043478260869565,,,0.021739130434782608,0.0
football,nfl,2022,14,ARI,00-0035228,K.Murray,,1,0.7957694656215608,16.0713791847229,2.0,,0.0,,,0.0,0.0
football,nfl,2022,14,BAL,00-0035993,T.Huntley,,13,0.13448691902639412,1.3464679320653279,6.833333333333333,,0.07692307692307693,,,0.0,0.0
football,nfl,2022,14,BAL,00-0037175,A.Brown,,6,-0.25122827116865665,-4.34422791004181,10.4,,0.16666666666666666,,,0.0,0.0
football,nfl,2022,14,BUF,00-0034857,J.Allen,,30,-0.1594452814462936,-8.224605630945277,8.296296296296296,,0.1,,,0.0,0.0
football,nfl,2022,14,CAR,00-0034869,S.Darnold,,26,-0.10293510576466489,3.074020743370056,3.6666666666666665,,0.07692307692307693,,,0.0,0.0
football,nfl,2022,14,CIN,00-0036442,J.Burrow,,34,-0.04383435478569637,-13.681080378592014,6.818181818181818,,0.029411764705882353,,,0.029411764705882353,0.0
football,nfl,2022,14,CIN,00-0036900,J.Chase,,1,-1.6040139043470845,,,,1.0,,,0.0,0.0
football,nfl,2022,14,CLE,00-0033119,J.Brissett,,1,-3.9296806396450847,-31.45940899848938,25.0,,0.0,,,0.0,0.0
football,nfl,2022,14,CLE,00-0033537,D.Watson,,43,-0.11910612321144246,1.1295854261046958,7.857142857142857,,0.046511627906976744,,,0.023255813953488372,0.0
football,nfl,2022,14,DAL,00-0033077,D.Prescott,,40,-0.09159555011560835,-8.40201354943789,8.384615384615385,,0.025,,,0.05,0.025
football,nfl,2022,14,DEN,00-0029263,R.Wilson,,42,-0.16562512583151967,-6.595863274165562,4.472222222222222,,0.14285714285714285,,,0.023809523809523808,0.0
football,nfl,2022,14,DEN,00-0034955,B.Rypien,,8,-0.2285982198372949,-3.8271356374025345,8.75,,0.0,,,0.125,0.0
football,nfl,2022,14,DET,00-0033106,J.Goff,,39,0.36639336408794876,2.1571394470002923,6.717948717948718,,0.0,,,0.0,0.0
football,nfl,2022,14,HOU,00-0032436,J.Driskel,,6,0.16663559167257821,-9.17478601137797,3.3333333333333335,,0.0,,,0.0,0.0
football,nfl,2022,14,HOU,00-0036898,D.Mills,,20,0.31772335344381303,17.236579954624176,8.9,,0.0,,,0.05,0.0
football,nfl,2022,14,JAX,00-0036971,T.Lawrence,,43,0.4223646034020676,4.483326134227571,7.071428571428571,,0.0,,,0.0,0.0
football,nfl,2022,14,KC,00-0033873,P.Mahomes,,44,0.13106471957653254,-1.5258420790944787,7.0,,0.045454545454545456,,,0.06818181818181818,0.0
football,nfl,2022,14,LA,00-0034855,B.Mayfield,,38,0.05194136275259092,-6.157718335880952,8.2,,0.10526315789473684,,,0.0,0.0
football,nfl,2022,14,LAC,00-0036355,J.Herbert,,55,0.03069332507337358,7.909726972381274,5.411764705882353,,0.07272727272727272,,,0.0,0.0
football,nfl,2022,14,LV,00-0031280,D.Carr,,20,-0.04162240706058744,-9.319402826459784,9.5,,0.0,,,0.1,0.0
football,nfl,2022,14,MIA,00-0036212,T.Tagovailoa,,30,-0.26440576255101594,-24.503363917271297,12.178571428571429,,0.06666666666666667,,,0.0,0.0
football,nfl,2022,14,MIN,00-0029604,K.Cousins,,45,0.4805894227762261,14.037563055753708,11.121951219512194,,0.06666666666666667,,,0.0,0.0
football,nfl,2022,14,MIN,00-0033893,D.Cook,,1,-6.88789240695769,,,,1.0,,,0.0,1.0
football,nfl,2022,14,NE,00-0036972,M.Jones,,36,-0.06208473054534106,-2.56124193018133,4.914285714285715,,0.027777777777777776,,,0.027777777777777776,0.0
football,nfl,2022,14,NYG,00-0028118,T.Taylor,,9,-0.28965399087851657,29.689067602157593,5.4,,0.3333333333333333,,,0.0,0.1111111111111111
football,nfl,2022,14,NYG,00-0035710,D.Jones,,31,-0.16363494143156604,-1.0009543763266664,6.185185185185185,,0.12903225806451613,,,0.0,0.0
football,nfl,2022,14,NYJ,00-0026158,J.Flacco,,4,-1.8044884395203553,-34.587424993515015,10.0,,0.25,,,0.0,0.25
football,nfl,2022,14,NYJ,00-0034401,M.White,,47,0.03955138467272326,-1.265016270846855,7.545454545454546,,0.06382978723404255,,,0.0,0.02127659574468085
football,nfl,2022,14,PHI,00-0036389,J.Hurts,,35,0.15675774993890906,3.9132163889946474,9.580645161290322,,0.11428571428571428,,,0.0,0.0
football,nfl,2022,14,PIT,00-0033869,M.Trubisky,,31,0.2122981165586743,11.394946376482645,10.933333333333334,,0.03225806451612903,,,0.0967741935483871,0.0
football,nfl,2022,14,PIT,00-0038102,K.Pickett,,2,-1.9459455162286758,-66.99857115745544,4.0,,0.5,,,0.0,0.0
football,nfl,2022,14,SEA,00-0030565,G.Smith,,39,-0.011795387283425277,-1.3608242902490828,10.944444444444445,,0.07692307692307693,,,0.05128205128205128,0.0
football,nfl,2022,14,SF,00-0026300,J.Johnson,,2,-0.4179245592968073,-26.861384510993958,1.0,,0.0,,,0.0,0.0
football,nfl,2022,14,SF,00-0037834,B.Purdy,,21,0.4073878904815674,8.491628021001816,5.238095238095238,,0.0,,,0.0,0.0
football,nfl,2022,14,TB,00-0019596,T.Brady,,55,-0.17212256903883316,-1.429728842249104,6.454545454545454,,0.0,,,0.03636363636363636,0.0
football,nfl,2022,14,TEN,00-0029701,R.Tannehill,,43,-0.08390636155063422,0.9431239021451849,9.105263157894736,,0.09302325581395349,,,0.023255813953488372,0.023255813953488372
football,nfl,2022,15,ARI,00-0027688,C.McCoy,,23,-0.34983123511166747,-9.448044640677315,5.9523809523809526,,0.08695652173913043,,,0.043478260869565216,0.0
football,nfl,2022,15,ARI,00-0035146,T.McSorley,,17,-0.5562059070259222,-20.163446132625854,7.4,,0.058823529411764705,,,0.11764705882352941,0.0
football,nfl,2022,15,ATL,00-0038122,D.Ridder,,30,-0.19403523575811227,-19.467167670910175,9.115384615384615,,0.13333333333333333,,,0.0,0.0
football,nfl,2022,15,BAL,00-0035993,T.Huntley,,33,-0.3543643993145453,-8.991580669369016,6.933333333333334,,0.09090909090909091,,,0.030303030303030304,0.0
football,nfl,2022,15,BUF,00-0034857,J.Allen,,42,0.30042502455693293,6.374444930176986,10.7,,0.047619047619047616,,,0.0,0.023809523809523808
football,nfl,2022,15,CAR,00-0034869,S.Darnold,,26,0.3906892128095061,12.193118898492111,9.478260869565217,,0.15384615384615385,,,0.0,0.0
football,nfl,2022,15,CHI,00-0033958,N.Peterman,,1,-0.8866650275886059,-55.44667840003967,12.0,,0.0,,,0.0,0.0
football,nfl,2022,15,CHI,00-0036945,J.Fields,,27,-0.13884376978751753,-1.2736171483993537,7.238095238095238,,0.2222222222222222,,,0.0,0.037037037037037035
football,nfl,2022,15,CIN,00-0036442,J.Burrow,,42,0.05584922715715338,5.800935233894148,5.358974358974359,,0.047619047619047616,,,0.023809523809523808,0.023809523809523808
football,nfl,2022,15,CLE,00-0033537,D.Watson,,31,-0.09173296597152339,-2.0421498096906223,4.607142857142857,,0.0967741935483871,,,0.0,0.0
football,nfl,2022,15,DAL,00-0033077,D.Prescott,,33,0.12192134536665025,14.195391635100046,8.633333333333333,,0.09090909090909091,,,0.06060606060606061,0.0
football,nfl,2022,15,DEN,00-0034955,B.Rypien,,33,-0.18194080045847993,10.410424035329084,4.461538461538462,,0.21212121212121213,,,0.030303030303030304,0.030303030303030304
football,nfl,2022,15,DET,00-0033106,J.Goff,,38,0.3083944170652105,-5.361349301205741,5.2631578947368425,,0.0,,,0.0,0.0
football,nfl,2022,15,GB,00-0023459,A.Rodgers,,33,0.03103329108833405,7.012476346322468,4.8,,0.09090909090909091,,,0.030303030303030304,0.0
football,nfl,2022,15,HOU,00-0032208,P.Dorsett,,1,-0.536111096618697,,12.0,,0.0,,,0.0,0.0
football,nfl,2022,15,HOU,00-0032436,J.Driskel,,5,-0.5123633081442677,-33.74142199754715,1.25,,0.2,,,0.0,0.0
football,nfl,2022,15,HOU,00-0036898,D.Mills,,24,0.10355491419397096,-9.754029823386151,9.958333333333334,,0.0,,,0.0,0.0
football,nfl,2022,15,IND,00-0026143,M.Ryan,,36,-0.06033028881485799,-8.639787185576655,7.7272727272727275,,0.08333333333333333,,,0.0,0.027777777777777776
football,nfl,2022,15,JAX,00-0036971,T.Lawrence,,43,0.24809143084221025,2.3501629509576936,8.833333333333334,,0.023255813953488372,,,0.023255813953488372,0.0
football,nfl,2022,15,KC,00-0033873,P.Mahomes,,44,0.37459384980721766,14.864623546600342,5.536585365853658,,0.045454545454545456,,,0.0,0.0
football,nfl,2022,15,LA,00-0034855,B.Mayfield,,26,-0.13235318977120059,-7.582630217075348,4.619047619047619,,0.19230769230769232,,,0.038461538461538464,0.038461538461538464
football,nfl,2022,15,LAC,00-0036355,J.Herbert,,43,-0.17296274179706445,2.6540370363938184,7.761904761904762,,0.06976744186046512,,,0.046511627906976744,0.0
football,nfl,2022,15,LV,00-0031280,D.Carr,,41,-0.09544273978241222,-3.4378410317003727,12.710526315789474,,0.07317073170731707,,,0.024390243902439025,0.024390243902439025
football,nfl,2022,15,MIA,00-0036212,T.Tagovailoa,,33,-0.05956103479301322,-7.522146105766296,8.266666666666667,,0.06060606060606061,,,0.0,0.030303030303030304
football,nfl,2022,15,MIN,00-0029604,K.Cousins,,62,0.09919503977181955,-6.17773156121092,8.074074074074074,,0.11290322580645161,,,0.03225806451612903,0.0
football,nfl,2022,15,MIN,00-0037500,R.Wright,,1,-3.771600315463729,-69.67790722846985,8.0,,0.0,,,0.0,0.0
football,nfl,2022,15,NE,00-0036972,M.Jones,,32,-0.2940469770828847,-23.693105677763622,9.483870967741936,,0.0,,,0.0,0.0
football,nfl,2022,15,NO,00-0027973,A.Dalton,,19,0.29577806387341726,-5.24538632701425,9.235294117647058,,0.10526315789473684,,,0.0,0.0
football,nfl,2022,15,NO,00-0033357,T.Hill,,2,3.126615671964828,45.299214124679565,22.5,,0.0,,,0.0,0.0
football,nfl,2022,15,NYG,00-0035710,D.Jones,,32,0.03586354925118389,-2.8325477242469788,3.8125,,0.0,,,0.0,0.0
football,nfl,2022,15,NYJ,00-0037013,Z.Wilson,,39,0.01857999534669058,-2.3851659368066227,14.028571428571428,,0.10256410256410256,,,0.02564102564102564,0.0
football,nfl,2022,15,PHI,00-0036389,J.Hurts,,38,0.021373958339462866,-1.2597783997252185,12.594594594594595,,0.02631578947368421,,,0.05263157894736842,0.0
football,nfl,2022,15,PIT,00-0033869,M.Trubisky,,23,0.45058985184321343,14.834241356168475,7.0,,0.043478260869565216,,,0.0,0.0
football,nfl,2022,15,SEA,00-0030565,G.Smith,,47,-0.17388376090588417,2.830714786924967,3.8181818181818183,,0.06382978723404255,,,0.0,0.02127659574468085
football,nfl,2022,15,SF,00-0037834,B.Purdy,,27,0.2482796449071839,-4.985644496404207,5.846153846153846,,0.037037037037037035,,,0.0,0.0
football,nfl,2022,15,TB,00-0019596,T.Brady,,46,0.09828386420227486,5.479845688456581,7.136363636363637,,0.021739130434782608,,,0.043478260869565216,0.021739130434782608
football,nfl,2022,15,TEN,00-0029701,R.Tannehill,,26,-0.2451635389195331,-4.494137384674766,6.2272727272727275,,0.15384615384615385,,,0.038461538461538464,0.0
football,nfl,2022,15,TEN,00-0038128,M.Willis,,4,-0.10072364885127172,-0.46520382165908813,6.0,,0.0,,,0.0,0.0
football,nfl,2022,15,WAS,00-0031800,T.Heinicke,,32,-0.3288041753011654,2.931861469039211,11.275862068965518,,0.09375,,,0.0,0.0625
football,nfl,2022,16,ARI,00-0022824,A.Lee,,1,2.8644769557286054,28.01138162612915,0.0,,0.0,,,0.0,0.0
football,nfl,2022,16,ARI,00-0035146,T.McSorley,,45,-0.3322918168885816,-11.174630973397232,7.822222222222222,,0.022222222222222223,,,0.022222222222222223,0.022222222222222223
football,nfl,2022,16,ATL,00-0038122,D.Ridder,,35,0.11247499459467512,2.680270133479949,5.9393939393939394,,0.05714285714285714,,,0.0,0.0
football,nfl,2022,16,BAL,00-0035993,T.Huntley,,17,-0.04056508381898975,-1.1046318337321281,11.705882352941176,,0.0,,,0.0,0.0
football,nfl,2022,16,BUF,00-0034857,J.Allen,,28,0.09323815440023145,1.0400665998458862,11.384615384615385,,0.03571428571428571,,,0.07142857142857142,0.0
football,nfl,2022,16,CAR,00-0034869,S.Darnold,,22,0.6502571991769539,2.9012867382594516,6.545454545454546,,0.0,,,0.0,0.0
football,nfl,2022,16,CHI,00-0033958,N.Peterman,,4,-0.11546369774441698,25.15792449315389,13.6,,0.0,,,0.25,0.0
football,nfl,2022,16,CHI,00-0036945,J.Fields,,25,-0.3392347811014818,0.20004835995760814,6.391304347826087,,0.08,,,0.0,0.0
football,nfl,2022,16,CIN,00-0036442,J.Burrow,,54,0.17229857390251693,14.426674161638532,6.423076923076923,,0.037037037037037035,,,0.037037037037037035,0.0
football,nfl,2022,16,CLE,00-0033537,D.Watson,,33,-0.46886448661358593,-4.669642889941181,9.741935483870968,,0.06060606060606061,,,0.030303030303030304,0.0
football,nfl,2022,16,DAL,00-0033077,D.Prescott,,41,0.1393034435646158,8.145496249198914,7.228571428571429,,0.14634146341463414,,,0.024390243902439025,0.024390243902439025
football,nfl,2022,16,DEN,00-0029263,R.Wilson,,33,-0.2686239220054355,-5.684191561662233,11.37037037037037,,0.18181818181818182,,,0.09090909090909091,0.0
football,nfl,2022,16,DEN,00-0034955,B.Rypien,,8,-1.0769167478138115,-17.71131195127964,7.75,,0.0,,,0.125,0.0
football,nfl,2022,16,DET,00-0033106,J.Goff,,44,0.3118837740728061,-2.2911272397855433,7.428571428571429,,0.045454545454545456,,,0.0,0.0
football,nfl,2022,16,GB,00-0023459,A.Rodgers,,40,0.05288991429598831,-1.46220495042048,8.657894736842104,,0.05,,,0.025,0.0
football,nfl,2022,16,HOU,00-0032436,J.Driskel,,4,0.7481689593114424,32.5745165348053,4.75,,0.0,,,0.0,0.0
football,nfl,2022,16,HOU,00-0036898,D.Mills,,30,-0.11105582845010903,3.9137628216009874,9.892857142857142,,0.03333333333333333,,,0.03333333333333333,0.0
football,nfl,2022,16,IND,00-0029567,N.Foles,,36,-0.6864175702754829,-8.058896235057286,8.379310344827585,,0.19444444444444445,,,0.08333333333333333,0.0
football,nfl,2022,16,JAX,00-0036971,T.Lawrence,,32,0.062043162540940174,-2.459257940451304,5.290322580645161,,0.03125,,,0.0,0.03125
football,nfl,2022,16,KC,00-0033873,P.Mahomes,,29,0.0753722405595366,-8.979162904951307,7.464285714285714,,0.034482758620689655,,,0.0,0.0
football,nfl,2022,16,LA,00-0034855,B.Mayfield,,28,0.4977925898893785,8.814085594245366,3.392857142857143,,0.0,,,0.0,0.0
football,nfl,2022,16,LAC,00-0036355,J.Herbert,,35,-0.08440802123718326,10.88557630777359,7.67741935483871,,0.11428571428571428,,,0.02857142857142857,0.02857142857142857
football,nfl,2022,16,LV,00-0031280,D.Carr,,33,-0.15920348256292166,-13.670488198598227,9.4,,0.09090909090909091,,,0.09090909090909091,0.0
football,nfl,2022,16,MIA,00-0036212,T.Tagovailoa,,27,0.035274251728995856,3.5345652451117835,10.56,,0.07407407407407407,,,0.1111111111111111,0.037037037037037035
football,nfl,2022,16,MIN,00-0029604,K.Cousins,,51,-0.022845423053390296,2.33890027441877,6.708333333333333,,0.0784313725490196,,,0.0,0.0
football,nfl,2022,16,NE,00-0036972,M.Jones,,37,0.04272948221714439,4.01503280285866,11.575757575757576,,0.10810810810810811,,,0.0,0.0
football,nfl,2022,16,NO,00-0027973,A.Dalton,,15,-0.3341695574965949,-11.565055165972028,7.333333333333333,,0.0,,,0.06666666666666667,0.13333333333333333
football,nfl,2022,16,NYG,00-0035710,D.Jones,,46,0.07433818042017165,2.7340944947266,6.357142857142857,,0.06521739130434782,,,0.021739130434782608,0.021739130434782608
football,nfl,2022,16,NYJ,00-0035752,C.Streveler,,15,0.11468404988603045,6.2504682938257865,8.733333333333333,,0.0,,,0.0,0.0
football,nfl,2022,16,NYJ,00-0037013,Z.Wilson,,21,-0.37881950998798125,-10.743057634681463,10.055555555555555,,0.14285714285714285,,,0.047619047619047616,0.0
football,nfl,2022,16,PHI,00-0035289,G.Minshew,,39,0.43986142978026904,6.818172510932474,9.5,,0.0,,,0.05128205128205128,0.02564102564102564
football,nfl,2022,16,PIT,00-0038102,K.Pickett,,39,0.0351662103837136,1.773406316836675,5.333333333333333,,0.0,,,0.02564102564102564,0.0
football,nfl,2022,16,SEA,00-0030565,G.Smith,,42,-0.4326467972332358,0.5896191847951788,6.675,,0.047619047619047616,,,0.023809523809523808,0.0
football,nfl,2022,16,SF,00-0037834,B.Purdy,,25,0.26906199935996633,2.4397858551570346,8.318181818181818,,0.12,,,0.04,0.0
football,nfl,2022,16,TB,00-0019596,T.Brady,,48,-0.03866616211732933,-6.739622044066588,4.729166666666667,,0.0,,,0.041666666666666664,0.0
football,nfl,2022,16,TEN,00-0038128,M.Willis,,27,-0.6379444138513429,-3.7674638628959656,6.086956521739131,,0.14814814814814814,,,0.07407407407407407,0.037037037037037035
football,nfl,2022,16,WAS,00-0031800,T.Heinicke,,20,0.12057209789927584,15.585187408659193,12.777777777777779,,0.1,,,0.05,0.05
football,nfl,2022,16,WAS,00-0032950,C.Wentz,,17,0.25747703477614287,7.015187293291092,5.375,,0.0,,,0.0,0.0
football,nfl,2022,17,ARI,00-0035040,D.Blough,,42,0.041704409651479916,-2.3378124362544,9.45,,0.047619047619047616,,,0.0,0.0
football,nfl,2022,17,ATL,00-0038122,D.Ridder,,27,-0.006746800476191497,3.515256524085999,5.884615384615385,,0.037037037037037035,,,0.0,0.0
football,nfl,2022,17,BAL,00-0035993,T.Huntley,,21,0.22307065369620735,4.445981681346893,7.380952380952381,,0.047619047619047616,,,0.047619047619047616,0.0
football,nfl,2022,17,CAR,00-0034869,S.Darnold,,37,0.20825464849759875,12.205344438552856,8.783783783783784,,0.05405405405405406,,,0.02702702702702703,0.02702702702702703
football,nfl,2022,17,CHI,00-0036945,J.Fields,,28,-0.9641131124208503,-28.605930507183075,9.904761904761905,,0.25,,,0.03571428571428571,0.03571428571428571
football,nfl,2022,17,CLE,00-0033537,D.Watson,,23,0.34413185750758707,-7.75594525039196,6.333333333333333,,0.21739130434782608,,,0.0,0.0
football,nfl,2022,17,DAL,00-0033077,D.Prescott,,42,0.2499809121121196,3.654417540968918,7.487804878048781,,0.023809523809523808,,,0.047619047619047616,0.0
football,nfl,2022,17,DEN,00-0029263,R.Wilson,,42,-0.29763024759033524,-0.47043172849549186,5.052631578947368,,0.09523809523809523,,,0.023809523809523808,0.023809523809523808
football,nfl,2022,17,DET,00-0032792,N.Sudfeld,,1,-0.8987278068009172,,,,1.0,,,0.0,0.0
football,nfl,2022,17,DET,00-0033106,J.Goff,,30,0.1916804080716627,-1.1313899837691208,6.620689655172414,,0.03333333333333333,,,0.0,0.0
football,nfl,2022,17,GB,00-0023459,A.Rodgers,,24,0.07113652146654202,3.0605415287225144,11.304347826086957,,0.041666666666666664,,,0.0,0.0
football,nfl,2022,17,GB,00-0036264,J.Love,,3,-0.12954061094205827,-6.039273738861084,3.3333333333333335,,0.0,,,0.0,0.0
football,nfl,2022,17,HOU,00-0032436,J.Driskel,,5,-0.7623653528746218,-10.49494743347168,-1.5,,0.2,,,0.0,0.0
football,nfl,2022,17,HOU,00-0036898,D.Mills,,41,-0.5481013141390754,-8.13252047488564,8.875,,0.024390243902439025,,,0.0,0.024390243902439025
football,nfl,2022,17,IND,00-0029567,N.Foles,,14,-0.6757281717925464,-8.612719636697035,7.6923076923076925,,0.07142857142857142,,,0.07142857142857142,0.0
football,nfl,2022,17,IND,00-0036879,S.Ehlinger,,15,0.043427206982715114,-5.698901201997485,6.071428571428571,,0.06666666666666667,,,0.0,0.0
football,nfl,2022,17,JAX,00-0033936,C.Beathard,,9,-0.8240549265060874,-6.594806909561157,5.875,,0.1111111111111111,,,0.1111111111111111,0.0
football,nfl,2022,17,JAX,00-0036971,T.Lawrence,,22,0.06943014474977231,11.61547601222992,5.285714285714286,,0.045454545454545456,,,0.045454545454545456,0.0
football,nfl,2022,17,KC,00-0033873,P.Mahomes,,42,0.2534326683030499,5.376290548138503,7.4523809523809526,,0.0,,,0.023809523809523808,0.0
football,nfl,2022,17,LA,00-0034855,B.Mayfield,,22,-0.525573208630056,-3.5445161991649203,11.578947368421053,,0.13636363636363635,,,0.0,0.045454545454545456
football,nfl,2022,17,LAC,00-0026544,C.Daniel,,3,0.4560756712647465,17.362864812215168,-5.666666666666667,,0.0,,,0.0,0.0
football,nfl,2022,17,LAC,00-0036355,J.Herbert,,28,0.3651079128777831,6.797450674431665,7.428571428571429,,0.0,,,0.0,0.0
football,nfl,2022,17,LV,00-0035264,J.Stidham,,34,0.1833115253271257,8.878851402550936,10.117647058823529,,0.0,,,0.058823529411764705,0.0
football,nfl,2022,17,MIA,00-0031237,T.Bridgewater,,20,0.03408171125739488,1.4888139147507506,10.947368421052632,,0.05,,,0.05,0.0
football,nfl,2022,17,MIA,00-0037327,S.Thompson,,22,-0.07277593085283036,-10.007337303388686,5.238095238095238,,0.045454545454545456,,,0.045454545454545456,0.0
football,nfl,2022,17,MIN,00-0029604,K.Cousins,,33,-0.5215465217982808,-7.031671270247428,8.451612903225806,,0.06060606060606061,,,0.09090909090909091,0.030303030303030304
football,nfl,2022,17,MIN,00-0033319,N.Mullens,,4,1.428308584203478,46.278172731399536,9.25,,0.0,,,0.0,0.0
football,nfl,2022,17,NE,00-0036972,M.Jones,,36,-0.08865558402247178,-2.4362278170883656,8.727272727272727,,0.08333333333333333,,,0.0,0.0
football,nfl,2022,17,NO,00-0027973,A.Dalton,,28,-0.17023761643389837,14.467843515532357,6.045454545454546,,0.21428571428571427,,,0.03571428571428571,0.0
football,nfl,2022,17,NO,00-0033357,T.Hill,,3,0.07904554579484586,34.26731526851654,11.0,,0.3333333333333333,,,0.0,0.0
football,nfl,2022,17,NYG,00-0035710,D.Jones,,24,0.4920188933570178,12.194179322408592,6.0,,0.0,,,0.0,0.0
football,nfl,2022,17,NYJ,00-0034401,M.White,,50,-0.37806061398876034,-15.510605838563707,7.717391304347826,,0.08,,,0.04,0.02
football,nfl,2022,17,PHI,00-0035289,G.Minshew,,38,-0.29861819735980977,-10.353635717183352,9.34375,,0.15789473684210525,,,0.02631578947368421,0.02631578947368421
football,nfl,2022,17,PIT,00-0038102,K.Pickett,,29,0.1434183356629645,-1.4824074727517587,8.25925925925926,,0.06896551724137931,,,0.0,0.0
football,nfl,2022,17,SEA,00-0030565,G.Smith,,33,-0.07455275630878842,4.0684383894715985,9.275862068965518,,0.12121212121212122,,,0.0,0.030303030303030304
football,nfl,2022,17,SF,00-0037834,B.Purdy,,35,0.2241644740093998,-3.836891405722674,7.714285714285714,,0.0,,,0.02857142857142857,0.0
football,nfl,2022,17,TB,00-0019596,T.Brady,,50,0.34861565041296333,12.219110698927016,7.822222222222222,,0.06,,,0.0,0.0
football,nfl,2022,17,TEN,00-0033949,J.Dobbs,,41,-0.20511427398318235,-10.08478128596356,9.0,,0.04878048780487805,,,0.024390243902439025,0.04878048780487805
football,nfl,2022,17,WAS,00-0032950,C.Wentz,,31,-0.2610732330805405,-9.525130902017866,8.285714285714286,,0.0967741935483871,,,0.0967741935483871,0.0
football,nfl,2022,18,ARI,00-0035040,D.Blough,,21,-0.3132673509923431,6.902830633852217,5.722222222222222,,0.14285714285714285,,,0.09523809523809523,0.047619047619047616
football,nfl,2022,18,ARI,00-0035146,T.McSorley,,9,-1.0064855997722286,-1.8759505616294012,8.555555555555555,,0.0,,,0.1111111111111111,0.0
football,nfl,2022,18,ATL,00-0038122,D.Ridder,,32,0.2063685479673054,6.780356700931277,11.8,,0.0625,,,0.0,0.03125
football,nfl,2022,18,BAL,00-0037175,A.Brown,,46,-0.3210558936638312,-21.050172050793964,7.931818181818182,,0.08695652173913043,,,0.043478260869565216,0.021739130434782608
football,nfl,2022,18,BUF,00-0034857,J.Allen,,33,0.25601741213661927,0.9201243039100392,13.419354838709678,,0.06060606060606061,,,0.030303030303030304,0.0
football,nfl,2022,18,CAR,00-0034869,S.Darnold,,17,-0.7585688042454422,-21.38125652616674,11.266666666666667,,0.11764705882352941,,,0.11764705882352941,0.0
football,nfl,2022,18,CHI,00-0033958,N.Peterman,,20,-0.18442629885103087,-7.759007184129012,9.736842105263158,,0.05,,,0.0,0.0
football,nfl,2022,18,CHI,00-0034177,T.Boyle,,9,-0.6062754418704038,-37.26350553333759,12.625,,0.0,,,0.2222222222222222,0.0
football,nfl,2022,18,CIN,00-0036442,J.Burrow,,44,-0.18156952934167456,-5.097121670842171,8.523809523809524,,0.045454545454545456,,,0.0,0.022727272727272728
football,nfl,2022,18,CLE,00-0033537,D.Watson,,35,-0.10899927641065527,1.0548692058633875,7.0,,0.2,,,0.05714285714285714,0.0
football,nfl,2022,18,DAL,00-0033077,D.Prescott,,38,-0.34653397002196135,-23.966175743511744,10.35135135135135,,0.02631578947368421,,,0.02631578947368421,0.0
football,nfl,2022,18,DAL,00-0033662,C.Rush,,1,-1.3351104226894677,-35.54593026638031,18.0,,0.0,,,0.0,0.0
football,nfl,2022,18,DEN,00-0029263,R.Wilson,,26,0.15587303586172452,1.0726186362179844,13.166666666666666,,0.07692307692307693,,,0.038461538461538464,0.0
football,nfl,2022,18,DET,00-0033106,J.Goff,,35,0.21403013423015163,-0.04961544817144221,5.5,,0.02857142857142857,,,0.0,0.02857142857142857
football,nfl,2022,18,GB,00-0023459,A.Rodgers,,29,-0.04337509632271449,3.50212099460455,8.962962962962964,,0.06896551724137931,,,0.034482758620689655,0.0
football,nfl,2022,18,HOU,00-0032436,J.Driskel,,2,0.1849064439011272,26.242762804031376,3.5,,0.0,,,0.0,0.0
football,nfl,2022,18,HOU,00-0036898,D.Mills,,40,0.18207611298967388,-1.881385635998514,8.736842105263158,,0.025,,,0.05,0.0
football,nfl,2022,18,IND,00-0036879,S.Ehlinger,,37,-0.3515701692714985,0.22743545910891363,7.257142857142857,,0.05405405405405406,,,0.05405405405405406,0.0
football,nfl,2022,18,JAX,00-0036971,T.Lawrence,,33,0.131745154173518,3.769606454619047,7.96875,,0.030303030303030304,,,0.0,0.0
football,nfl,2022,18,KC,00-0033873,P.Mahomes,,28,0.036092450505945166,6.710937122503917,9.038461538461538,,0.07142857142857142,,,0.0,0.0
football,nfl,2022,18,LA,00-0034855,B.Mayfield,,31,-0.37018697299835374,-10.30342144270738,9.653846153846153,,0.16129032258064516,,,0.03225806451612903,0.0
football,nfl,2022,18,LAC,00-0026544,C.Daniel,,8,0.29482318644115,4.488439645086016,6.285714285714286,,0.0,,,0.0,0.0
football,nfl,2022,18,LAC,00-0036355,J.Herbert,,38,0.4061008524733563,-1.96731275803334,6.351351351351352,,0.02631578947368421,,,0.0,0.0
football,nfl,2022,18,LV,00-0035264,J.Stidham,,42,-0.22550218006587572,-2.8275529251379123,8.472222222222221,,0.14285714285714285,,,0.023809523809523808,0.047619047619047616
football,nfl,2022,18,MIA,00-0037327,S.Thompson,,32,-0.22141109733763695,7.642220733342348,6.709677419354839,,0.03125,,,0.0,0.0
football,nfl,2022,18,MIN,00-0029604,K.Cousins,,20,0.8305426192298315,23.314463151128667,8.3,,0.0,,,0.0,0.0
football,nfl,2022,18,MIN,00-0033319,N.Mullens,,13,0.42942007941262667,16.297025634692265,8.615384615384615,,0.0,,,0.07692307692307693,0.0
football,nfl,2022,18,NE,00-0036972,M.Jones,,42,-0.04083630045594293,0.484739587857173,7.05,,0.023809523809523808,,,0.07142857142857142,0.0
football,nfl,2022,18,NO,00-0027973,A.Dalton,,26,-0.1904495319384223,-9.881164073944092,9.4,,0.038461538461538464,,,0.0,0.0
football,nfl,2022,18,NYG,00-0033550,D.Webb,,41,-0.06008111063027747,-6.994058034921947,5.1,,0.0,,,0.0,0.0
football,nfl,2022,18,NYG,00-0035042,J.Gillan,,1,-3.9164693378843367,,,,1.0,,,0.0,0.0
football,nfl,2022,18,NYG,00-0036145,L.Cager,,1,-0.8402121948311105,,,,1.0,,,0.0,0.0
football,nfl,2022,18,NYJ,00-0026158,J.Flacco,,33,0.0019299987490085622,-6.617344170808792,8.484848484848484,,0.0,,,0.0,0.0
football,nfl,2022,18,PHI,00-0036389,J.Hurts,,38,-0.12033014626512738,-4.519238587348692,6.828571428571428,,0.07894736842105263,,,0.02631578947368421,0.0
football,nfl,2022,18,PIT,00-0038102,K.Pickett,,31,0.3278567940261431,-12.973319100482124,11.10344827586207,,0.03225806451612903,,,0.0,0.0
football,nfl,2022,18,SEA,00-0030565,G.Smith,,33,-0.23531294344226097,0.5824434970106397,8.806451612903226,,0.09090909090909091,,,0.06060606060606061,0.0
football,nfl,2022,18,SF,00-0037834,B.Purdy,,24,0.24891432177886577,4.3082694709300995,5.35,,0.16666666666666666,,,0.0,0.0
football,nfl,2022,18,TB,00-0019596,T.Brady,,17,0.17641962371657,6.753328091957989,4.117647058823529,,0.0,,,0.0,0.0
football,nfl,2022,18,TB,00-0027948,B.Gabbert,,8,0.026905524740868714,3.490244224667549,2.5,,0.0,,,0.0,0.0
football,nfl,2022,18,TB,00-0036928,K.Trask,,9,-0.5925066262587078,-22.49189428985119,11.0,,0.0,,,0.0,0.0
football,nfl,2022,18,TEN,00-0033949,J.Dobbs,,33,-0.017119736530988767,10.348027282290989,6.448275862068965,,0.12121212121212122,,,0.030303030303030304,0.06060606060606061
football,nfl,2022,18,WAS,00-0037077,S.Howell,,22,-0.3391720244500942,-4.900194704532623,8.421052631578947,,0.13636363636363635,,,0.045454545454545456,0.0
football,nfl,2022,19,BAL,00-0035993,T.Huntley,,31,0.11048402519317364,-4.344289217676435,6.586206896551724,,0.06451612903225806,,,0.03225806451612903,0.0
football,nfl,2022,19,BUF,00-0034857,J.Allen,,46,-0.2566871134677091,5.460669462745254,15.58974358974359,,0.15217391304347827,,,0.043478260869565216,0.043478260869565216
football,nfl,2022,19,CIN,00-0036442,J.Burrow,,37,0.1565673347656107,1.87448775395751,6.09375,,0.10810810810810811,,,0.0,0.0
football,nfl,2022,19,DAL,00-0033077,D.Prescott,,34,0.7024648798362572,13.404040783643723,8.121212121212121,,0.029411764705882353,,,0.0,0.0
football,nfl,2022,19,JAX,00-0036971,T.Lawrence,,49,-0.12234237303301616,-6.79988303910131,7.51063829787234,,0.04081632653061224,,,0.08163265306122448,0.0
football,nfl,2022,19,LAC,00-0036355,J.Herbert,,46,0.1662102040237071,-7.855833783036187,5.558139534883721,,0.06521739130434782,,,0.0,0.0
football,nfl,2022,19,MIA,00-0037327,S.Thompson,,50,-0.19251713796609804,-17.009518614837102,11.044444444444444,,0.08,,,0.04,0.0
football,nfl,2022,19,MIN,00-0029604,K.Cousins,,39,0.31405291376927963,13.684575965529994,6.871794871794871,,0.0,,,0.0,0.0
football,nfl,2022,19,MIN,00-0036322,J.Jefferson,,1,-2.3801986994221807,10.839778184890749,-6.0,,0.0,,,0.0,0.0
football,nfl,2022,19,NYG,00-0035710,D.Jones,,38,0.3582014920970929,-1.3066129250959917,5.8,,0.07894736842105263,,,0.0,0.0
football,nfl,2022,19,SEA,00-0030565,G.Smith,,39,0.07213670809310263,10.690565407276154,9.314285714285715,,0.07692307692307693,,,0.02564102564102564,0.02564102564102564
football,nfl,2022,19,SF,00-0037834,B.Purdy,,32,0.703584407666305,5.019948659119784,12.6,,0.03125,,,0.0,0.0
football,nfl,2022,19,TB,00-0019596,T.Brady,,70,-0.051125530376777584,-13.038897172349397,5.454545454545454,,0.02857142857142857,,,0.014285714285714285,0.014285714285714285
football,nfl,2022,20,BUF,00-0034857,J.Allen,,43,-0.04086287166627231,1.0545631498098373,9.095238095238095,,0.023255813953488372,,,0.023255813953488372,0.0
football,nfl,2022,20,CIN,00-0036442,J.Burrow,,36,0.33328356800945375,5.609643692150712,7.0,,0.027777777777777776,,,0.0,0.0
football,nfl,2022,20,DAL,00-0033077,D.Prescott,,38,-0.1660690390306563,-5.130239676784825,8.18918918918919,,0.02631578947368421,,,0.05263157894736842,0.0
football,nfl,2022,20,JAX,00-0036971,T.Lawrence,,40,0.007890585852374569,-2.4582011919272575,7.973684210526316,,0.05,,,0.025,0.0
football,nfl,2022,20,KC,00-0026197,C.Henne,,7,0.3867074388046084,-2.6884479182107106,4.571428571428571,,0.0,,,0.0,0.0
football,nfl,2022,20,KC,00-0033873,P.Mahomes,,30,0.3233805515678007,9.806612666164126,5.533333333333333,,0.0,,,0.0,0.0
football,nfl,2022,20,NYG,00-0035710,D.Jones,,32,-0.45323478443242493,-10.485549156482403,7.851851851851852,,0.15625,,,0.03125,0.03125
football,nfl,2022,20,PHI,00-0036389,J.Hurts,,25,0.23566678934641005,-1.434501136342685,6.0,,0.04,,,0.0,0.04
football,nfl,2022,20,SF,00-0037834,B.Purdy,,31,0.11618307591492423,4.741751689177293,8.551724137931034,,0.06451612903225806,,,0.0,0.0
football,nfl,2022,21,CIN,00-0036442,J.Burrow,,46,-0.03979057585782924,8.062006009591592,7.317073170731708,,0.10869565217391304,,,0.043478260869565216,0.0
football,nfl,2022,21,KC,00-0033873,P.Mahomes,,46,0.16069748512273332,2.263510590646325,6.627906976744186,,0.06521739130434782,,,0.0,0.021739130434782608
football,nfl,2022,21,PHI,00-0036389,J.Hurts,,26,-0.025271285029772956,-2.6050777484973278,9.72,,0.038461538461538464,,,0.0,0.0
football,nfl,2022,21,SF,00-0026300,J.Johnson,,15,-0.1350378001341596,-5.467761375687339,5.153846153846154,,0.13333333333333333,,,0.0,0.0
football,nfl,2022,21,SF,00-0033280,C.McCaffrey,,1,-0.5373300365172327,-26.9904762506485,39.0,,0.0,,,0.0,0.0
football,nfl,2022,21,SF,00-0037834,B.Purdy,,5,-0.9552192306611687,19.64580863714218,2.25,,0.2,,,0.0,0.2
football,nfl,2022,22,KC,00-0033873,P.Mahomes,,27,0.4586468363356019,13.6403249502182,6.185185185185185,,0.0,,,0.0,0.0
football,nfl,2022,22,PHI,00-0036389,J.Hurts,,40,0.3223005959248584,12.03083360896391,10.631578947368421,,0.05,,,0.0,0.0
