sport,league,game_id,game_date,game_time,home_team,away_team,home_prob,away_prob,away_projected_points,home_projected_points,total_projected_points,total,home_dk_moneyline_american,away_dk_moneyline_american,home_dk_moneyline_decimal,away_dk_moneyline_decimal,away_decimal,home_decimal,away_implied_prob,home_implied_prob,away_market_prob,home_market_prob,home_model_prob,away_model_prob,away_fair,home_fair,away_acceptable_decimal_moneyline,home_acceptable_decimal_moneyline,away_acceptable_american_moneyline,home_acceptable_american_moneyline
Basketball,NCAAM,NCAAM_2025_12_10_Yale_Bulldogs_Albany_Great_Danes,2025_12_10,12:00 PM,Yale Bulldogs,Albany Great Danes,0.969,0.031,63.7,83.8,147.5,145.0,-3500,1150,1.028571,12.5,12.5,1.0285714285714285,0.08,0.9722222222222223,0.07602956705385426,0.9239704329461457,0.969,0.031,32.25806451612903,1.0319917440660475,32.74193548387096,1.0474716202270382,+3174,-2106
Basketball,NCAAM,NCAAM_2025_12_10_Princeton_Tigers_Merrimack_Warriors,2025_12_10,12:00 PM,Princeton Tigers,Merrimack Warriors,0.592,0.408,67.5,70.2,137.7,134.5,-180,157,1.555556,2.57,2.5700000000000003,1.5555555555555556,0.3891050583657587,0.6428571428571428,0.37705359547535683,0.6229464045246431,0.592,0.408,2.450980392156863,1.6891891891891893,2.4877450980392157,1.714527027027027,+148,-139
Basketball,NCAAM,NCAAM_2025_12_10_UNC_Asheville_Bulldogs_Miami_RedHawks,2025_12_10,12:00 PM,UNC Asheville Bulldogs,Miami RedHawks,0.281,0.719,79.9,72.7,152.6,152.5,230,-280,3.3,1.357143,1.3571428571428572,3.3,0.7368421052631579,0.30303030303030304,0.7085889570552146,0.29141104294478526,0.281,0.719,1.3908205841446455,3.558718861209964,1.411682892906815,3.6120996441281132,-242,+261
Basketball,NCAAM,NCAAM_2025_12_10_Boston_University_Terriers_Maine_Black_Bears,2025_12_10,12:00 PM,Boston University Terriers,Maine Black Bears,0.745,0.255,59.7,66.6,126.3,128.0,-550,390,1.181818,4.9,4.9,1.1818181818181819,0.2040816326530612,0.8461538461538461,0.19431988041853512,0.8056801195814649,0.745,0.255,3.9215686274509802,1.342281879194631,3.9803921568627447,1.3624161073825503,+298,-275
Basketball,NCAAM,NCAAM_2025_12_10_Fordham_Rams_Fairleigh_Dickinson_Knights,2025_12_10,12:00 PM,Fordham Rams,Fairleigh Dickinson Knights,0.893,0.107,67.3,79.1,146.4,141.5,-1000,625,1.1,7.25,7.25,1.1,0.13793103448275862,0.9090909090909091,0.1317365269461078,0.8682634730538923,0.893,0.107,9.345794392523365,1.1198208286674132,9.485981308411214,1.1366181410974243,+848,-731
Basketball,NCAAM,NCAAM_2025_12_10_George_Washington_Colonials_Delaware_Fightin_Blue_Hens,2025_12_10,12:00 PM,George Washington Colonials,Delaware Fightin Blue Hens,0.936,0.064,69.4,84.5,153.9,160.5,-8000,1450,1.0125,15.5,15.5,1.0125,0.06451612903225806,0.9876543209876544,0.06131718395155185,0.938682816048448,0.936,0.064,15.625,1.0683760683760684,15.859374999999998,1.0844017094017093,+1485,-1184
Basketball,NCAAM,NCAAM_2025_12_10_Iona_Gaels_Bryant_Bulldogs,2025_12_10,12:00 PM,Iona Gaels,Bryant Bulldogs,0.824,0.176,70.7,79.9,150.6,145.5,-600,425,1.166667,5.25,5.25,1.1666666666666667,0.19047619047619047,0.8571428571428571,0.18181818181818185,0.8181818181818182,0.824,0.176,5.6818181818181825,1.2135922330097089,5.767045454545455,1.2317961165048543,+476,-431
Basketball,NCAAM,NCAAM_2025_12_10_Marshall_Thundering_Herd_Western_Kentucky_Hilltoppers,2025_12_10,12:00 PM,Marshall Thundering Herd,Western Kentucky Hilltoppers,0.487,0.513,82.1,80.9,163.0,159.0,-132,112,1.757576,2.12,2.12,1.7575757575757576,0.4716981132075471,0.5689655172413793,0.4532666458268208,0.5467333541731791,0.487,0.513,1.949317738791423,2.053388090349076,1.978557504873294,2.084188911704312,-102,+108
Basketball,NCAAM,NCAAM_2025_12_10_NC_State_Wolfpack_Liberty_Flames,2025_12_10,12:00 PM,NC State Wolfpack,Liberty Flames,0.872,0.128,68.7,79.6,148.3,155.0,-1200,754,1.083333,8.54,8.54,1.0833333333333333,0.117096018735363,0.9230769230769231,0.11257360581918947,0.8874263941808106,0.872,0.128,7.8125,1.146788990825688,7.929687499999999,1.1639908256880733,+692,-609
Basketball,NCAAM,NCAAM_2025_12_10_NJIT_Highlanders_New_Haven_Chargers,2025_12_10,12:00 PM,NJIT Highlanders,New Haven Chargers,0.453,0.547,67.7,65.2,132.9,130.0,125,-145,2.25,1.689655,1.6896551724137931,2.25,0.5918367346938775,0.4444444444444444,0.5711159737417943,0.42888402625820565,0.453,0.547,1.8281535648994514,2.2075055187637966,1.8555758683729429,2.2406181015452535,-116,+124
Basketball,NCAAM,NCAAM_2025_12_10_Notre_Dame_Fighting_Irish_Idaho_Vandals,2025_12_10,12:00 PM,Notre Dame Fighting Irish,Idaho Vandals,0.922,0.078,65.3,79.3,144.6,144.5,-800,561,1.125,6.61,6.61,1.125,0.151285930408472,0.8888888888888888,0.14544279250161604,0.854557207498384,0.922,0.078,12.820512820512821,1.0845986984815619,13.012820512820513,1.1008676789587852,+1201,-991
Basketball,NCAAM,NCAAM_2025_12_10_Purdue_Boilermakers_Minnesota_Golden_Gophers,2025_12_10,12:00 PM,Purdue Boilermakers,Minnesota Golden Gophers,0.951,0.049,65.7,82.1,147.8,143.0,-5000,1300,1.02,14.0,14.0,1.02,0.07142857142857142,0.9803921568627451,0.06790945406125166,0.9320905459387483,0.951,0.049,20.408163265306122,1.0515247108307046,20.71428571428571,1.0672975814931651,+1971,-1485
Basketball,NCAAM,NCAAM_2025_12_10_Saint_Bonaventure_Bonnies_Colgate_Raiders,2025_12_10,12:00 PM,Saint Bonaventure Bonnies,Colgate Raiders,0.897,0.103,65.6,77.8,143.4,142.0,-700,475,1.142857,5.75,5.75,1.1428571428571428,0.17391304347826086,0.875,0.16580310880829016,0.8341968911917099,0.897,0.103,9.708737864077671,1.1148272017837235,9.854368932038835,1.1315496098104794,+885,-760
Basketball,NCAAM,NCAAM_2025_12_10_South_Florida_Bulls_Charleston_Cougars,2025_12_10,12:00 PM,South Florida Bulls,Charleston Cougars,0.848,0.152,75.4,85.4,160.8,156.0,-1700,945,1.058824,10.45,10.45,1.0588235294117647,0.09569377990430622,0.9444444444444444,0.09200102223358037,0.9079989777664196,0.848,0.152,6.578947368421053,1.179245283018868,6.677631578947368,1.1969339622641508,+567,-507
Basketball,NCAAM,NCAAM_2025_12_10_VCU_Rams_New_Mexico_Lobos,2025_12_10,12:00 PM,VCU Rams,New Mexico Lobos,0.745,0.255,73.5,80.4,153.9,156.5,-450,350,1.222222,4.5,4.5,1.2222222222222223,0.2222222222222222,0.8181818181818181,0.21359223300970875,0.7864077669902914,0.745,0.255,3.9215686274509802,1.342281879194631,3.9803921568627447,1.3624161073825503,+298,-275
Basketball,NCAAM,NCAAM_2025_12_10_UMass_Minutemen_Boston_College_Eagles,2025_12_10,12:00 PM,UMass Minutemen,Boston College Eagles,0.411,0.589,73.5,69.8,143.3,141.5,130,-150,2.3,1.666667,1.6666666666666665,2.3,0.6000000000000001,0.4347826086956522,0.5798319327731092,0.4201680672268907,0.411,0.589,1.697792869269949,2.4330900243309004,1.7232597623089982,2.4695863746958637,-138,+146
Basketball,NCAAM,NCAAM_2025_12_10_Eastern_Illinois_Panthers_Eastern_Kentucky_Colonels,2025_12_10,12:00 PM,Eastern Illinois Panthers,Eastern Kentucky Colonels,0.36,0.64,78.1,72.8,150.9,148.5,230,-280,3.3,1.357143,1.3571428571428572,3.3,0.7368421052631579,0.30303030303030304,0.7085889570552146,0.29141104294478526,0.36,0.64,1.5625,2.7777777777777777,1.5859374999999998,2.819444444444444,-170,+181
Basketball,NCAAM,NCAAM_2025_12_10_Purdue_Fort_Wayne_Mastodons_Eastern_Michigan_Eagles,2025_12_10,12:00 PM,Purdue Fort Wayne Mastodons,Eastern Michigan Eagles,0.558,0.442,76.0,77.6,153.6,151.0,-165,145,1.606061,2.45,2.45,1.606060606060606,0.4081632653061224,0.6226415094339623,0.3959656331714605,0.6040343668285394,0.558,0.442,2.262443438914027,1.7921146953405016,2.2963800904977374,1.8189964157706089,+129,-122
Basketball,NCAAM,NCAAM_2025_12_10_Southern_Illinois_Salukis_Tennessee_Martin_Skyhawks,2025_12_10,12:00 PM,Southern Illinois Salukis,Tennessee Martin Skyhawks,0.78,0.22,70.1,78.1,148.2,146.5,-525,400,1.190476,5.0,5.0,1.1904761904761905,0.2,0.84,0.19230769230769232,0.8076923076923076,0.78,0.22,4.545454545454546,1.282051282051282,4.613636363636363,1.301282051282051,+361,-331
Basketball,NCAAM,NCAAM_2025_12_10_UMKC_Kangaroos_Weber_State_Wildcats,2025_12_10,12:00 PM,UMKC Kangaroos,Weber State Wildcats,0.297,0.703,78.8,72.4,151.2,149.5,170,-195,2.7,1.512821,1.5128205128205128,2.7,0.6610169491525424,0.37037037037037035,0.6409007912355448,0.3590992087644553,0.297,0.703,1.4224751066856332,3.367003367003367,1.4438122332859176,3.4175084175084174,-225,+241
Basketball,NCAAM,NCAAM_2025_12_10_Utah_Valley_Wolverines_Idaho_State_Bengals,2025_12_10,12:00 PM,Utah Valley Wolverines,Idaho State Bengals,0.805,0.195,67.0,75.6,142.6,142.5,-725,520,1.137931,6.2,6.2,1.1379310344827587,0.16129032258064516,0.8787878787878788,0.1550751879699248,0.8449248120300752,0.805,0.195,5.128205128205128,1.2422360248447204,5.205128205128204,1.2608695652173911,+420,-383
Basketball,NCAAM,NCAAM_2025_12_10_Texas_State_Bobcats_Southern_University_Jaguars,2025_12_10,12:00 PM,Texas State Bobcats,Southern University Jaguars,0.636,0.364,67.8,71.5,139.3,142.0,-170,145,1.588235,2.45,2.45,1.5882352941176472,0.4081632653061224,0.6296296296296295,0.3932993445010925,0.6067006554989075,0.636,0.364,2.7472527472527473,1.572327044025157,2.7884615384615383,1.5959119496855343,+178,-167
Basketball,NCAAM,NCAAM_2025_12_10_Boise_State_Broncos_Duquesne_Dukes,2025_12_10,12:00 PM,Boise State Broncos,Duquesne Dukes,0.892,0.108,69.2,81.0,150.2,149.0,-1400,836,1.071429,9.36,9.36,1.0714285714285714,0.10683760683760685,0.9333333333333333,0.10271158586688578,0.8972884141331141,0.892,0.108,9.25925925925926,1.1210762331838564,9.398148148148147,1.1378923766816142,+839,-725
Basketball,NCAAM,NCAAM_2025_12_10_Nebraska_Cornhuskers_Wisconsin_Badgers,2025_12_10,12:00 PM,Nebraska Cornhuskers,Wisconsin Badgers,0.563,0.437,77.9,79.7,157.6,158.5,-125,105,1.8,2.05,2.05,1.8,0.48780487804878053,0.5555555555555556,0.4675324675324676,0.5324675324675325,0.563,0.437,2.288329519450801,1.7761989342806397,2.322654462242563,1.8028419182948492,+132,-124
Basketball,NCAAM,NCAAM_2025_12_10_Cal_State_Northridge_Matadors_Fresno_State_Bulldogs,2025_12_10,12:00 PM,Cal State Northridge Matadors,Fresno State Bulldogs,0.511,0.489,79.7,79.6,159.3,160.5,-125,105,1.8,2.05,2.05,1.8,0.48780487804878053,0.5555555555555556,0.4675324675324676,0.5324675324675325,0.511,0.489,2.044989775051125,1.9569471624266144,2.0756646216768915,1.9863013698630134,+107,-101
Basketball,NCAAM,NCAAM_2025_12_10_San_Diego_State_Aztecs_Lamar_Cardinals,2025_12_10,12:00 PM,San Diego State Aztecs,Lamar Cardinals,0.946,0.054,59.4,75.5,134.9,134.5,-4000,1200,1.025,13.0,13.0,1.025,0.07692307692307693,0.9756097560975611,0.0730837789661319,0.9269162210338681,0.946,0.054,18.51851851851852,1.0570824524312896,18.796296296296294,1.0729386892177588,+1779,-1371
