game_id,commence_time,home_team,away_team,bookmaker,market_type,bet_side,line,odds_american,odds_decimal,last_update,home_moneyline_american,away_moneyline_american,home_spread,away_spread,home_spread_american,away_spread_american,total,over_american,under_american
71515752,2026-09-10T00:20:00Z,Seattle Seahawks,New England Patriots,DraftKings,h2h,home,,-192,1.52,2026-07-09T18:06:42.71Z,-192,160,-3.5,3.5,-111,-111,44.5,-111,-111
71515752,2026-09-10T00:20:00Z,Seattle Seahawks,New England Patriots,DraftKings,h2h,away,,160,2.6,2026-07-09T18:06:42.71Z,-192,160,-3.5,3.5,-111,-111,44.5,-111,-111
71515752,2026-09-10T00:20:00Z,Seattle Seahawks,New England Patriots,DraftKings,spreads,home,-3.5,-111,1.9,2026-07-06T11:11:47.796Z,-192,160,-3.5,3.5,-111,-111,44.5,-111,-111
71515752,2026-09-10T00:20:00Z,Seattle Seahawks,New England Patriots,DraftKings,spreads,away,3.5,-111,1.9,2026-07-06T11:11:47.796Z,-192,160,-3.5,3.5,-111,-111,44.5,-111,-111
71515752,2026-09-10T00:20:00Z,Seattle Seahawks,New England Patriots,DraftKings,totals,over,44.5,-111,1.9,2026-07-06T11:11:47.796Z,-192,160,-3.5,3.5,-111,-111,44.5,-111,-111
71515752,2026-09-10T00:20:00Z,Seattle Seahawks,New England Patriots,DraftKings,totals,under,44.5,-111,1.9,2026-07-06T11:11:47.796Z,-192,160,-3.5,3.5,-111,-111,44.5,-111,-111
71387370,2026-09-11T00:35:00Z,Los Angeles Rams,San Francisco 49ers,DraftKings,h2h,home,,-185,1.54,2026-07-20T19:04:18.654Z,-185,154,-3.5,3.5,-105,-116,48.5,-111,-111
71387370,2026-09-11T00:35:00Z,Los Angeles Rams,San Francisco 49ers,DraftKings,h2h,away,,154,2.54,2026-07-20T19:04:18.654Z,-185,154,-3.5,3.5,-105,-116,48.5,-111,-111
71387370,2026-09-11T00:35:00Z,Los Angeles Rams,San Francisco 49ers,DraftKings,spreads,home,-3.5,-105,1.95,2026-07-20T19:04:18.654Z,-185,154,-3.5,3.5,-105,-116,48.5,-111,-111
71387370,2026-09-11T00:35:00Z,Los Angeles Rams,San Francisco 49ers,DraftKings,spreads,away,3.5,-116,1.86,2026-07-20T19:04:18.654Z,-185,154,-3.5,3.5,-105,-116,48.5,-111,-111
71387370,2026-09-11T00:35:00Z,Los Angeles Rams,San Francisco 49ers,DraftKings,totals,over,48.5,-111,1.9,2026-07-06T11:11:47.796Z,-185,154,-3.5,3.5,-105,-116,48.5,-111,-111
71387370,2026-09-11T00:35:00Z,Los Angeles Rams,San Francisco 49ers,DraftKings,totals,under,48.5,-111,1.9,2026-07-06T11:11:47.796Z,-185,154,-3.5,3.5,-105,-116,48.5,-111,-111
71515760,2026-09-13T17:00:00Z,Houston Texans,Buffalo Bills,DraftKings,h2h,home,,100,2,2026-07-20T19:10:03.882Z,100,-120,1.5,-1.5,-116,-105,44.5,-111,-111
71515760,2026-09-13T17:00:00Z,Houston Texans,Buffalo Bills,DraftKings,h2h,away,,-120,1.83,2026-07-20T19:10:03.882Z,100,-120,1.5,-1.5,-116,-105,44.5,-111,-111
71515760,2026-09-13T17:00:00Z,Houston Texans,Buffalo Bills,DraftKings,spreads,home,1.5,-116,1.86,2026-07-20T19:10:03.882Z,100,-120,1.5,-1.5,-116,-105,44.5,-111,-111
71515760,2026-09-13T17:00:00Z,Houston Texans,Buffalo Bills,DraftKings,spreads,away,-1.5,-105,1.95,2026-07-20T19:10:03.882Z,100,-120,1.5,-1.5,-116,-105,44.5,-111,-111
71515760,2026-09-13T17:00:00Z,Houston Texans,Buffalo Bills,DraftKings,totals,over,44.5,-111,1.9,2026-07-20T19:10:03.882Z,100,-120,1.5,-1.5,-116,-105,44.5,-111,-111
71515760,2026-09-13T17:00:00Z,Houston Texans,Buffalo Bills,DraftKings,totals,under,44.5,-111,1.9,2026-07-20T19:10:03.882Z,100,-120,1.5,-1.5,-116,-105,44.5,-111,-111
71515764,2026-09-13T17:00:00Z,Jacksonville Jaguars,Cleveland Browns,DraftKings,h2h,home,,-370,1.27,2026-07-20T19:10:03.882Z,-370,285,-7.5,7.5,-111,-111,40.5,-111,-111
71515764,2026-09-13T17:00:00Z,Jacksonville Jaguars,Cleveland Browns,DraftKings,h2h,away,,285,3.85,2026-07-20T19:10:03.882Z,-370,285,-7.5,7.5,-111,-111,40.5,-111,-111
71515764,2026-09-13T17:00:00Z,Jacksonville Jaguars,Cleveland Browns,DraftKings,spreads,home,-7.5,-111,1.9,2026-07-06T11:11:47.796Z,-370,285,-7.5,7.5,-111,-111,40.5,-111,-111
71515764,2026-09-13T17:00:00Z,Jacksonville Jaguars,Cleveland Browns,DraftKings,spreads,away,7.5,-111,1.9,2026-07-06T11:11:47.796Z,-370,285,-7.5,7.5,-111,-111,40.5,-111,-111
71515764,2026-09-13T17:00:00Z,Jacksonville Jaguars,Cleveland Browns,DraftKings,totals,over,40.5,-111,1.9,2026-07-20T19:10:03.882Z,-370,285,-7.5,7.5,-111,-111,40.5,-111,-111
71515764,2026-09-13T17:00:00Z,Jacksonville Jaguars,Cleveland Browns,DraftKings,totals,under,40.5,-111,1.9,2026-07-20T19:10:03.882Z,-370,285,-7.5,7.5,-111,-111,40.5,-111,-111
71515768,2026-09-13T17:00:00Z,Tennessee Titans,New York Jets,DraftKings,h2h,home,,-143,1.7,2026-07-20T19:08:39.445Z,-143,120,-2.5,2.5,-111,-111,38.5,-111,-111
71515768,2026-09-13T17:00:00Z,Tennessee Titans,New York Jets,DraftKings,h2h,away,,120,2.2,2026-07-20T19:08:39.445Z,-143,120,-2.5,2.5,-111,-111,38.5,-111,-111
71515768,2026-09-13T17:00:00Z,Tennessee Titans,New York Jets,DraftKings,spreads,home,-2.5,-111,1.9,2026-07-20T19:08:39.445Z,-143,120,-2.5,2.5,-111,-111,38.5,-111,-111
71515768,2026-09-13T17:00:00Z,Tennessee Titans,New York Jets,DraftKings,spreads,away,2.5,-111,1.9,2026-07-20T19:08:39.445Z,-143,120,-2.5,2.5,-111,-111,38.5,-111,-111
71515768,2026-09-13T17:00:00Z,Tennessee Titans,New York Jets,DraftKings,totals,over,38.5,-111,1.9,2026-07-20T19:08:39.445Z,-143,120,-2.5,2.5,-111,-111,38.5,-111,-111
71515768,2026-09-13T17:00:00Z,Tennessee Titans,New York Jets,DraftKings,totals,under,38.5,-111,1.9,2026-07-20T19:08:39.445Z,-143,120,-2.5,2.5,-111,-111,38.5,-111,-111
71515754,2026-09-13T17:00:00Z,Carolina Panthers,Chicago Bears,DraftKings,h2h,home,,114,2.14,2026-07-06T11:11:47.796Z,114,-135,2.5,-2.5,-111,-111,44.5,-111,-111
71515754,2026-09-13T17:00:00Z,Carolina Panthers,Chicago Bears,DraftKings,h2h,away,,-135,1.74,2026-07-06T11:11:47.796Z,114,-135,2.5,-2.5,-111,-111,44.5,-111,-111
71515754,2026-09-13T17:00:00Z,Carolina Panthers,Chicago Bears,DraftKings,spreads,home,2.5,-111,1.9,2026-07-06T11:11:47.796Z,114,-135,2.5,-2.5,-111,-111,44.5,-111,-111
71515754,2026-09-13T17:00:00Z,Carolina Panthers,Chicago Bears,DraftKings,spreads,away,-2.5,-111,1.9,2026-07-06T11:11:47.796Z,114,-135,2.5,-2.5,-111,-111,44.5,-111,-111
71515754,2026-09-13T17:00:00Z,Carolina Panthers,Chicago Bears,DraftKings,totals,over,44.5,-111,1.9,2026-07-06T11:11:47.796Z,114,-135,2.5,-2.5,-111,-111,44.5,-111,-111
71515754,2026-09-13T17:00:00Z,Carolina Panthers,Chicago Bears,DraftKings,totals,under,44.5,-111,1.9,2026-07-06T11:11:47.796Z,114,-135,2.5,-2.5,-111,-111,44.5,-111,-111
71515756,2026-09-13T17:00:00Z,Cincinnati Bengals,Tampa Bay Buccaneers,DraftKings,h2h,home,,-192,1.52,2026-07-20T19:06:47.998Z,-192,160,-3.5,3.5,-111,-111,52.5,-111,-111
71515756,2026-09-13T17:00:00Z,Cincinnati Bengals,Tampa Bay Buccaneers,DraftKings,h2h,away,,160,2.6,2026-07-20T19:06:47.998Z,-192,160,-3.5,3.5,-111,-111,52.5,-111,-111
71515756,2026-09-13T17:00:00Z,Cincinnati Bengals,Tampa Bay Buccaneers,DraftKings,spreads,home,-3.5,-111,1.9,2026-07-06T11:11:47.796Z,-192,160,-3.5,3.5,-111,-111,52.5,-111,-111
71515756,2026-09-13T17:00:00Z,Cincinnati Bengals,Tampa Bay Buccaneers,DraftKings,spreads,away,3.5,-111,1.9,2026-07-06T11:11:47.796Z,-192,160,-3.5,3.5,-111,-111,52.5,-111,-111
71515756,2026-09-13T17:00:00Z,Cincinnati Bengals,Tampa Bay Buccaneers,DraftKings,totals,over,52.5,-111,1.9,2026-07-20T19:06:47.998Z,-192,160,-3.5,3.5,-111,-111,52.5,-111,-111
71515756,2026-09-13T17:00:00Z,Cincinnati Bengals,Tampa Bay Buccaneers,DraftKings,totals,under,52.5,-111,1.9,2026-07-20T19:06:47.998Z,-192,160,-3.5,3.5,-111,-111,52.5,-111,-111
71515758,2026-09-13T17:00:00Z,Detroit Lions,New Orleans Saints,DraftKings,h2h,home,,-333,1.3,2026-07-07T14:19:02.016Z,-333,260,-7,7,-111,-111,49.5,-111,-111
71515758,2026-09-13T17:00:00Z,Detroit Lions,New Orleans Saints,DraftKings,h2h,away,,260,3.6,2026-07-07T14:19:02.016Z,-333,260,-7,7,-111,-111,49.5,-111,-111
71515758,2026-09-13T17:00:00Z,Detroit Lions,New Orleans Saints,DraftKings,spreads,home,-7,-111,1.9,2026-07-06T11:11:47.796Z,-333,260,-7,7,-111,-111,49.5,-111,-111
71515758,2026-09-13T17:00:00Z,Detroit Lions,New Orleans Saints,DraftKings,spreads,away,7,-111,1.9,2026-07-06T11:11:47.796Z,-333,260,-7,7,-111,-111,49.5,-111,-111
71515758,2026-09-13T17:00:00Z,Detroit Lions,New Orleans Saints,DraftKings,totals,over,49.5,-111,1.9,2026-07-20T19:08:39.445Z,-333,260,-7,7,-111,-111,49.5,-111,-111
71515758,2026-09-13T17:00:00Z,Detroit Lions,New Orleans Saints,DraftKings,totals,under,49.5,-111,1.9,2026-07-20T19:08:39.445Z,-333,260,-7,7,-111,-111,49.5,-111,-111
71515762,2026-09-13T17:00:00Z,Indianapolis Colts,Baltimore Ravens,DraftKings,h2h,home,,154,2.54,2026-07-16T20:57:44.355Z,154,-185,3.5,-3.5,-111,-111,49.5,-111,-111
71515762,2026-09-13T17:00:00Z,Indianapolis Colts,Baltimore Ravens,DraftKings,h2h,away,,-185,1.54,2026-07-16T20:57:44.355Z,154,-185,3.5,-3.5,-111,-111,49.5,-111,-111
71515762,2026-09-13T17:00:00Z,Indianapolis Colts,Baltimore Ravens,DraftKings,spreads,home,3.5,-111,1.9,2026-07-06T11:11:47.796Z,154,-185,3.5,-3.5,-111,-111,49.5,-111,-111
71515762,2026-09-13T17:00:00Z,Indianapolis Colts,Baltimore Ravens,DraftKings,spreads,away,-3.5,-111,1.9,2026-07-06T11:11:47.796Z,154,-185,3.5,-3.5,-111,-111,49.5,-111,-111
71515762,2026-09-13T17:00:00Z,Indianapolis Colts,Baltimore Ravens,DraftKings,totals,over,49.5,-111,1.9,2026-07-06T11:11:47.796Z,154,-185,3.5,-3.5,-111,-111,49.5,-111,-111
71515762,2026-09-13T17:00:00Z,Indianapolis Colts,Baltimore Ravens,DraftKings,totals,under,49.5,-111,1.9,2026-07-06T11:11:47.796Z,154,-185,3.5,-3.5,-111,-111,49.5,-111,-111
71515766,2026-09-13T17:00:00Z,Pittsburgh Steelers,Atlanta Falcons,DraftKings,h2h,home,,-143,1.7,2026-07-20T19:10:03.882Z,-143,120,-2.5,2.5,-116,-105,41.5,-111,-111
71515766,2026-09-13T17:00:00Z,Pittsburgh Steelers,Atlanta Falcons,DraftKings,h2h,away,,120,2.2,2026-07-20T19:10:03.882Z,-143,120,-2.5,2.5,-116,-105,41.5,-111,-111
71515766,2026-09-13T17:00:00Z,Pittsburgh Steelers,Atlanta Falcons,DraftKings,spreads,home,-2.5,-116,1.86,2026-07-20T19:10:03.882Z,-143,120,-2.5,2.5,-116,-105,41.5,-111,-111
71515766,2026-09-13T17:00:00Z,Pittsburgh Steelers,Atlanta Falcons,DraftKings,spreads,away,2.5,-105,1.95,2026-07-20T19:10:03.882Z,-143,120,-2.5,2.5,-116,-105,41.5,-111,-111
71515766,2026-09-13T17:00:00Z,Pittsburgh Steelers,Atlanta Falcons,DraftKings,totals,over,41.5,-111,1.9,2026-07-20T19:10:03.882Z,-143,120,-2.5,2.5,-116,-105,41.5,-111,-111
71515766,2026-09-13T17:00:00Z,Pittsburgh Steelers,Atlanta Falcons,DraftKings,totals,under,41.5,-111,1.9,2026-07-20T19:10:03.882Z,-143,120,-2.5,2.5,-116,-105,41.5,-111,-111
71515778,2026-09-20T17:00:00Z,Atlanta Falcons,Carolina Panthers,DraftKings,h2h,home,,-119,1.84,2026-07-17T14:56:51.092Z,-119,-102,-1.5,1.5,-105,-116,43.5,-111,-111
71515778,2026-09-20T17:00:00Z,Atlanta Falcons,Carolina Panthers,DraftKings,h2h,away,,-102,1.98,2026-07-17T14:56:51.092Z,-119,-102,-1.5,1.5,-105,-116,43.5,-111,-111
71515778,2026-09-20T17:00:00Z,Atlanta Falcons,Carolina Panthers,DraftKings,spreads,home,-1.5,-105,1.95,2026-07-06T11:11:47.796Z,-119,-102,-1.5,1.5,-105,-116,43.5,-111,-111
71515778,2026-09-20T17:00:00Z,Atlanta Falcons,Carolina Panthers,DraftKings,spreads,away,1.5,-116,1.86,2026-07-06T11:11:47.796Z,-119,-102,-1.5,1.5,-105,-116,43.5,-111,-111
71515778,2026-09-20T17:00:00Z,Atlanta Falcons,Carolina Panthers,DraftKings,totals,over,43.5,-111,1.9,2026-07-06T11:11:47.796Z,-119,-102,-1.5,1.5,-105,-116,43.5,-111,-111
71515778,2026-09-20T17:00:00Z,Atlanta Falcons,Carolina Panthers,DraftKings,totals,under,43.5,-111,1.9,2026-07-06T11:11:47.796Z,-119,-102,-1.5,1.5,-105,-116,43.5,-111,-111
71515782,2026-09-20T17:00:00Z,Chicago Bears,Minnesota Vikings,DraftKings,h2h,home,,-182,1.55,2026-07-07T14:21:22.736Z,-182,150,-3.5,3.5,-105,-116,45.5,-111,-111
71515782,2026-09-20T17:00:00Z,Chicago Bears,Minnesota Vikings,DraftKings,h2h,away,,150,2.5,2026-07-07T14:21:22.736Z,-182,150,-3.5,3.5,-105,-116,45.5,-111,-111
71515782,2026-09-20T17:00:00Z,Chicago Bears,Minnesota Vikings,DraftKings,spreads,home,-3.5,-105,1.95,2026-07-06T11:11:47.796Z,-182,150,-3.5,3.5,-105,-116,45.5,-111,-111
71515782,2026-09-20T17:00:00Z,Chicago Bears,Minnesota Vikings,DraftKings,spreads,away,3.5,-116,1.86,2026-07-06T11:11:47.796Z,-182,150,-3.5,3.5,-105,-116,45.5,-111,-111
71515782,2026-09-20T17:00:00Z,Chicago Bears,Minnesota Vikings,DraftKings,totals,over,45.5,-111,1.9,2026-07-06T11:11:47.796Z,-182,150,-3.5,3.5,-105,-116,45.5,-111,-111
71515782,2026-09-20T17:00:00Z,Chicago Bears,Minnesota Vikings,DraftKings,totals,under,45.5,-111,1.9,2026-07-06T11:11:47.796Z,-182,150,-3.5,3.5,-105,-116,45.5,-111,-111
71515774,2026-09-13T20:25:00Z,Minnesota Vikings,Green Bay Packers,DraftKings,h2h,home,,-105,1.95,2026-07-20T19:06:47.998Z,-105,-116,1.5,-1.5,-120,100,45.5,-111,-111
71515774,2026-09-13T20:25:00Z,Minnesota Vikings,Green Bay Packers,DraftKings,h2h,away,,-116,1.86,2026-07-20T19:06:47.998Z,-105,-116,1.5,-1.5,-120,100,45.5,-111,-111
71515774,2026-09-13T20:25:00Z,Minnesota Vikings,Green Bay Packers,DraftKings,spreads,home,1.5,-120,1.83,2026-07-20T19:06:47.998Z,-105,-116,1.5,-1.5,-120,100,45.5,-111,-111
71515774,2026-09-13T20:25:00Z,Minnesota Vikings,Green Bay Packers,DraftKings,spreads,away,-1.5,100,2,2026-07-20T19:06:47.998Z,-105,-116,1.5,-1.5,-120,100,45.5,-111,-111
71515774,2026-09-13T20:25:00Z,Minnesota Vikings,Green Bay Packers,DraftKings,totals,over,45.5,-111,1.9,2026-07-20T19:06:47.998Z,-105,-116,1.5,-1.5,-120,100,45.5,-111,-111
71515774,2026-09-13T20:25:00Z,Minnesota Vikings,Green Bay Packers,DraftKings,totals,under,45.5,-111,1.9,2026-07-20T19:06:47.998Z,-105,-116,1.5,-1.5,-120,100,45.5,-111,-111
71515776,2026-09-13T20:25:00Z,Philadelphia Eagles,Washington Commanders,DraftKings,h2h,home,,-222,1.45,2026-07-20T19:06:05.22Z,-222,180,-4.5,4.5,-111,-111,47.5,-111,-111
71515776,2026-09-13T20:25:00Z,Philadelphia Eagles,Washington Commanders,DraftKings,h2h,away,,180,2.8,2026-07-20T19:06:05.22Z,-222,180,-4.5,4.5,-111,-111,47.5,-111,-111
71515776,2026-09-13T20:25:00Z,Philadelphia Eagles,Washington Commanders,DraftKings,spreads,home,-4.5,-111,1.9,2026-07-20T19:06:05.22Z,-222,180,-4.5,4.5,-111,-111,47.5,-111,-111
71515776,2026-09-13T20:25:00Z,Philadelphia Eagles,Washington Commanders,DraftKings,spreads,away,4.5,-111,1.9,2026-07-20T19:06:05.22Z,-222,180,-4.5,4.5,-111,-111,47.5,-111,-111
71515776,2026-09-13T20:25:00Z,Philadelphia Eagles,Washington Commanders,DraftKings,totals,over,47.5,-111,1.9,2026-07-20T19:06:05.22Z,-222,180,-4.5,4.5,-111,-111,47.5,-111,-111
71515776,2026-09-13T20:25:00Z,Philadelphia Eagles,Washington Commanders,DraftKings,totals,under,47.5,-111,1.9,2026-07-20T19:06:05.22Z,-222,180,-4.5,4.5,-111,-111,47.5,-111,-111
71466824,2026-09-18T00:15:00Z,Buffalo Bills,Detroit Lions,DraftKings,h2h,home,,-156,1.64,2026-07-15T20:13:50.858Z,-156,130,-3,3,-111,-111,52.5,-111,-111
71466824,2026-09-18T00:15:00Z,Buffalo Bills,Detroit Lions,DraftKings,h2h,away,,130,2.3,2026-07-15T20:13:50.858Z,-156,130,-3,3,-111,-111,52.5,-111,-111
71466824,2026-09-18T00:15:00Z,Buffalo Bills,Detroit Lions,DraftKings,spreads,home,-3,-111,1.9,2026-07-06T11:11:47.796Z,-156,130,-3,3,-111,-111,52.5,-111,-111
71466824,2026-09-18T00:15:00Z,Buffalo Bills,Detroit Lions,DraftKings,spreads,away,3,-111,1.9,2026-07-06T11:11:47.796Z,-156,130,-3,3,-111,-111,52.5,-111,-111
71466824,2026-09-18T00:15:00Z,Buffalo Bills,Detroit Lions,DraftKings,totals,over,52.5,-111,1.9,2026-07-06T11:11:47.796Z,-156,130,-3,3,-111,-111,52.5,-111,-111
71466824,2026-09-18T00:15:00Z,Buffalo Bills,Detroit Lions,DraftKings,totals,under,52.5,-111,1.9,2026-07-06T11:11:47.796Z,-156,130,-3,3,-111,-111,52.5,-111,-111
71515780,2026-09-20T17:00:00Z,Baltimore Ravens,New Orleans Saints,DraftKings,h2h,home,,-370,1.27,2026-07-17T19:39:55.54Z,-370,285,-7.5,7.5,-112,-109,46.5,-111,-111
71515780,2026-09-20T17:00:00Z,Baltimore Ravens,New Orleans Saints,DraftKings,h2h,away,,285,3.85,2026-07-17T19:39:55.54Z,-370,285,-7.5,7.5,-112,-109,46.5,-111,-111
71515780,2026-09-20T17:00:00Z,Baltimore Ravens,New Orleans Saints,DraftKings,spreads,home,-7.5,-112,1.89,2026-07-06T11:11:47.796Z,-370,285,-7.5,7.5,-112,-109,46.5,-111,-111
71515780,2026-09-20T17:00:00Z,Baltimore Ravens,New Orleans Saints,DraftKings,spreads,away,7.5,-109,1.92,2026-07-06T11:11:47.796Z,-370,285,-7.5,7.5,-112,-109,46.5,-111,-111
71515780,2026-09-20T17:00:00Z,Baltimore Ravens,New Orleans Saints,DraftKings,totals,over,46.5,-111,1.9,2026-07-06T11:11:47.796Z,-370,285,-7.5,7.5,-112,-109,46.5,-111,-111
71515780,2026-09-20T17:00:00Z,Baltimore Ravens,New Orleans Saints,DraftKings,totals,under,46.5,-111,1.9,2026-07-06T11:11:47.796Z,-370,285,-7.5,7.5,-112,-109,46.5,-111,-111
71515770,2026-09-13T20:25:00Z,Los Angeles Chargers,Arizona Cardinals,DraftKings,h2h,home,,-588,1.17,2026-07-20T19:08:39.445Z,-588,425,-10.5,10.5,-111,-111,46.5,-111,-111
71515770,2026-09-13T20:25:00Z,Los Angeles Chargers,Arizona Cardinals,DraftKings,h2h,away,,425,5.25,2026-07-20T19:08:39.445Z,-588,425,-10.5,10.5,-111,-111,46.5,-111,-111
71515770,2026-09-13T20:25:00Z,Los Angeles Chargers,Arizona Cardinals,DraftKings,spreads,home,-10.5,-111,1.9,2026-07-20T19:08:39.445Z,-588,425,-10.5,10.5,-111,-111,46.5,-111,-111
71515770,2026-09-13T20:25:00Z,Los Angeles Chargers,Arizona Cardinals,DraftKings,spreads,away,10.5,-111,1.9,2026-07-20T19:08:39.445Z,-588,425,-10.5,10.5,-111,-111,46.5,-111,-111
71515770,2026-09-13T20:25:00Z,Los Angeles Chargers,Arizona Cardinals,DraftKings,totals,over,46.5,-111,1.9,2026-07-20T19:08:39.445Z,-588,425,-10.5,10.5,-111,-111,46.5,-111,-111
71515770,2026-09-13T20:25:00Z,Los Angeles Chargers,Arizona Cardinals,DraftKings,totals,under,46.5,-111,1.9,2026-07-20T19:08:39.445Z,-588,425,-10.5,10.5,-111,-111,46.5,-111,-111
71515772,2026-09-13T20:25:00Z,Las Vegas Raiders,Miami Dolphins,DraftKings,h2h,home,,-200,1.5,2026-07-20T19:08:39.445Z,-200,164,-3.5,3.5,-111,-111,40.5,-111,-111
71515772,2026-09-13T20:25:00Z,Las Vegas Raiders,Miami Dolphins,DraftKings,h2h,away,,164,2.64,2026-07-20T19:08:39.445Z,-200,164,-3.5,3.5,-111,-111,40.5,-111,-111
71515772,2026-09-13T20:25:00Z,Las Vegas Raiders,Miami Dolphins,DraftKings,spreads,home,-3.5,-111,1.9,2026-07-20T19:08:39.445Z,-200,164,-3.5,3.5,-111,-111,40.5,-111,-111
71515772,2026-09-13T20:25:00Z,Las Vegas Raiders,Miami Dolphins,DraftKings,spreads,away,3.5,-111,1.9,2026-07-20T19:08:39.445Z,-200,164,-3.5,3.5,-111,-111,40.5,-111,-111
71515772,2026-09-13T20:25:00Z,Las Vegas Raiders,Miami Dolphins,DraftKings,totals,over,40.5,-111,1.9,2026-07-20T19:08:39.445Z,-200,164,-3.5,3.5,-111,-111,40.5,-111,-111
71515772,2026-09-13T20:25:00Z,Las Vegas Raiders,Miami Dolphins,DraftKings,totals,under,40.5,-111,1.9,2026-07-20T19:08:39.445Z,-200,164,-3.5,3.5,-111,-111,40.5,-111,-111
71445306,2026-09-14T00:20:00Z,New York Giants,Dallas Cowboys,DraftKings,h2h,home,,124,2.24,2026-07-20T19:05:05.275Z,124,-149,2.5,-2.5,-111,-111,42.5,-111,-111
71445306,2026-09-14T00:20:00Z,New York Giants,Dallas Cowboys,DraftKings,h2h,away,,-149,1.67,2026-07-20T19:05:05.275Z,124,-149,2.5,-2.5,-111,-111,42.5,-111,-111
71445306,2026-09-14T00:20:00Z,New York Giants,Dallas Cowboys,DraftKings,spreads,home,2.5,-111,1.9,2026-07-07T17:32:36.191Z,124,-149,2.5,-2.5,-111,-111,42.5,-111,-111
71445306,2026-09-14T00:20:00Z,New York Giants,Dallas Cowboys,DraftKings,spreads,away,-2.5,-111,1.9,2026-07-07T17:32:36.191Z,124,-149,2.5,-2.5,-111,-111,42.5,-111,-111
71445306,2026-09-14T00:20:00Z,New York Giants,Dallas Cowboys,DraftKings,totals,over,42.5,-111,1.9,2026-07-20T19:05:05.275Z,124,-149,2.5,-2.5,-111,-111,42.5,-111,-111
71445306,2026-09-14T00:20:00Z,New York Giants,Dallas Cowboys,DraftKings,totals,under,42.5,-111,1.9,2026-07-20T19:05:05.275Z,124,-149,2.5,-2.5,-111,-111,42.5,-111,-111
71474268,2026-09-15T00:15:00Z,Kansas City Chiefs,Denver Broncos,DraftKings,h2h,home,,-143,1.7,2026-07-20T18:22:33.212Z,-143,120,-2.5,2.5,-116,-105,42.5,-111,-111
71474268,2026-09-15T00:15:00Z,Kansas City Chiefs,Denver Broncos,DraftKings,h2h,away,,120,2.2,2026-07-20T18:22:33.212Z,-143,120,-2.5,2.5,-116,-105,42.5,-111,-111
71474268,2026-09-15T00:15:00Z,Kansas City Chiefs,Denver Broncos,DraftKings,spreads,home,-2.5,-116,1.86,2026-07-12T21:17:30.776Z,-143,120,-2.5,2.5,-116,-105,42.5,-111,-111
71474268,2026-09-15T00:15:00Z,Kansas City Chiefs,Denver Broncos,DraftKings,spreads,away,2.5,-105,1.95,2026-07-12T21:17:30.776Z,-143,120,-2.5,2.5,-116,-105,42.5,-111,-111
71474268,2026-09-15T00:15:00Z,Kansas City Chiefs,Denver Broncos,DraftKings,totals,over,42.5,-111,1.9,2026-07-06T11:11:47.796Z,-143,120,-2.5,2.5,-116,-105,42.5,-111,-111
71474268,2026-09-15T00:15:00Z,Kansas City Chiefs,Denver Broncos,DraftKings,totals,under,42.5,-111,1.9,2026-07-06T11:11:47.796Z,-143,120,-2.5,2.5,-116,-105,42.5,-111,-111
71515792,2026-09-20T17:00:00Z,Tennessee Titans,Philadelphia Eagles,DraftKings,h2h,home,,180,2.8,2026-07-06T11:11:47.796Z,180,-222,4.5,-4.5,-111,-111,42.5,-111,-111
71515792,2026-09-20T17:00:00Z,Tennessee Titans,Philadelphia Eagles,DraftKings,h2h,away,,-222,1.45,2026-07-06T11:11:47.796Z,180,-222,4.5,-4.5,-111,-111,42.5,-111,-111
71515792,2026-09-20T17:00:00Z,Tennessee Titans,Philadelphia Eagles,DraftKings,spreads,home,4.5,-111,1.9,2026-07-06T11:11:47.796Z,180,-222,4.5,-4.5,-111,-111,42.5,-111,-111
71515792,2026-09-20T17:00:00Z,Tennessee Titans,Philadelphia Eagles,DraftKings,spreads,away,-4.5,-111,1.9,2026-07-06T11:11:47.796Z,180,-222,4.5,-4.5,-111,-111,42.5,-111,-111
71515792,2026-09-20T17:00:00Z,Tennessee Titans,Philadelphia Eagles,DraftKings,totals,over,42.5,-111,1.9,2026-07-06T11:11:47.796Z,180,-222,4.5,-4.5,-111,-111,42.5,-111,-111
71515792,2026-09-20T17:00:00Z,Tennessee Titans,Philadelphia Eagles,DraftKings,totals,under,42.5,-111,1.9,2026-07-06T11:11:47.796Z,180,-222,4.5,-4.5,-111,-111,42.5,-111,-111
71515794,2026-09-20T20:05:00Z,Denver Broncos,Jacksonville Jaguars,DraftKings,h2h,home,,-149,1.67,2026-07-06T11:11:47.796Z,-149,124,-3,3,-102,-119,43.5,-111,-111
71515794,2026-09-20T20:05:00Z,Denver Broncos,Jacksonville Jaguars,DraftKings,h2h,away,,124,2.24,2026-07-06T11:11:47.796Z,-149,124,-3,3,-102,-119,43.5,-111,-111
71515794,2026-09-20T20:05:00Z,Denver Broncos,Jacksonville Jaguars,DraftKings,spreads,home,-3,-102,1.98,2026-07-17T00:02:37.474Z,-149,124,-3,3,-102,-119,43.5,-111,-111
71515794,2026-09-20T20:05:00Z,Denver Broncos,Jacksonville Jaguars,DraftKings,spreads,away,3,-119,1.84,2026-07-17T00:02:37.474Z,-149,124,-3,3,-102,-119,43.5,-111,-111
71515794,2026-09-20T20:05:00Z,Denver Broncos,Jacksonville Jaguars,DraftKings,totals,over,43.5,-111,1.9,2026-07-06T11:11:47.796Z,-149,124,-3,3,-102,-119,43.5,-111,-111
71515794,2026-09-20T20:05:00Z,Denver Broncos,Jacksonville Jaguars,DraftKings,totals,under,43.5,-111,1.9,2026-07-06T11:11:47.796Z,-149,124,-3,3,-102,-119,43.5,-111,-111
71515796,2026-09-20T20:05:00Z,Los Angeles Chargers,Las Vegas Raiders,DraftKings,h2h,home,,-435,1.23,2026-07-06T11:11:47.796Z,-435,330,-8.5,8.5,-111,-111,42.5,-111,-111
71515796,2026-09-20T20:05:00Z,Los Angeles Chargers,Las Vegas Raiders,DraftKings,h2h,away,,330,4.3,2026-07-06T11:11:47.796Z,-435,330,-8.5,8.5,-111,-111,42.5,-111,-111
71515796,2026-09-20T20:05:00Z,Los Angeles Chargers,Las Vegas Raiders,DraftKings,spreads,home,-8.5,-111,1.9,2026-07-06T11:11:47.796Z,-435,330,-8.5,8.5,-111,-111,42.5,-111,-111
71515796,2026-09-20T20:05:00Z,Los Angeles Chargers,Las Vegas Raiders,DraftKings,spreads,away,8.5,-111,1.9,2026-07-06T11:11:47.796Z,-435,330,-8.5,8.5,-111,-111,42.5,-111,-111
71515796,2026-09-20T20:05:00Z,Los Angeles Chargers,Las Vegas Raiders,DraftKings,totals,over,42.5,-111,1.9,2026-07-06T11:11:47.796Z,-435,330,-8.5,8.5,-111,-111,42.5,-111,-111
71515796,2026-09-20T20:05:00Z,Los Angeles Chargers,Las Vegas Raiders,DraftKings,totals,under,42.5,-111,1.9,2026-07-06T11:11:47.796Z,-435,330,-8.5,8.5,-111,-111,42.5,-111,-111
71515798,2026-09-20T20:25:00Z,Arizona Cardinals,Seattle Seahawks,DraftKings,h2h,home,,370,4.7,2026-07-17T15:50:15.649Z,370,-500,10,-10,-111,-111,44.5,-111,-111
71515798,2026-09-20T20:25:00Z,Arizona Cardinals,Seattle Seahawks,DraftKings,h2h,away,,-500,1.2,2026-07-17T15:50:15.649Z,370,-500,10,-10,-111,-111,44.5,-111,-111
71515798,2026-09-20T20:25:00Z,Arizona Cardinals,Seattle Seahawks,DraftKings,spreads,home,10,-111,1.9,2026-07-06T11:11:47.796Z,370,-500,10,-10,-111,-111,44.5,-111,-111
71515798,2026-09-20T20:25:00Z,Arizona Cardinals,Seattle Seahawks,DraftKings,spreads,away,-10,-111,1.9,2026-07-06T11:11:47.796Z,370,-500,10,-10,-111,-111,44.5,-111,-111
71515798,2026-09-20T20:25:00Z,Arizona Cardinals,Seattle Seahawks,DraftKings,totals,over,44.5,-111,1.9,2026-07-06T11:11:47.796Z,370,-500,10,-10,-111,-111,44.5,-111,-111
71515798,2026-09-20T20:25:00Z,Arizona Cardinals,Seattle Seahawks,DraftKings,totals,under,44.5,-111,1.9,2026-07-06T11:11:47.796Z,370,-500,10,-10,-111,-111,44.5,-111,-111
71515800,2026-09-20T20:25:00Z,Dallas Cowboys,Washington Commanders,DraftKings,h2h,home,,-208,1.48,2026-07-06T11:11:47.796Z,-208,170,-4.5,4.5,-105,-116,51.5,-111,-111
71515800,2026-09-20T20:25:00Z,Dallas Cowboys,Washington Commanders,DraftKings,h2h,away,,170,2.7,2026-07-06T11:11:47.796Z,-208,170,-4.5,4.5,-105,-116,51.5,-111,-111
71515800,2026-09-20T20:25:00Z,Dallas Cowboys,Washington Commanders,DraftKings,spreads,home,-4.5,-105,1.95,2026-07-06T11:11:47.796Z,-208,170,-4.5,4.5,-105,-116,51.5,-111,-111
71515800,2026-09-20T20:25:00Z,Dallas Cowboys,Washington Commanders,DraftKings,spreads,away,4.5,-116,1.86,2026-07-06T11:11:47.796Z,-208,170,-4.5,4.5,-105,-116,51.5,-111,-111
71515800,2026-09-20T20:25:00Z,Dallas Cowboys,Washington Commanders,DraftKings,totals,over,51.5,-111,1.9,2026-07-06T11:11:47.796Z,-208,170,-4.5,4.5,-105,-116,51.5,-111,-111
71515800,2026-09-20T20:25:00Z,Dallas Cowboys,Washington Commanders,DraftKings,totals,under,51.5,-111,1.9,2026-07-06T11:11:47.796Z,-208,170,-4.5,4.5,-105,-116,51.5,-111,-111
71515784,2026-09-20T17:00:00Z,Houston Texans,Cincinnati Bengals,DraftKings,h2h,home,,-135,1.74,2026-07-06T11:11:47.796Z,-135,114,-2.5,2.5,-111,-111,46.5,-111,-111
71515784,2026-09-20T17:00:00Z,Houston Texans,Cincinnati Bengals,DraftKings,h2h,away,,114,2.14,2026-07-06T11:11:47.796Z,-135,114,-2.5,2.5,-111,-111,46.5,-111,-111
71515784,2026-09-20T17:00:00Z,Houston Texans,Cincinnati Bengals,DraftKings,spreads,home,-2.5,-111,1.9,2026-07-06T11:11:47.796Z,-135,114,-2.5,2.5,-111,-111,46.5,-111,-111
71515784,2026-09-20T17:00:00Z,Houston Texans,Cincinnati Bengals,DraftKings,spreads,away,2.5,-111,1.9,2026-07-06T11:11:47.796Z,-135,114,-2.5,2.5,-111,-111,46.5,-111,-111
71515784,2026-09-20T17:00:00Z,Houston Texans,Cincinnati Bengals,DraftKings,totals,over,46.5,-111,1.9,2026-07-06T11:11:47.796Z,-135,114,-2.5,2.5,-111,-111,46.5,-111,-111
71515784,2026-09-20T17:00:00Z,Houston Texans,Cincinnati Bengals,DraftKings,totals,under,46.5,-111,1.9,2026-07-06T11:11:47.796Z,-135,114,-2.5,2.5,-111,-111,46.5,-111,-111
71515786,2026-09-20T17:00:00Z,New England Patriots,Pittsburgh Steelers,DraftKings,h2h,home,,-227,1.44,2026-07-06T17:28:39.698Z,-227,185,-4.5,4.5,-109,-112,43.5,-111,-111
71515786,2026-09-20T17:00:00Z,New England Patriots,Pittsburgh Steelers,DraftKings,h2h,away,,185,2.85,2026-07-06T17:28:39.698Z,-227,185,-4.5,4.5,-109,-112,43.5,-111,-111
71515786,2026-09-20T17:00:00Z,New England Patriots,Pittsburgh Steelers,DraftKings,spreads,home,-4.5,-109,1.92,2026-07-06T11:11:47.796Z,-227,185,-4.5,4.5,-109,-112,43.5,-111,-111
71515786,2026-09-20T17:00:00Z,New England Patriots,Pittsburgh Steelers,DraftKings,spreads,away,4.5,-112,1.89,2026-07-06T11:11:47.796Z,-227,185,-4.5,4.5,-109,-112,43.5,-111,-111
71515786,2026-09-20T17:00:00Z,New England Patriots,Pittsburgh Steelers,DraftKings,totals,over,43.5,-111,1.9,2026-07-06T11:11:47.796Z,-227,185,-4.5,4.5,-109,-112,43.5,-111,-111
71515786,2026-09-20T17:00:00Z,New England Patriots,Pittsburgh Steelers,DraftKings,totals,under,43.5,-111,1.9,2026-07-06T11:11:47.796Z,-227,185,-4.5,4.5,-109,-112,43.5,-111,-111
71515790,2026-09-20T17:00:00Z,Tampa Bay Buccaneers,Cleveland Browns,DraftKings,h2h,home,,-286,1.35,2026-07-17T16:33:56.124Z,-286,225,-6.5,6.5,-111,-111,42.5,-111,-111
71515790,2026-09-20T17:00:00Z,Tampa Bay Buccaneers,Cleveland Browns,DraftKings,h2h,away,,225,3.25,2026-07-17T16:33:56.124Z,-286,225,-6.5,6.5,-111,-111,42.5,-111,-111
71515790,2026-09-20T17:00:00Z,Tampa Bay Buccaneers,Cleveland Browns,DraftKings,spreads,home,-6.5,-111,1.9,2026-07-06T11:11:47.796Z,-286,225,-6.5,6.5,-111,-111,42.5,-111,-111
71515790,2026-09-20T17:00:00Z,Tampa Bay Buccaneers,Cleveland Browns,DraftKings,spreads,away,6.5,-111,1.9,2026-07-06T11:11:47.796Z,-286,225,-6.5,6.5,-111,-111,42.5,-111,-111
71515790,2026-09-20T17:00:00Z,Tampa Bay Buccaneers,Cleveland Browns,DraftKings,totals,over,42.5,-111,1.9,2026-07-06T11:11:47.796Z,-286,225,-6.5,6.5,-111,-111,42.5,-111,-111
71515790,2026-09-20T17:00:00Z,Tampa Bay Buccaneers,Cleveland Browns,DraftKings,totals,under,42.5,-111,1.9,2026-07-06T11:11:47.796Z,-286,225,-6.5,6.5,-111,-111,42.5,-111,-111
71515802,2026-09-20T20:25:00Z,San Francisco 49ers,Miami Dolphins,DraftKings,h2h,home,,-526,1.19,2026-07-17T21:46:31.703Z,-526,390,-10.5,10.5,-111,-111,46.5,-111,-111
71515802,2026-09-20T20:25:00Z,San Francisco 49ers,Miami Dolphins,DraftKings,h2h,away,,390,4.9,2026-07-17T21:46:31.703Z,-526,390,-10.5,10.5,-111,-111,46.5,-111,-111
71515802,2026-09-20T20:25:00Z,San Francisco 49ers,Miami Dolphins,DraftKings,spreads,home,-10.5,-111,1.9,2026-07-06T11:11:47.796Z,-526,390,-10.5,10.5,-111,-111,46.5,-111,-111
71515802,2026-09-20T20:25:00Z,San Francisco 49ers,Miami Dolphins,DraftKings,spreads,away,10.5,-111,1.9,2026-07-06T11:11:47.796Z,-526,390,-10.5,10.5,-111,-111,46.5,-111,-111
71515802,2026-09-20T20:25:00Z,San Francisco 49ers,Miami Dolphins,DraftKings,totals,over,46.5,-111,1.9,2026-07-06T11:11:47.796Z,-526,390,-10.5,10.5,-111,-111,46.5,-111,-111
71515802,2026-09-20T20:25:00Z,San Francisco 49ers,Miami Dolphins,DraftKings,totals,under,46.5,-111,1.9,2026-07-06T11:11:47.796Z,-526,390,-10.5,10.5,-111,-111,46.5,-111,-111
71515788,2026-09-20T17:00:00Z,New York Jets,Green Bay Packers,DraftKings,h2h,home,,210,3.1,2026-07-17T16:52:11.324Z,210,-263,6,-6,-111,-111,42.5,-111,-111
71515788,2026-09-20T17:00:00Z,New York Jets,Green Bay Packers,DraftKings,h2h,away,,-263,1.38,2026-07-17T16:52:11.324Z,210,-263,6,-6,-111,-111,42.5,-111,-111
71515788,2026-09-20T17:00:00Z,New York Jets,Green Bay Packers,DraftKings,spreads,home,6,-111,1.9,2026-07-06T11:11:47.796Z,210,-263,6,-6,-111,-111,42.5,-111,-111
71515788,2026-09-20T17:00:00Z,New York Jets,Green Bay Packers,DraftKings,spreads,away,-6,-111,1.9,2026-07-06T11:11:47.796Z,210,-263,6,-6,-111,-111,42.5,-111,-111
71515788,2026-09-20T17:00:00Z,New York Jets,Green Bay Packers,DraftKings,totals,over,42.5,-111,1.9,2026-07-06T11:11:47.796Z,210,-263,6,-6,-111,-111,42.5,-111,-111
71515788,2026-09-20T17:00:00Z,New York Jets,Green Bay Packers,DraftKings,totals,under,42.5,-111,1.9,2026-07-06T11:11:47.796Z,210,-263,6,-6,-111,-111,42.5,-111,-111
71515804,2026-09-21T00:20:00Z,Kansas City Chiefs,Indianapolis Colts,DraftKings,h2h,home,,-270,1.37,2026-07-07T14:23:26.226Z,-270,215,-6,6,-111,-111,47.5,-111,-111
71515804,2026-09-21T00:20:00Z,Kansas City Chiefs,Indianapolis Colts,DraftKings,h2h,away,,215,3.15,2026-07-07T14:23:26.226Z,-270,215,-6,6,-111,-111,47.5,-111,-111
71515804,2026-09-21T00:20:00Z,Kansas City Chiefs,Indianapolis Colts,DraftKings,spreads,home,-6,-111,1.9,2026-07-06T11:11:47.796Z,-270,215,-6,6,-111,-111,47.5,-111,-111
71515804,2026-09-21T00:20:00Z,Kansas City Chiefs,Indianapolis Colts,DraftKings,spreads,away,6,-111,1.9,2026-07-06T11:11:47.796Z,-270,215,-6,6,-111,-111,47.5,-111,-111
71515804,2026-09-21T00:20:00Z,Kansas City Chiefs,Indianapolis Colts,DraftKings,totals,over,47.5,-111,1.9,2026-07-06T11:11:47.796Z,-270,215,-6,6,-111,-111,47.5,-111,-111
71515804,2026-09-21T00:20:00Z,Kansas City Chiefs,Indianapolis Colts,DraftKings,totals,under,47.5,-111,1.9,2026-07-06T11:11:47.796Z,-270,215,-6,6,-111,-111,47.5,-111,-111
71515806,2026-09-22T00:15:00Z,Los Angeles Rams,New York Giants,DraftKings,h2h,home,,-400,1.25,2026-07-17T19:54:42.285Z,-400,310,-9.5,9.5,-109,-112,47.5,-111,-111
71515806,2026-09-22T00:15:00Z,Los Angeles Rams,New York Giants,DraftKings,h2h,away,,310,4.1,2026-07-17T19:54:42.285Z,-400,310,-9.5,9.5,-109,-112,47.5,-111,-111
71515806,2026-09-22T00:15:00Z,Los Angeles Rams,New York Giants,DraftKings,spreads,home,-9.5,-109,1.92,2026-07-06T11:11:47.796Z,-400,310,-9.5,9.5,-109,-112,47.5,-111,-111
71515806,2026-09-22T00:15:00Z,Los Angeles Rams,New York Giants,DraftKings,spreads,away,9.5,-112,1.89,2026-07-06T11:11:47.796Z,-400,310,-9.5,9.5,-109,-112,47.5,-111,-111
71515806,2026-09-22T00:15:00Z,Los Angeles Rams,New York Giants,DraftKings,totals,over,47.5,-111,1.9,2026-07-06T11:11:47.796Z,-400,310,-9.5,9.5,-109,-112,47.5,-111,-111
71515806,2026-09-22T00:15:00Z,Los Angeles Rams,New York Giants,DraftKings,totals,under,47.5,-111,1.9,2026-07-06T11:11:47.796Z,-400,310,-9.5,9.5,-109,-112,47.5,-111,-111
71515812,2026-09-27T17:00:00Z,Cleveland Browns,Carolina Panthers,DraftKings,h2h,home,,114,2.14,2026-07-06T11:11:47.796Z,114,-135,2.5,-2.5,-112,-109,40.5,-111,-111
71515812,2026-09-27T17:00:00Z,Cleveland Browns,Carolina Panthers,DraftKings,h2h,away,,-135,1.74,2026-07-06T11:11:47.796Z,114,-135,2.5,-2.5,-112,-109,40.5,-111,-111
71515812,2026-09-27T17:00:00Z,Cleveland Browns,Carolina Panthers,DraftKings,spreads,home,2.5,-112,1.89,2026-07-06T11:11:47.796Z,114,-135,2.5,-2.5,-112,-109,40.5,-111,-111
71515812,2026-09-27T17:00:00Z,Cleveland Browns,Carolina Panthers,DraftKings,spreads,away,-2.5,-109,1.92,2026-07-06T11:11:47.796Z,114,-135,2.5,-2.5,-112,-109,40.5,-111,-111
71515812,2026-09-27T17:00:00Z,Cleveland Browns,Carolina Panthers,DraftKings,totals,over,40.5,-111,1.9,2026-07-06T11:11:47.796Z,114,-135,2.5,-2.5,-112,-109,40.5,-111,-111
71515812,2026-09-27T17:00:00Z,Cleveland Browns,Carolina Panthers,DraftKings,totals,under,40.5,-111,1.9,2026-07-06T11:11:47.796Z,114,-135,2.5,-2.5,-112,-109,40.5,-111,-111
71515818,2026-09-27T17:00:00Z,Detroit Lions,New York Jets,DraftKings,h2h,home,,-455,1.22,2026-07-07T14:19:55.379Z,-455,340,-9.5,9.5,-111,-111,45.5,-111,-111
71515818,2026-09-27T17:00:00Z,Detroit Lions,New York Jets,DraftKings,h2h,away,,340,4.4,2026-07-07T14:19:55.379Z,-455,340,-9.5,9.5,-111,-111,45.5,-111,-111
71515818,2026-09-27T17:00:00Z,Detroit Lions,New York Jets,DraftKings,spreads,home,-9.5,-111,1.9,2026-07-06T11:11:47.796Z,-455,340,-9.5,9.5,-111,-111,45.5,-111,-111
71515818,2026-09-27T17:00:00Z,Detroit Lions,New York Jets,DraftKings,spreads,away,9.5,-111,1.9,2026-07-06T11:11:47.796Z,-455,340,-9.5,9.5,-111,-111,45.5,-111,-111
71515818,2026-09-27T17:00:00Z,Detroit Lions,New York Jets,DraftKings,totals,over,45.5,-111,1.9,2026-07-06T11:11:47.796Z,-455,340,-9.5,9.5,-111,-111,45.5,-111,-111
71515818,2026-09-27T17:00:00Z,Detroit Lions,New York Jets,DraftKings,totals,under,45.5,-111,1.9,2026-07-06T11:11:47.796Z,-455,340,-9.5,9.5,-111,-111,45.5,-111,-111
71515822,2026-09-27T17:00:00Z,Jacksonville Jaguars,New England Patriots,DraftKings,h2h,home,,-119,1.84,2026-07-06T11:11:47.796Z,-119,-102,-1.5,1.5,-105,-116,45.5,-111,-111
71515822,2026-09-27T17:00:00Z,Jacksonville Jaguars,New England Patriots,DraftKings,h2h,away,,-102,1.98,2026-07-06T11:11:47.796Z,-119,-102,-1.5,1.5,-105,-116,45.5,-111,-111
71515822,2026-09-27T17:00:00Z,Jacksonville Jaguars,New England Patriots,DraftKings,spreads,home,-1.5,-105,1.95,2026-07-06T11:11:47.796Z,-119,-102,-1.5,1.5,-105,-116,45.5,-111,-111
71515822,2026-09-27T17:00:00Z,Jacksonville Jaguars,New England Patriots,DraftKings,spreads,away,1.5,-116,1.86,2026-07-06T11:11:47.796Z,-119,-102,-1.5,1.5,-105,-116,45.5,-111,-111
71515822,2026-09-27T17:00:00Z,Jacksonville Jaguars,New England Patriots,DraftKings,totals,over,45.5,-111,1.9,2026-07-06T11:11:47.796Z,-119,-102,-1.5,1.5,-105,-116,45.5,-111,-111
71515822,2026-09-27T17:00:00Z,Jacksonville Jaguars,New England Patriots,DraftKings,totals,under,45.5,-111,1.9,2026-07-06T11:11:47.796Z,-119,-102,-1.5,1.5,-105,-116,45.5,-111,-111
71515824,2026-09-27T17:00:00Z,Miami Dolphins,Kansas City Chiefs,DraftKings,h2h,home,,270,3.7,2026-07-06T11:11:47.796Z,270,-345,7,-7,-105,-116,44.5,-111,-111
71515824,2026-09-27T17:00:00Z,Miami Dolphins,Kansas City Chiefs,DraftKings,h2h,away,,-345,1.29,2026-07-06T11:11:47.796Z,270,-345,7,-7,-105,-116,44.5,-111,-111
71515824,2026-09-27T17:00:00Z,Miami Dolphins,Kansas City Chiefs,DraftKings,spreads,home,7,-105,1.95,2026-07-06T11:11:47.796Z,270,-345,7,-7,-105,-116,44.5,-111,-111
71515824,2026-09-27T17:00:00Z,Miami Dolphins,Kansas City Chiefs,DraftKings,spreads,away,-7,-116,1.86,2026-07-06T11:11:47.796Z,270,-345,7,-7,-105,-116,44.5,-111,-111
71515824,2026-09-27T17:00:00Z,Miami Dolphins,Kansas City Chiefs,DraftKings,totals,over,44.5,-111,1.9,2026-07-06T11:11:47.796Z,270,-345,7,-7,-105,-116,44.5,-111,-111
71515824,2026-09-27T17:00:00Z,Miami Dolphins,Kansas City Chiefs,DraftKings,totals,under,44.5,-111,1.9,2026-07-06T11:11:47.796Z,270,-345,7,-7,-105,-116,44.5,-111,-111
71515826,2026-09-27T17:00:00Z,New York Giants,Tennessee Titans,DraftKings,h2h,home,,-175,1.57,2026-07-17T19:54:06.558Z,-175,145,-3,3,-116,-105,45.5,-111,-111
71515826,2026-09-27T17:00:00Z,New York Giants,Tennessee Titans,DraftKings,h2h,away,,145,2.45,2026-07-17T19:54:06.558Z,-175,145,-3,3,-116,-105,45.5,-111,-111
71515826,2026-09-27T17:00:00Z,New York Giants,Tennessee Titans,DraftKings,spreads,home,-3,-116,1.86,2026-07-15T01:16:15.223Z,-175,145,-3,3,-116,-105,45.5,-111,-111
71515826,2026-09-27T17:00:00Z,New York Giants,Tennessee Titans,DraftKings,spreads,away,3,-105,1.95,2026-07-15T01:16:15.223Z,-175,145,-3,3,-116,-105,45.5,-111,-111
71515826,2026-09-27T17:00:00Z,New York Giants,Tennessee Titans,DraftKings,totals,over,45.5,-111,1.9,2026-07-06T11:11:47.796Z,-175,145,-3,3,-116,-105,45.5,-111,-111
71515826,2026-09-27T17:00:00Z,New York Giants,Tennessee Titans,DraftKings,totals,under,45.5,-111,1.9,2026-07-06T11:11:47.796Z,-175,145,-3,3,-116,-105,45.5,-111,-111
71515808,2026-09-25T00:15:00Z,Green Bay Packers,Atlanta Falcons,DraftKings,h2h,home,,-345,1.29,2026-07-17T15:57:05.494Z,-345,270,-7.5,7.5,-105,-116,46.5,-111,-111
71515808,2026-09-25T00:15:00Z,Green Bay Packers,Atlanta Falcons,DraftKings,h2h,away,,270,3.7,2026-07-17T15:57:05.494Z,-345,270,-7.5,7.5,-105,-116,46.5,-111,-111
71515808,2026-09-25T00:15:00Z,Green Bay Packers,Atlanta Falcons,DraftKings,spreads,home,-7.5,-105,1.95,2026-07-06T11:11:47.796Z,-345,270,-7.5,7.5,-105,-116,46.5,-111,-111
71515808,2026-09-25T00:15:00Z,Green Bay Packers,Atlanta Falcons,DraftKings,spreads,away,7.5,-116,1.86,2026-07-06T11:11:47.796Z,-345,270,-7.5,7.5,-105,-116,46.5,-111,-111
71515808,2026-09-25T00:15:00Z,Green Bay Packers,Atlanta Falcons,DraftKings,totals,over,46.5,-111,1.9,2026-07-06T11:11:47.796Z,-345,270,-7.5,7.5,-105,-116,46.5,-111,-111
71515808,2026-09-25T00:15:00Z,Green Bay Packers,Atlanta Falcons,DraftKings,totals,under,46.5,-111,1.9,2026-07-06T11:11:47.796Z,-345,270,-7.5,7.5,-105,-116,46.5,-111,-111
71515810,2026-09-27T17:00:00Z,Buffalo Bills,Los Angeles Chargers,DraftKings,h2h,home,,-135,1.74,2026-07-14T20:49:01.361Z,-135,114,-2.5,2.5,-111,-111,48.5,-111,-111
71515810,2026-09-27T17:00:00Z,Buffalo Bills,Los Angeles Chargers,DraftKings,h2h,away,,114,2.14,2026-07-14T20:49:01.361Z,-135,114,-2.5,2.5,-111,-111,48.5,-111,-111
71515810,2026-09-27T17:00:00Z,Buffalo Bills,Los Angeles Chargers,DraftKings,spreads,home,-2.5,-111,1.9,2026-07-06T11:11:47.796Z,-135,114,-2.5,2.5,-111,-111,48.5,-111,-111
71515810,2026-09-27T17:00:00Z,Buffalo Bills,Los Angeles Chargers,DraftKings,spreads,away,2.5,-111,1.9,2026-07-06T11:11:47.796Z,-135,114,-2.5,2.5,-111,-111,48.5,-111,-111
71515810,2026-09-27T17:00:00Z,Buffalo Bills,Los Angeles Chargers,DraftKings,totals,over,48.5,-111,1.9,2026-07-06T11:11:47.796Z,-135,114,-2.5,2.5,-111,-111,48.5,-111,-111
71515810,2026-09-27T17:00:00Z,Buffalo Bills,Los Angeles Chargers,DraftKings,totals,under,48.5,-111,1.9,2026-07-06T11:11:47.796Z,-135,114,-2.5,2.5,-111,-111,48.5,-111,-111
71515820,2026-09-27T17:00:00Z,Indianapolis Colts,Houston Texans,DraftKings,h2h,home,,110,2.1,2026-07-06T11:11:47.796Z,110,-132,2.5,-2.5,-116,-105,45.5,-111,-111
71515820,2026-09-27T17:00:00Z,Indianapolis Colts,Houston Texans,DraftKings,h2h,away,,-132,1.76,2026-07-06T11:11:47.796Z,110,-132,2.5,-2.5,-116,-105,45.5,-111,-111
71515820,2026-09-27T17:00:00Z,Indianapolis Colts,Houston Texans,DraftKings,spreads,home,2.5,-116,1.86,2026-07-07T14:19:02.016Z,110,-132,2.5,-2.5,-116,-105,45.5,-111,-111
71515820,2026-09-27T17:00:00Z,Indianapolis Colts,Houston Texans,DraftKings,spreads,away,-2.5,-105,1.95,2026-07-07T14:19:02.016Z,110,-132,2.5,-2.5,-116,-105,45.5,-111,-111
71515820,2026-09-27T17:00:00Z,Indianapolis Colts,Houston Texans,DraftKings,totals,over,45.5,-111,1.9,2026-07-06T11:11:47.796Z,110,-132,2.5,-2.5,-116,-105,45.5,-111,-111
71515820,2026-09-27T17:00:00Z,Indianapolis Colts,Houston Texans,DraftKings,totals,under,45.5,-111,1.9,2026-07-06T11:11:47.796Z,110,-132,2.5,-2.5,-116,-105,45.5,-111,-111
71451946,2026-09-27T20:25:00Z,Dallas Cowboys,Baltimore Ravens,DraftKings,h2h,home,,114,2.14,2026-07-06T11:11:47.796Z,114,-135,2.5,-2.5,-111,-111,51.5,-111,-111
71451946,2026-09-27T20:25:00Z,Dallas Cowboys,Baltimore Ravens,DraftKings,h2h,away,,-135,1.74,2026-07-06T11:11:47.796Z,114,-135,2.5,-2.5,-111,-111,51.5,-111,-111
71451946,2026-09-27T20:25:00Z,Dallas Cowboys,Baltimore Ravens,DraftKings,spreads,home,2.5,-111,1.9,2026-07-06T11:11:47.796Z,114,-135,2.5,-2.5,-111,-111,51.5,-111,-111
71451946,2026-09-27T20:25:00Z,Dallas Cowboys,Baltimore Ravens,DraftKings,spreads,away,-2.5,-111,1.9,2026-07-06T11:11:47.796Z,114,-135,2.5,-2.5,-111,-111,51.5,-111,-111
71451946,2026-09-27T20:25:00Z,Dallas Cowboys,Baltimore Ravens,DraftKings,totals,over,51.5,-111,1.9,2026-07-06T11:11:47.796Z,114,-135,2.5,-2.5,-111,-111,51.5,-111,-111
71451946,2026-09-27T20:25:00Z,Dallas Cowboys,Baltimore Ravens,DraftKings,totals,under,51.5,-111,1.9,2026-07-06T11:11:47.796Z,114,-135,2.5,-2.5,-111,-111,51.5,-111,-111
71515828,2026-09-27T17:00:00Z,Pittsburgh Steelers,Cincinnati Bengals,DraftKings,h2h,home,,-105,1.95,2026-07-06T11:11:47.796Z,-105,-116,1.5,-1.5,-120,100,47.5,-111,-111
71515828,2026-09-27T17:00:00Z,Pittsburgh Steelers,Cincinnati Bengals,DraftKings,h2h,away,,-116,1.86,2026-07-06T11:11:47.796Z,-105,-116,1.5,-1.5,-120,100,47.5,-111,-111
71515828,2026-09-27T17:00:00Z,Pittsburgh Steelers,Cincinnati Bengals,DraftKings,spreads,home,1.5,-120,1.83,2026-07-06T11:11:47.796Z,-105,-116,1.5,-1.5,-120,100,47.5,-111,-111
71515828,2026-09-27T17:00:00Z,Pittsburgh Steelers,Cincinnati Bengals,DraftKings,spreads,away,-1.5,100,2,2026-07-06T11:11:47.796Z,-105,-116,1.5,-1.5,-120,100,47.5,-111,-111
71515828,2026-09-27T17:00:00Z,Pittsburgh Steelers,Cincinnati Bengals,DraftKings,totals,over,47.5,-111,1.9,2026-07-06T11:11:47.796Z,-105,-116,1.5,-1.5,-120,100,47.5,-111,-111
71515828,2026-09-27T17:00:00Z,Pittsburgh Steelers,Cincinnati Bengals,DraftKings,totals,under,47.5,-111,1.9,2026-07-06T11:11:47.796Z,-105,-116,1.5,-1.5,-120,100,47.5,-111,-111
71515830,2026-09-27T17:00:00Z,Washington Commanders,Seattle Seahawks,DraftKings,h2h,home,,160,2.6,2026-07-18T20:46:00.333Z,160,-192,3.5,-3.5,-111,-111,46.5,-111,-111
71515830,2026-09-27T17:00:00Z,Washington Commanders,Seattle Seahawks,DraftKings,h2h,away,,-192,1.52,2026-07-18T20:46:00.333Z,160,-192,3.5,-3.5,-111,-111,46.5,-111,-111
71515830,2026-09-27T17:00:00Z,Washington Commanders,Seattle Seahawks,DraftKings,spreads,home,3.5,-111,1.9,2026-07-06T11:11:47.796Z,160,-192,3.5,-3.5,-111,-111,46.5,-111,-111
71515830,2026-09-27T17:00:00Z,Washington Commanders,Seattle Seahawks,DraftKings,spreads,away,-3.5,-111,1.9,2026-07-06T11:11:47.796Z,160,-192,3.5,-3.5,-111,-111,46.5,-111,-111
71515830,2026-09-27T17:00:00Z,Washington Commanders,Seattle Seahawks,DraftKings,totals,over,46.5,-111,1.9,2026-07-06T11:11:47.796Z,160,-192,3.5,-3.5,-111,-111,46.5,-111,-111
71515830,2026-09-27T17:00:00Z,Washington Commanders,Seattle Seahawks,DraftKings,totals,under,46.5,-111,1.9,2026-07-06T11:11:47.796Z,160,-192,3.5,-3.5,-111,-111,46.5,-111,-111
71515832,2026-09-27T20:05:00Z,San Francisco 49ers,Arizona Cardinals,DraftKings,h2h,home,,-625,1.16,2026-07-17T15:46:55.592Z,-625,440,-11.5,11.5,-111,-111,46.5,-111,-111
71515832,2026-09-27T20:05:00Z,San Francisco 49ers,Arizona Cardinals,DraftKings,h2h,away,,440,5.4,2026-07-17T15:46:55.592Z,-625,440,-11.5,11.5,-111,-111,46.5,-111,-111
71515832,2026-09-27T20:05:00Z,San Francisco 49ers,Arizona Cardinals,DraftKings,spreads,home,-11.5,-111,1.9,2026-07-06T11:11:47.796Z,-625,440,-11.5,11.5,-111,-111,46.5,-111,-111
71515832,2026-09-27T20:05:00Z,San Francisco 49ers,Arizona Cardinals,DraftKings,spreads,away,11.5,-111,1.9,2026-07-06T11:11:47.796Z,-625,440,-11.5,11.5,-111,-111,46.5,-111,-111
71515832,2026-09-27T20:05:00Z,San Francisco 49ers,Arizona Cardinals,DraftKings,totals,over,46.5,-111,1.9,2026-07-06T11:11:47.796Z,-625,440,-11.5,11.5,-111,-111,46.5,-111,-111
71515832,2026-09-27T20:05:00Z,San Francisco 49ers,Arizona Cardinals,DraftKings,totals,under,46.5,-111,1.9,2026-07-06T11:11:47.796Z,-625,440,-11.5,11.5,-111,-111,46.5,-111,-111
71488622,2026-10-04T13:30:00Z,Washington Commanders,Indianapolis Colts,DraftKings,h2h,home,,-112,1.89,2026-07-07T14:19:55.379Z,-112,-109,-1.5,1.5,102,-123,48.5,-111,-111
71488622,2026-10-04T13:30:00Z,Washington Commanders,Indianapolis Colts,DraftKings,h2h,away,,-109,1.92,2026-07-07T14:19:55.379Z,-112,-109,-1.5,1.5,102,-123,48.5,-111,-111
71488622,2026-10-04T13:30:00Z,Washington Commanders,Indianapolis Colts,DraftKings,spreads,home,-1.5,102,2.02,2026-07-06T11:11:47.796Z,-112,-109,-1.5,1.5,102,-123,48.5,-111,-111
71488622,2026-10-04T13:30:00Z,Washington Commanders,Indianapolis Colts,DraftKings,spreads,away,1.5,-123,1.81,2026-07-06T11:11:47.796Z,-112,-109,-1.5,1.5,102,-123,48.5,-111,-111
71488622,2026-10-04T13:30:00Z,Washington Commanders,Indianapolis Colts,DraftKings,totals,over,48.5,-111,1.9,2026-07-06T11:11:47.796Z,-112,-109,-1.5,1.5,102,-123,48.5,-111,-111
71488622,2026-10-04T13:30:00Z,Washington Commanders,Indianapolis Colts,DraftKings,totals,under,48.5,-111,1.9,2026-07-06T11:11:47.796Z,-112,-109,-1.5,1.5,102,-123,48.5,-111,-111
71515834,2026-09-27T20:05:00Z,Tampa Bay Buccaneers,Minnesota Vikings,DraftKings,h2h,home,,-125,1.8,2026-07-06T11:11:47.796Z,-125,105,-1.5,1.5,-111,-111,44.5,-111,-111
71515834,2026-09-27T20:05:00Z,Tampa Bay Buccaneers,Minnesota Vikings,DraftKings,h2h,away,,105,2.05,2026-07-06T11:11:47.796Z,-125,105,-1.5,1.5,-111,-111,44.5,-111,-111
71515834,2026-09-27T20:05:00Z,Tampa Bay Buccaneers,Minnesota Vikings,DraftKings,spreads,home,-1.5,-111,1.9,2026-07-06T11:11:47.796Z,-125,105,-1.5,1.5,-111,-111,44.5,-111,-111
71515834,2026-09-27T20:05:00Z,Tampa Bay Buccaneers,Minnesota Vikings,DraftKings,spreads,away,1.5,-111,1.9,2026-07-06T11:11:47.796Z,-125,105,-1.5,1.5,-111,-111,44.5,-111,-111
71515834,2026-09-27T20:05:00Z,Tampa Bay Buccaneers,Minnesota Vikings,DraftKings,totals,over,44.5,-111,1.9,2026-07-06T11:11:47.796Z,-125,105,-1.5,1.5,-111,-111,44.5,-111,-111
71515834,2026-09-27T20:05:00Z,Tampa Bay Buccaneers,Minnesota Vikings,DraftKings,totals,under,44.5,-111,1.9,2026-07-06T11:11:47.796Z,-125,105,-1.5,1.5,-111,-111,44.5,-111,-111
71515836,2026-09-27T20:25:00Z,New Orleans Saints,Las Vegas Raiders,DraftKings,h2h,home,,-167,1.6,2026-07-17T19:41:01.085Z,-167,140,-3,3,-111,-111,42.5,-111,-111
71515836,2026-09-27T20:25:00Z,New Orleans Saints,Las Vegas Raiders,DraftKings,h2h,away,,140,2.4,2026-07-17T19:41:01.085Z,-167,140,-3,3,-111,-111,42.5,-111,-111
71515836,2026-09-27T20:25:00Z,New Orleans Saints,Las Vegas Raiders,DraftKings,spreads,home,-3,-111,1.9,2026-07-06T11:11:47.796Z,-167,140,-3,3,-111,-111,42.5,-111,-111
71515836,2026-09-27T20:25:00Z,New Orleans Saints,Las Vegas Raiders,DraftKings,spreads,away,3,-111,1.9,2026-07-06T11:11:47.796Z,-167,140,-3,3,-111,-111,42.5,-111,-111
71515836,2026-09-27T20:25:00Z,New Orleans Saints,Las Vegas Raiders,DraftKings,totals,over,42.5,-111,1.9,2026-07-06T11:11:47.796Z,-167,140,-3,3,-111,-111,42.5,-111,-111
71515836,2026-09-27T20:25:00Z,New Orleans Saints,Las Vegas Raiders,DraftKings,totals,under,42.5,-111,1.9,2026-07-06T11:11:47.796Z,-167,140,-3,3,-111,-111,42.5,-111,-111
71515838,2026-09-28T00:20:00Z,Denver Broncos,Los Angeles Rams,DraftKings,h2h,home,,136,2.36,2026-07-14T03:26:57.382Z,136,-164,3,-3,-111,-111,45.5,-111,-111
71515838,2026-09-28T00:20:00Z,Denver Broncos,Los Angeles Rams,DraftKings,h2h,away,,-164,1.61,2026-07-14T03:26:57.382Z,136,-164,3,-3,-111,-111,45.5,-111,-111
71515838,2026-09-28T00:20:00Z,Denver Broncos,Los Angeles Rams,DraftKings,spreads,home,3,-111,1.9,2026-07-06T11:11:47.796Z,136,-164,3,-3,-111,-111,45.5,-111,-111
71515838,2026-09-28T00:20:00Z,Denver Broncos,Los Angeles Rams,DraftKings,spreads,away,-3,-111,1.9,2026-07-06T11:11:47.796Z,136,-164,3,-3,-111,-111,45.5,-111,-111
71515838,2026-09-28T00:20:00Z,Denver Broncos,Los Angeles Rams,DraftKings,totals,over,45.5,-111,1.9,2026-07-06T11:11:47.796Z,136,-164,3,-3,-111,-111,45.5,-111,-111
71515838,2026-09-28T00:20:00Z,Denver Broncos,Los Angeles Rams,DraftKings,totals,under,45.5,-111,1.9,2026-07-06T11:11:47.796Z,136,-164,3,-3,-111,-111,45.5,-111,-111
71515840,2026-09-29T00:15:00Z,Chicago Bears,Philadelphia Eagles,DraftKings,h2h,home,,-119,1.84,2026-07-06T11:11:47.796Z,-119,-102,-1.5,1.5,-105,-116,46.5,-111,-111
71515840,2026-09-29T00:15:00Z,Chicago Bears,Philadelphia Eagles,DraftKings,h2h,away,,-102,1.98,2026-07-06T11:11:47.796Z,-119,-102,-1.5,1.5,-105,-116,46.5,-111,-111
71515840,2026-09-29T00:15:00Z,Chicago Bears,Philadelphia Eagles,DraftKings,spreads,home,-1.5,-105,1.95,2026-07-06T11:11:47.796Z,-119,-102,-1.5,1.5,-105,-116,46.5,-111,-111
71515840,2026-09-29T00:15:00Z,Chicago Bears,Philadelphia Eagles,DraftKings,spreads,away,1.5,-116,1.86,2026-07-06T11:11:47.796Z,-119,-102,-1.5,1.5,-105,-116,46.5,-111,-111
71515840,2026-09-29T00:15:00Z,Chicago Bears,Philadelphia Eagles,DraftKings,totals,over,46.5,-111,1.9,2026-07-06T11:11:47.796Z,-119,-102,-1.5,1.5,-105,-116,46.5,-111,-111
71515840,2026-09-29T00:15:00Z,Chicago Bears,Philadelphia Eagles,DraftKings,totals,under,46.5,-111,1.9,2026-07-06T11:11:47.796Z,-119,-102,-1.5,1.5,-105,-116,46.5,-111,-111
71515842,2026-10-02T00:15:00Z,Cleveland Browns,Pittsburgh Steelers,DraftKings,h2h,home,,136,2.36,2026-07-06T11:11:47.796Z,136,-164,3,-3,-111,-111,41.5,-111,-111
71515842,2026-10-02T00:15:00Z,Cleveland Browns,Pittsburgh Steelers,DraftKings,h2h,away,,-164,1.61,2026-07-06T11:11:47.796Z,136,-164,3,-3,-111,-111,41.5,-111,-111
71515842,2026-10-02T00:15:00Z,Cleveland Browns,Pittsburgh Steelers,DraftKings,spreads,home,3,-111,1.9,2026-07-06T11:11:47.796Z,136,-164,3,-3,-111,-111,41.5,-111,-111
71515842,2026-10-02T00:15:00Z,Cleveland Browns,Pittsburgh Steelers,DraftKings,spreads,away,-3,-111,1.9,2026-07-06T11:11:47.796Z,136,-164,3,-3,-111,-111,41.5,-111,-111
71515842,2026-10-02T00:15:00Z,Cleveland Browns,Pittsburgh Steelers,DraftKings,totals,over,41.5,-111,1.9,2026-07-06T11:11:47.796Z,136,-164,3,-3,-111,-111,41.5,-111,-111
71515842,2026-10-02T00:15:00Z,Cleveland Browns,Pittsburgh Steelers,DraftKings,totals,under,41.5,-111,1.9,2026-07-06T11:11:47.796Z,136,-164,3,-3,-111,-111,41.5,-111,-111
71515846,2026-10-04T17:00:00Z,Buffalo Bills,New England Patriots,DraftKings,h2h,home,,-164,1.61,2026-07-06T11:11:47.796Z,-164,136,-3,3,-111,-111,49.5,-111,-111
71515846,2026-10-04T17:00:00Z,Buffalo Bills,New England Patriots,DraftKings,h2h,away,,136,2.36,2026-07-06T11:11:47.796Z,-164,136,-3,3,-111,-111,49.5,-111,-111
71515846,2026-10-04T17:00:00Z,Buffalo Bills,New England Patriots,DraftKings,spreads,home,-3,-111,1.9,2026-07-06T11:11:47.796Z,-164,136,-3,3,-111,-111,49.5,-111,-111
71515846,2026-10-04T17:00:00Z,Buffalo Bills,New England Patriots,DraftKings,spreads,away,3,-111,1.9,2026-07-06T11:11:47.796Z,-164,136,-3,3,-111,-111,49.5,-111,-111
71515846,2026-10-04T17:00:00Z,Buffalo Bills,New England Patriots,DraftKings,totals,over,49.5,-111,1.9,2026-07-06T11:11:47.796Z,-164,136,-3,3,-111,-111,49.5,-111,-111
71515846,2026-10-04T17:00:00Z,Buffalo Bills,New England Patriots,DraftKings,totals,under,49.5,-111,1.9,2026-07-06T11:11:47.796Z,-164,136,-3,3,-111,-111,49.5,-111,-111
71515848,2026-10-04T17:00:00Z,Chicago Bears,New York Jets,DraftKings,h2h,home,,-400,1.25,2026-07-17T16:25:02.264Z,-400,310,-8.5,8.5,-111,-111,45.5,-111,-111
71515848,2026-10-04T17:00:00Z,Chicago Bears,New York Jets,DraftKings,h2h,away,,310,4.1,2026-07-17T16:25:02.264Z,-400,310,-8.5,8.5,-111,-111,45.5,-111,-111
71515848,2026-10-04T17:00:00Z,Chicago Bears,New York Jets,DraftKings,spreads,home,-8.5,-111,1.9,2026-07-06T11:11:47.796Z,-400,310,-8.5,8.5,-111,-111,45.5,-111,-111
71515848,2026-10-04T17:00:00Z,Chicago Bears,New York Jets,DraftKings,spreads,away,8.5,-111,1.9,2026-07-06T11:11:47.796Z,-400,310,-8.5,8.5,-111,-111,45.5,-111,-111
71515848,2026-10-04T17:00:00Z,Chicago Bears,New York Jets,DraftKings,totals,over,45.5,-111,1.9,2026-07-06T11:11:47.796Z,-400,310,-8.5,8.5,-111,-111,45.5,-111,-111
71515848,2026-10-04T17:00:00Z,Chicago Bears,New York Jets,DraftKings,totals,under,45.5,-111,1.9,2026-07-06T11:11:47.796Z,-400,310,-8.5,8.5,-111,-111,45.5,-111,-111
71515852,2026-10-04T17:00:00Z,Houston Texans,Dallas Cowboys,DraftKings,h2h,home,,-135,1.74,2026-07-06T11:11:47.796Z,-135,114,-2.5,2.5,-111,-111,47.5,-111,-111
71515852,2026-10-04T17:00:00Z,Houston Texans,Dallas Cowboys,DraftKings,h2h,away,,114,2.14,2026-07-06T11:11:47.796Z,-135,114,-2.5,2.5,-111,-111,47.5,-111,-111
71515852,2026-10-04T17:00:00Z,Houston Texans,Dallas Cowboys,DraftKings,spreads,home,-2.5,-111,1.9,2026-07-06T11:11:47.796Z,-135,114,-2.5,2.5,-111,-111,47.5,-111,-111
71515852,2026-10-04T17:00:00Z,Houston Texans,Dallas Cowboys,DraftKings,spreads,away,2.5,-111,1.9,2026-07-06T11:11:47.796Z,-135,114,-2.5,2.5,-111,-111,47.5,-111,-111
71515852,2026-10-04T17:00:00Z,Houston Texans,Dallas Cowboys,DraftKings,totals,over,47.5,-111,1.9,2026-07-06T11:11:47.796Z,-135,114,-2.5,2.5,-111,-111,47.5,-111,-111
71515852,2026-10-04T17:00:00Z,Houston Texans,Dallas Cowboys,DraftKings,totals,under,47.5,-111,1.9,2026-07-06T11:11:47.796Z,-135,114,-2.5,2.5,-111,-111,47.5,-111,-111
71515854,2026-10-04T17:00:00Z,New York Giants,Arizona Cardinals,DraftKings,h2h,home,,-312,1.32,2026-07-10T00:39:13.246Z,-312,250,-7,7,-111,-111,45.5,-111,-111
71515854,2026-10-04T17:00:00Z,New York Giants,Arizona Cardinals,DraftKings,h2h,away,,250,3.5,2026-07-10T00:39:13.246Z,-312,250,-7,7,-111,-111,45.5,-111,-111
71515854,2026-10-04T17:00:00Z,New York Giants,Arizona Cardinals,DraftKings,spreads,home,-7,-111,1.9,2026-07-06T11:11:47.796Z,-312,250,-7,7,-111,-111,45.5,-111,-111
71515854,2026-10-04T17:00:00Z,New York Giants,Arizona Cardinals,DraftKings,spreads,away,7,-111,1.9,2026-07-06T11:11:47.796Z,-312,250,-7,7,-111,-111,45.5,-111,-111
71515854,2026-10-04T17:00:00Z,New York Giants,Arizona Cardinals,DraftKings,totals,over,45.5,-111,1.9,2026-07-06T11:11:47.796Z,-312,250,-7,7,-111,-111,45.5,-111,-111
71515854,2026-10-04T17:00:00Z,New York Giants,Arizona Cardinals,DraftKings,totals,under,45.5,-111,1.9,2026-07-06T11:11:47.796Z,-312,250,-7,7,-111,-111,45.5,-111,-111
71515844,2026-10-04T17:00:00Z,Baltimore Ravens,Tennessee Titans,DraftKings,h2h,home,,-400,1.25,2026-07-06T11:11:47.796Z,-400,310,-8.5,8.5,-111,-111,47.5,-111,-111
71515844,2026-10-04T17:00:00Z,Baltimore Ravens,Tennessee Titans,DraftKings,h2h,away,,310,4.1,2026-07-06T11:11:47.796Z,-400,310,-8.5,8.5,-111,-111,47.5,-111,-111
71515844,2026-10-04T17:00:00Z,Baltimore Ravens,Tennessee Titans,DraftKings,spreads,home,-8.5,-111,1.9,2026-07-06T11:11:47.796Z,-400,310,-8.5,8.5,-111,-111,47.5,-111,-111
71515844,2026-10-04T17:00:00Z,Baltimore Ravens,Tennessee Titans,DraftKings,spreads,away,8.5,-111,1.9,2026-07-06T11:11:47.796Z,-400,310,-8.5,8.5,-111,-111,47.5,-111,-111
71515844,2026-10-04T17:00:00Z,Baltimore Ravens,Tennessee Titans,DraftKings,totals,over,47.5,-111,1.9,2026-07-06T11:11:47.796Z,-400,310,-8.5,8.5,-111,-111,47.5,-111,-111
71515844,2026-10-04T17:00:00Z,Baltimore Ravens,Tennessee Titans,DraftKings,totals,under,47.5,-111,1.9,2026-07-06T11:11:47.796Z,-400,310,-8.5,8.5,-111,-111,47.5,-111,-111
71515850,2026-10-04T17:00:00Z,Cincinnati Bengals,Jacksonville Jaguars,DraftKings,h2h,home,,-135,1.74,2026-07-17T17:25:48.119Z,-135,114,-2.5,2.5,-111,-111,51.5,-111,-111
71515850,2026-10-04T17:00:00Z,Cincinnati Bengals,Jacksonville Jaguars,DraftKings,h2h,away,,114,2.14,2026-07-17T17:25:48.119Z,-135,114,-2.5,2.5,-111,-111,51.5,-111,-111
71515850,2026-10-04T17:00:00Z,Cincinnati Bengals,Jacksonville Jaguars,DraftKings,spreads,home,-2.5,-111,1.9,2026-07-06T11:11:47.796Z,-135,114,-2.5,2.5,-111,-111,51.5,-111,-111
71515850,2026-10-04T17:00:00Z,Cincinnati Bengals,Jacksonville Jaguars,DraftKings,spreads,away,2.5,-111,1.9,2026-07-06T11:11:47.796Z,-135,114,-2.5,2.5,-111,-111,51.5,-111,-111
71515850,2026-10-04T17:00:00Z,Cincinnati Bengals,Jacksonville Jaguars,DraftKings,totals,over,51.5,-111,1.9,2026-07-06T11:11:47.796Z,-135,114,-2.5,2.5,-111,-111,51.5,-111,-111
71515850,2026-10-04T17:00:00Z,Cincinnati Bengals,Jacksonville Jaguars,DraftKings,totals,under,51.5,-111,1.9,2026-07-06T11:11:47.796Z,-135,114,-2.5,2.5,-111,-111,51.5,-111,-111
71515856,2026-10-04T17:00:00Z,Philadelphia Eagles,Los Angeles Rams,DraftKings,h2h,home,,120,2.2,2026-07-06T11:11:47.796Z,120,-143,2.5,-2.5,-105,-116,47.5,-111,-111
71515856,2026-10-04T17:00:00Z,Philadelphia Eagles,Los Angeles Rams,DraftKings,h2h,away,,-143,1.7,2026-07-06T11:11:47.796Z,120,-143,2.5,-2.5,-105,-116,47.5,-111,-111
71515856,2026-10-04T17:00:00Z,Philadelphia Eagles,Los Angeles Rams,DraftKings,spreads,home,2.5,-105,1.95,2026-07-06T11:11:47.796Z,120,-143,2.5,-2.5,-105,-116,47.5,-111,-111
71515856,2026-10-04T17:00:00Z,Philadelphia Eagles,Los Angeles Rams,DraftKings,spreads,away,-2.5,-116,1.86,2026-07-06T11:11:47.796Z,120,-143,2.5,-2.5,-105,-116,47.5,-111,-111
71515856,2026-10-04T17:00:00Z,Philadelphia Eagles,Los Angeles Rams,DraftKings,totals,over,47.5,-111,1.9,2026-07-06T11:11:47.796Z,120,-143,2.5,-2.5,-105,-116,47.5,-111,-111
71515856,2026-10-04T17:00:00Z,Philadelphia Eagles,Los Angeles Rams,DraftKings,totals,under,47.5,-111,1.9,2026-07-06T11:11:47.796Z,120,-143,2.5,-2.5,-105,-116,47.5,-111,-111
71515858,2026-10-04T17:00:00Z,Tampa Bay Buccaneers,Green Bay Packers,DraftKings,h2h,home,,105,2.05,2026-07-06T11:11:47.796Z,105,-125,1.5,-1.5,-111,-111,47.5,-111,-111
71515858,2026-10-04T17:00:00Z,Tampa Bay Buccaneers,Green Bay Packers,DraftKings,h2h,away,,-125,1.8,2026-07-06T11:11:47.796Z,105,-125,1.5,-1.5,-111,-111,47.5,-111,-111
71515858,2026-10-04T17:00:00Z,Tampa Bay Buccaneers,Green Bay Packers,DraftKings,spreads,home,1.5,-111,1.9,2026-07-06T11:11:47.796Z,105,-125,1.5,-1.5,-111,-111,47.5,-111,-111
71515858,2026-10-04T17:00:00Z,Tampa Bay Buccaneers,Green Bay Packers,DraftKings,spreads,away,-1.5,-111,1.9,2026-07-06T11:11:47.796Z,105,-125,1.5,-1.5,-111,-111,47.5,-111,-111
71515858,2026-10-04T17:00:00Z,Tampa Bay Buccaneers,Green Bay Packers,DraftKings,totals,over,47.5,-111,1.9,2026-07-06T11:11:47.796Z,105,-125,1.5,-1.5,-111,-111,47.5,-111,-111
71515858,2026-10-04T17:00:00Z,Tampa Bay Buccaneers,Green Bay Packers,DraftKings,totals,under,47.5,-111,1.9,2026-07-06T11:11:47.796Z,105,-125,1.5,-1.5,-111,-111,47.5,-111,-111
71515860,2026-10-04T20:05:00Z,Minnesota Vikings,Miami Dolphins,DraftKings,h2h,home,,-385,1.26,2026-07-06T11:11:47.796Z,-385,300,-7.5,7.5,-111,-111,43.5,-111,-111
71515860,2026-10-04T20:05:00Z,Minnesota Vikings,Miami Dolphins,DraftKings,h2h,away,,300,4,2026-07-06T11:11:47.796Z,-385,300,-7.5,7.5,-111,-111,43.5,-111,-111
71515860,2026-10-04T20:05:00Z,Minnesota Vikings,Miami Dolphins,DraftKings,spreads,home,-7.5,-111,1.9,2026-07-06T11:11:47.796Z,-385,300,-7.5,7.5,-111,-111,43.5,-111,-111
71515860,2026-10-04T20:05:00Z,Minnesota Vikings,Miami Dolphins,DraftKings,spreads,away,7.5,-111,1.9,2026-07-06T11:11:47.796Z,-385,300,-7.5,7.5,-111,-111,43.5,-111,-111
71515860,2026-10-04T20:05:00Z,Minnesota Vikings,Miami Dolphins,DraftKings,totals,over,43.5,-111,1.9,2026-07-06T11:11:47.796Z,-385,300,-7.5,7.5,-111,-111,43.5,-111,-111
71515860,2026-10-04T20:05:00Z,Minnesota Vikings,Miami Dolphins,DraftKings,totals,under,43.5,-111,1.9,2026-07-06T11:11:47.796Z,-385,300,-7.5,7.5,-111,-111,43.5,-111,-111
71515862,2026-10-04T20:25:00Z,Las Vegas Raiders,Kansas City Chiefs,DraftKings,h2h,home,,200,3,2026-07-07T14:23:26.226Z,200,-250,5.5,-5.5,-111,-111,43.5,-111,-111
71515862,2026-10-04T20:25:00Z,Las Vegas Raiders,Kansas City Chiefs,DraftKings,h2h,away,,-250,1.4,2026-07-07T14:23:26.226Z,200,-250,5.5,-5.5,-111,-111,43.5,-111,-111
71515862,2026-10-04T20:25:00Z,Las Vegas Raiders,Kansas City Chiefs,DraftKings,spreads,home,5.5,-111,1.9,2026-07-06T11:11:47.796Z,200,-250,5.5,-5.5,-111,-111,43.5,-111,-111
71515862,2026-10-04T20:25:00Z,Las Vegas Raiders,Kansas City Chiefs,DraftKings,spreads,away,-5.5,-111,1.9,2026-07-06T11:11:47.796Z,200,-250,5.5,-5.5,-111,-111,43.5,-111,-111
71515862,2026-10-04T20:25:00Z,Las Vegas Raiders,Kansas City Chiefs,DraftKings,totals,over,43.5,-111,1.9,2026-07-06T11:11:47.796Z,200,-250,5.5,-5.5,-111,-111,43.5,-111,-111
71515862,2026-10-04T20:25:00Z,Las Vegas Raiders,Kansas City Chiefs,DraftKings,totals,under,43.5,-111,1.9,2026-07-06T11:11:47.796Z,200,-250,5.5,-5.5,-111,-111,43.5,-111,-111
71515868,2026-10-05T00:20:00Z,Carolina Panthers,Detroit Lions,DraftKings,h2h,home,,136,2.36,2026-07-17T16:50:18.259Z,136,-164,3,-3,-111,-111,47.5,-111,-111
71515868,2026-10-05T00:20:00Z,Carolina Panthers,Detroit Lions,DraftKings,h2h,away,,-164,1.61,2026-07-17T16:50:18.259Z,136,-164,3,-3,-111,-111,47.5,-111,-111
71515868,2026-10-05T00:20:00Z,Carolina Panthers,Detroit Lions,DraftKings,spreads,home,3,-111,1.9,2026-07-06T11:11:47.796Z,136,-164,3,-3,-111,-111,47.5,-111,-111
71515868,2026-10-05T00:20:00Z,Carolina Panthers,Detroit Lions,DraftKings,spreads,away,-3,-111,1.9,2026-07-06T11:11:47.796Z,136,-164,3,-3,-111,-111,47.5,-111,-111
71515868,2026-10-05T00:20:00Z,Carolina Panthers,Detroit Lions,DraftKings,totals,over,47.5,-111,1.9,2026-07-06T11:11:47.796Z,136,-164,3,-3,-111,-111,47.5,-111,-111
71515868,2026-10-05T00:20:00Z,Carolina Panthers,Detroit Lions,DraftKings,totals,under,47.5,-111,1.9,2026-07-06T11:11:47.796Z,136,-164,3,-3,-111,-111,47.5,-111,-111
71515872,2026-10-09T00:15:00Z,Dallas Cowboys,Tampa Bay Buccaneers,DraftKings,h2h,home,,-192,1.52,2026-07-14T21:06:26.834Z,-192,160,-3.5,3.5,-111,-111,52.5,-111,-111
71515872,2026-10-09T00:15:00Z,Dallas Cowboys,Tampa Bay Buccaneers,DraftKings,h2h,away,,160,2.6,2026-07-14T21:06:26.834Z,-192,160,-3.5,3.5,-111,-111,52.5,-111,-111
71515872,2026-10-09T00:15:00Z,Dallas Cowboys,Tampa Bay Buccaneers,DraftKings,spreads,home,-3.5,-111,1.9,2026-07-06T11:11:47.796Z,-192,160,-3.5,3.5,-111,-111,52.5,-111,-111
71515872,2026-10-09T00:15:00Z,Dallas Cowboys,Tampa Bay Buccaneers,DraftKings,spreads,away,3.5,-111,1.9,2026-07-06T11:11:47.796Z,-192,160,-3.5,3.5,-111,-111,52.5,-111,-111
71515872,2026-10-09T00:15:00Z,Dallas Cowboys,Tampa Bay Buccaneers,DraftKings,totals,over,52.5,-111,1.9,2026-07-06T11:11:47.796Z,-192,160,-3.5,3.5,-111,-111,52.5,-111,-111
71515872,2026-10-09T00:15:00Z,Dallas Cowboys,Tampa Bay Buccaneers,DraftKings,totals,under,52.5,-111,1.9,2026-07-06T11:11:47.796Z,-192,160,-3.5,3.5,-111,-111,52.5,-111,-111
71515876,2026-10-11T17:00:00Z,New England Patriots,Las Vegas Raiders,DraftKings,h2h,home,,-417,1.24,2026-07-06T11:11:47.796Z,-417,320,-8.5,8.5,-111,-111,44.5,-111,-111
71515876,2026-10-11T17:00:00Z,New England Patriots,Las Vegas Raiders,DraftKings,h2h,away,,320,4.2,2026-07-06T11:11:47.796Z,-417,320,-8.5,8.5,-111,-111,44.5,-111,-111
71515876,2026-10-11T17:00:00Z,New England Patriots,Las Vegas Raiders,DraftKings,spreads,home,-8.5,-111,1.9,2026-07-06T11:11:47.796Z,-417,320,-8.5,8.5,-111,-111,44.5,-111,-111
71515876,2026-10-11T17:00:00Z,New England Patriots,Las Vegas Raiders,DraftKings,spreads,away,8.5,-111,1.9,2026-07-06T11:11:47.796Z,-417,320,-8.5,8.5,-111,-111,44.5,-111,-111
71515876,2026-10-11T17:00:00Z,New England Patriots,Las Vegas Raiders,DraftKings,totals,over,44.5,-111,1.9,2026-07-06T11:11:47.796Z,-417,320,-8.5,8.5,-111,-111,44.5,-111,-111
71515876,2026-10-11T17:00:00Z,New England Patriots,Las Vegas Raiders,DraftKings,totals,under,44.5,-111,1.9,2026-07-06T11:11:47.796Z,-417,320,-8.5,8.5,-111,-111,44.5,-111,-111
71531176,2026-10-04T20:25:00Z,San Francisco 49ers,Denver Broncos,DraftKings,h2h,home,,-149,1.67,2026-07-06T11:11:47.796Z,-149,124,-2.5,2.5,-119,-102,46.5,-111,-111
71531176,2026-10-04T20:25:00Z,San Francisco 49ers,Denver Broncos,DraftKings,h2h,away,,124,2.24,2026-07-06T11:11:47.796Z,-149,124,-2.5,2.5,-119,-102,46.5,-111,-111
71531176,2026-10-04T20:25:00Z,San Francisco 49ers,Denver Broncos,DraftKings,spreads,home,-2.5,-119,1.84,2026-07-06T11:11:47.796Z,-149,124,-2.5,2.5,-119,-102,46.5,-111,-111
71531176,2026-10-04T20:25:00Z,San Francisco 49ers,Denver Broncos,DraftKings,spreads,away,2.5,-102,1.98,2026-07-06T11:11:47.796Z,-149,124,-2.5,2.5,-119,-102,46.5,-111,-111
71531176,2026-10-04T20:25:00Z,San Francisco 49ers,Denver Broncos,DraftKings,totals,over,46.5,-111,1.9,2026-07-06T11:11:47.796Z,-149,124,-2.5,2.5,-119,-102,46.5,-111,-111
71531176,2026-10-04T20:25:00Z,San Francisco 49ers,Denver Broncos,DraftKings,totals,under,46.5,-111,1.9,2026-07-06T11:11:47.796Z,-149,124,-2.5,2.5,-119,-102,46.5,-111,-111
71515864,2026-10-04T20:25:00Z,Seattle Seahawks,Los Angeles Chargers,DraftKings,h2h,home,,-164,1.61,2026-07-06T11:11:47.796Z,-164,136,-3,3,-111,-111,45.5,-111,-111
71515864,2026-10-04T20:25:00Z,Seattle Seahawks,Los Angeles Chargers,DraftKings,h2h,away,,136,2.36,2026-07-06T11:11:47.796Z,-164,136,-3,3,-111,-111,45.5,-111,-111
71515864,2026-10-04T20:25:00Z,Seattle Seahawks,Los Angeles Chargers,DraftKings,spreads,home,-3,-111,1.9,2026-07-06T11:11:47.796Z,-164,136,-3,3,-111,-111,45.5,-111,-111
71515864,2026-10-04T20:25:00Z,Seattle Seahawks,Los Angeles Chargers,DraftKings,spreads,away,3,-111,1.9,2026-07-06T11:11:47.796Z,-164,136,-3,3,-111,-111,45.5,-111,-111
71515864,2026-10-04T20:25:00Z,Seattle Seahawks,Los Angeles Chargers,DraftKings,totals,over,45.5,-111,1.9,2026-07-06T11:11:47.796Z,-164,136,-3,3,-111,-111,45.5,-111,-111
71515864,2026-10-04T20:25:00Z,Seattle Seahawks,Los Angeles Chargers,DraftKings,totals,under,45.5,-111,1.9,2026-07-06T11:11:47.796Z,-164,136,-3,3,-111,-111,45.5,-111,-111
71515870,2026-10-06T00:15:00Z,New Orleans Saints,Atlanta Falcons,DraftKings,h2h,home,,-135,1.74,2026-07-06T11:11:47.796Z,-135,114,-2.5,2.5,-111,-111,45.5,-111,-111
71515870,2026-10-06T00:15:00Z,New Orleans Saints,Atlanta Falcons,DraftKings,h2h,away,,114,2.14,2026-07-06T11:11:47.796Z,-135,114,-2.5,2.5,-111,-111,45.5,-111,-111
71515870,2026-10-06T00:15:00Z,New Orleans Saints,Atlanta Falcons,DraftKings,spreads,home,-2.5,-111,1.9,2026-07-06T11:11:47.796Z,-135,114,-2.5,2.5,-111,-111,45.5,-111,-111
71515870,2026-10-06T00:15:00Z,New Orleans Saints,Atlanta Falcons,DraftKings,spreads,away,2.5,-111,1.9,2026-07-06T11:11:47.796Z,-135,114,-2.5,2.5,-111,-111,45.5,-111,-111
71515870,2026-10-06T00:15:00Z,New Orleans Saints,Atlanta Falcons,DraftKings,totals,over,45.5,-111,1.9,2026-07-06T11:11:47.796Z,-135,114,-2.5,2.5,-111,-111,45.5,-111,-111
71515870,2026-10-06T00:15:00Z,New Orleans Saints,Atlanta Falcons,DraftKings,totals,under,45.5,-111,1.9,2026-07-06T11:11:47.796Z,-135,114,-2.5,2.5,-111,-111,45.5,-111,-111
71515874,2026-10-11T17:00:00Z,Miami Dolphins,Cincinnati Bengals,DraftKings,h2h,home,,205,3.05,2026-07-06T11:11:47.796Z,205,-250,5.5,-5.5,-111,-111,49.5,-111,-111
71515874,2026-10-11T17:00:00Z,Miami Dolphins,Cincinnati Bengals,DraftKings,h2h,away,,-250,1.4,2026-07-06T11:11:47.796Z,205,-250,5.5,-5.5,-111,-111,49.5,-111,-111
71515874,2026-10-11T17:00:00Z,Miami Dolphins,Cincinnati Bengals,DraftKings,spreads,home,5.5,-111,1.9,2026-07-06T11:11:47.796Z,205,-250,5.5,-5.5,-111,-111,49.5,-111,-111
71515874,2026-10-11T17:00:00Z,Miami Dolphins,Cincinnati Bengals,DraftKings,spreads,away,-5.5,-111,1.9,2026-07-06T11:11:47.796Z,205,-250,5.5,-5.5,-111,-111,49.5,-111,-111
71515874,2026-10-11T17:00:00Z,Miami Dolphins,Cincinnati Bengals,DraftKings,totals,over,49.5,-111,1.9,2026-07-06T11:11:47.796Z,205,-250,5.5,-5.5,-111,-111,49.5,-111,-111
71515874,2026-10-11T17:00:00Z,Miami Dolphins,Cincinnati Bengals,DraftKings,totals,under,49.5,-111,1.9,2026-07-06T11:11:47.796Z,205,-250,5.5,-5.5,-111,-111,49.5,-111,-111
71515878,2026-10-11T17:00:00Z,New Orleans Saints,Minnesota Vikings,DraftKings,h2h,home,,100,2,2026-07-06T11:11:47.796Z,100,-120,1.5,-1.5,-116,-105,44.5,-111,-111
71515878,2026-10-11T17:00:00Z,New Orleans Saints,Minnesota Vikings,DraftKings,h2h,away,,-120,1.83,2026-07-06T11:11:47.796Z,100,-120,1.5,-1.5,-116,-105,44.5,-111,-111
71515878,2026-10-11T17:00:00Z,New Orleans Saints,Minnesota Vikings,DraftKings,spreads,home,1.5,-116,1.86,2026-07-06T11:11:47.796Z,100,-120,1.5,-1.5,-116,-105,44.5,-111,-111
71515878,2026-10-11T17:00:00Z,New Orleans Saints,Minnesota Vikings,DraftKings,spreads,away,-1.5,-105,1.95,2026-07-06T11:11:47.796Z,100,-120,1.5,-1.5,-116,-105,44.5,-111,-111
71515878,2026-10-11T17:00:00Z,New Orleans Saints,Minnesota Vikings,DraftKings,totals,over,44.5,-111,1.9,2026-07-06T11:11:47.796Z,100,-120,1.5,-1.5,-116,-105,44.5,-111,-111
71515878,2026-10-11T17:00:00Z,New Orleans Saints,Minnesota Vikings,DraftKings,totals,under,44.5,-111,1.9,2026-07-06T11:11:47.796Z,100,-120,1.5,-1.5,-116,-105,44.5,-111,-111
71515880,2026-10-11T17:00:00Z,New York Jets,Cleveland Browns,DraftKings,h2h,home,,-135,1.74,2026-07-13T20:56:58.777Z,-135,114,-2.5,2.5,-111,-111,40.5,-111,-111
71515880,2026-10-11T17:00:00Z,New York Jets,Cleveland Browns,DraftKings,h2h,away,,114,2.14,2026-07-13T20:56:58.777Z,-135,114,-2.5,2.5,-111,-111,40.5,-111,-111
71515880,2026-10-11T17:00:00Z,New York Jets,Cleveland Browns,DraftKings,spreads,home,-2.5,-111,1.9,2026-07-06T11:11:47.796Z,-135,114,-2.5,2.5,-111,-111,40.5,-111,-111
71515880,2026-10-11T17:00:00Z,New York Jets,Cleveland Browns,DraftKings,spreads,away,2.5,-111,1.9,2026-07-06T11:11:47.796Z,-135,114,-2.5,2.5,-111,-111,40.5,-111,-111
71515880,2026-10-11T17:00:00Z,New York Jets,Cleveland Browns,DraftKings,totals,over,40.5,-111,1.9,2026-07-06T11:11:47.796Z,-135,114,-2.5,2.5,-111,-111,40.5,-111,-111
71515880,2026-10-11T17:00:00Z,New York Jets,Cleveland Browns,DraftKings,totals,under,40.5,-111,1.9,2026-07-06T11:11:47.796Z,-135,114,-2.5,2.5,-111,-111,40.5,-111,-111
71488624,2026-10-11T13:30:00Z,Jacksonville Jaguars,Philadelphia Eagles,DraftKings,h2h,home,,110,2.1,2026-07-06T11:11:47.796Z,110,-132,2.5,-2.5,-116,-105,44.5,-102,-119
71488624,2026-10-11T13:30:00Z,Jacksonville Jaguars,Philadelphia Eagles,DraftKings,h2h,away,,-132,1.76,2026-07-06T11:11:47.796Z,110,-132,2.5,-2.5,-116,-105,44.5,-102,-119
71488624,2026-10-11T13:30:00Z,Jacksonville Jaguars,Philadelphia Eagles,DraftKings,spreads,home,2.5,-116,1.86,2026-07-17T00:02:37.474Z,110,-132,2.5,-2.5,-116,-105,44.5,-102,-119
71488624,2026-10-11T13:30:00Z,Jacksonville Jaguars,Philadelphia Eagles,DraftKings,spreads,away,-2.5,-105,1.95,2026-07-17T00:02:37.474Z,110,-132,2.5,-2.5,-116,-105,44.5,-102,-119
71488624,2026-10-11T13:30:00Z,Jacksonville Jaguars,Philadelphia Eagles,DraftKings,totals,over,44.5,-102,1.98,2026-07-17T00:02:37.474Z,110,-132,2.5,-2.5,-116,-105,44.5,-102,-119
71488624,2026-10-11T13:30:00Z,Jacksonville Jaguars,Philadelphia Eagles,DraftKings,totals,under,44.5,-119,1.84,2026-07-17T00:02:37.474Z,110,-132,2.5,-2.5,-116,-105,44.5,-102,-119
71515884,2026-10-11T17:00:00Z,Tennessee Titans,Houston Texans,DraftKings,h2h,home,,160,2.6,2026-07-06T11:11:47.796Z,160,-192,3.5,-3.5,-111,-111,43.5,-111,-111
71515884,2026-10-11T17:00:00Z,Tennessee Titans,Houston Texans,DraftKings,h2h,away,,-192,1.52,2026-07-06T11:11:47.796Z,160,-192,3.5,-3.5,-111,-111,43.5,-111,-111
71515884,2026-10-11T17:00:00Z,Tennessee Titans,Houston Texans,DraftKings,spreads,home,3.5,-111,1.9,2026-07-06T11:11:47.796Z,160,-192,3.5,-3.5,-111,-111,43.5,-111,-111
71515884,2026-10-11T17:00:00Z,Tennessee Titans,Houston Texans,DraftKings,spreads,away,-3.5,-111,1.9,2026-07-06T11:11:47.796Z,160,-192,3.5,-3.5,-111,-111,43.5,-111,-111
71515884,2026-10-11T17:00:00Z,Tennessee Titans,Houston Texans,DraftKings,totals,over,43.5,-111,1.9,2026-07-06T11:11:47.796Z,160,-192,3.5,-3.5,-111,-111,43.5,-111,-111
71515884,2026-10-11T17:00:00Z,Tennessee Titans,Houston Texans,DraftKings,totals,under,43.5,-111,1.9,2026-07-06T11:11:47.796Z,160,-192,3.5,-3.5,-111,-111,43.5,-111,-111
71515886,2026-10-11T17:00:00Z,Washington Commanders,New York Giants,DraftKings,h2h,home,,-135,1.74,2026-07-06T11:11:47.796Z,-135,114,-2.5,2.5,-111,-111,48.5,-111,-111
71515886,2026-10-11T17:00:00Z,Washington Commanders,New York Giants,DraftKings,h2h,away,,114,2.14,2026-07-06T11:11:47.796Z,-135,114,-2.5,2.5,-111,-111,48.5,-111,-111
71515886,2026-10-11T17:00:00Z,Washington Commanders,New York Giants,DraftKings,spreads,home,-2.5,-111,1.9,2026-07-06T11:11:47.796Z,-135,114,-2.5,2.5,-111,-111,48.5,-111,-111
71515886,2026-10-11T17:00:00Z,Washington Commanders,New York Giants,DraftKings,spreads,away,2.5,-111,1.9,2026-07-06T11:11:47.796Z,-135,114,-2.5,2.5,-111,-111,48.5,-111,-111
71515886,2026-10-11T17:00:00Z,Washington Commanders,New York Giants,DraftKings,totals,over,48.5,-111,1.9,2026-07-06T11:11:47.796Z,-135,114,-2.5,2.5,-111,-111,48.5,-111,-111
71515886,2026-10-11T17:00:00Z,Washington Commanders,New York Giants,DraftKings,totals,under,48.5,-111,1.9,2026-07-06T11:11:47.796Z,-135,114,-2.5,2.5,-111,-111,48.5,-111,-111
71515888,2026-10-11T20:05:00Z,Los Angeles Chargers,Denver Broncos,DraftKings,h2h,home,,-149,1.67,2026-07-14T03:26:57.382Z,-149,124,-2.5,2.5,-116,-105,44.5,-111,-111
71515888,2026-10-11T20:05:00Z,Los Angeles Chargers,Denver Broncos,DraftKings,h2h,away,,124,2.24,2026-07-14T03:26:57.382Z,-149,124,-2.5,2.5,-116,-105,44.5,-111,-111
71515888,2026-10-11T20:05:00Z,Los Angeles Chargers,Denver Broncos,DraftKings,spreads,home,-2.5,-116,1.86,2026-07-06T11:11:47.796Z,-149,124,-2.5,2.5,-116,-105,44.5,-111,-111
71515888,2026-10-11T20:05:00Z,Los Angeles Chargers,Denver Broncos,DraftKings,spreads,away,2.5,-105,1.95,2026-07-06T11:11:47.796Z,-149,124,-2.5,2.5,-116,-105,44.5,-111,-111
71515888,2026-10-11T20:05:00Z,Los Angeles Chargers,Denver Broncos,DraftKings,totals,over,44.5,-111,1.9,2026-07-06T11:11:47.796Z,-149,124,-2.5,2.5,-116,-105,44.5,-111,-111
71515888,2026-10-11T20:05:00Z,Los Angeles Chargers,Denver Broncos,DraftKings,totals,under,44.5,-111,1.9,2026-07-06T11:11:47.796Z,-149,124,-2.5,2.5,-116,-105,44.5,-111,-111
71515890,2026-10-11T20:25:00Z,Arizona Cardinals,Detroit Lions,DraftKings,h2h,home,,300,4,2026-07-10T15:26:23.094Z,300,-385,8.5,-8.5,-111,-111,49.5,-111,-111
71515890,2026-10-11T20:25:00Z,Arizona Cardinals,Detroit Lions,DraftKings,h2h,away,,-385,1.26,2026-07-10T15:26:23.094Z,300,-385,8.5,-8.5,-111,-111,49.5,-111,-111
71515890,2026-10-11T20:25:00Z,Arizona Cardinals,Detroit Lions,DraftKings,spreads,home,8.5,-111,1.9,2026-05-15T01:41:48.716Z,300,-385,8.5,-8.5,-111,-111,49.5,-111,-111
71515890,2026-10-11T20:25:00Z,Arizona Cardinals,Detroit Lions,DraftKings,spreads,away,-8.5,-111,1.9,2026-05-15T01:41:48.716Z,300,-385,8.5,-8.5,-111,-111,49.5,-111,-111
71515890,2026-10-11T20:25:00Z,Arizona Cardinals,Detroit Lions,DraftKings,totals,over,49.5,-111,1.9,2026-05-15T01:41:48.716Z,300,-385,8.5,-8.5,-111,-111,49.5,-111,-111
71515890,2026-10-11T20:25:00Z,Arizona Cardinals,Detroit Lions,DraftKings,totals,under,49.5,-111,1.9,2026-05-15T01:41:48.716Z,300,-385,8.5,-8.5,-111,-111,49.5,-111,-111
71515892,2026-10-11T20:25:00Z,Green Bay Packers,Chicago Bears,DraftKings,h2h,home,,-167,1.6,2026-06-30T09:53:38.722Z,-167,140,-3,3,-111,-111,49.5,-111,-111
71515892,2026-10-11T20:25:00Z,Green Bay Packers,Chicago Bears,DraftKings,h2h,away,,140,2.4,2026-06-30T09:53:38.722Z,-167,140,-3,3,-111,-111,49.5,-111,-111
71515892,2026-10-11T20:25:00Z,Green Bay Packers,Chicago Bears,DraftKings,spreads,home,-3,-111,1.9,2026-05-15T00:09:55.171Z,-167,140,-3,3,-111,-111,49.5,-111,-111
71515892,2026-10-11T20:25:00Z,Green Bay Packers,Chicago Bears,DraftKings,spreads,away,3,-111,1.9,2026-05-15T00:09:55.171Z,-167,140,-3,3,-111,-111,49.5,-111,-111
71515892,2026-10-11T20:25:00Z,Green Bay Packers,Chicago Bears,DraftKings,totals,over,49.5,-111,1.9,2026-05-15T00:09:55.171Z,-167,140,-3,3,-111,-111,49.5,-111,-111
71515892,2026-10-11T20:25:00Z,Green Bay Packers,Chicago Bears,DraftKings,totals,under,49.5,-111,1.9,2026-05-15T00:09:55.171Z,-167,140,-3,3,-111,-111,49.5,-111,-111
71515894,2026-10-11T20:25:00Z,Seattle Seahawks,San Francisco 49ers,DraftKings,h2h,home,,-208,1.48,2026-07-18T20:44:18.787Z,-208,170,-3.5,3.5,-111,-111,48.5,-111,-111
71515894,2026-10-11T20:25:00Z,Seattle Seahawks,San Francisco 49ers,DraftKings,h2h,away,,170,2.7,2026-07-18T20:44:18.787Z,-208,170,-3.5,3.5,-111,-111,48.5,-111,-111
71515894,2026-10-11T20:25:00Z,Seattle Seahawks,San Francisco 49ers,DraftKings,spreads,home,-3.5,-111,1.9,2026-07-06T11:11:47.796Z,-208,170,-3.5,3.5,-111,-111,48.5,-111,-111
71515894,2026-10-11T20:25:00Z,Seattle Seahawks,San Francisco 49ers,DraftKings,spreads,away,3.5,-111,1.9,2026-07-06T11:11:47.796Z,-208,170,-3.5,3.5,-111,-111,48.5,-111,-111
71515894,2026-10-11T20:25:00Z,Seattle Seahawks,San Francisco 49ers,DraftKings,totals,over,48.5,-111,1.9,2026-07-06T11:11:47.796Z,-208,170,-3.5,3.5,-111,-111,48.5,-111,-111
71515894,2026-10-11T20:25:00Z,Seattle Seahawks,San Francisco 49ers,DraftKings,totals,under,48.5,-111,1.9,2026-07-06T11:11:47.796Z,-208,170,-3.5,3.5,-111,-111,48.5,-111,-111
71515896,2026-10-12T00:20:00Z,Atlanta Falcons,Baltimore Ravens,DraftKings,h2h,home,,185,2.85,2026-06-30T09:51:09.048Z,185,-227,4.5,-4.5,-111,-111,48.5,-111,-111
71515896,2026-10-12T00:20:00Z,Atlanta Falcons,Baltimore Ravens,DraftKings,h2h,away,,-227,1.44,2026-06-30T09:51:09.048Z,185,-227,4.5,-4.5,-111,-111,48.5,-111,-111
71515896,2026-10-12T00:20:00Z,Atlanta Falcons,Baltimore Ravens,DraftKings,spreads,home,4.5,-111,1.9,2026-05-15T00:35:39.409Z,185,-227,4.5,-4.5,-111,-111,48.5,-111,-111
71515896,2026-10-12T00:20:00Z,Atlanta Falcons,Baltimore Ravens,DraftKings,spreads,away,-4.5,-111,1.9,2026-05-15T00:35:39.409Z,185,-227,4.5,-4.5,-111,-111,48.5,-111,-111
71515896,2026-10-12T00:20:00Z,Atlanta Falcons,Baltimore Ravens,DraftKings,totals,over,48.5,-111,1.9,2026-05-15T00:35:39.409Z,185,-227,4.5,-4.5,-111,-111,48.5,-111,-111
71515896,2026-10-12T00:20:00Z,Atlanta Falcons,Baltimore Ravens,DraftKings,totals,under,48.5,-111,1.9,2026-05-15T00:35:39.409Z,185,-227,4.5,-4.5,-111,-111,48.5,-111,-111
71515900,2026-10-16T00:15:00Z,Denver Broncos,Seattle Seahawks,DraftKings,h2h,home,,110,2.1,2026-05-15T00:18:52.222Z,110,-132,2.5,-2.5,-116,-105,43.5,-111,-111
71515900,2026-10-16T00:15:00Z,Denver Broncos,Seattle Seahawks,DraftKings,h2h,away,,-132,1.76,2026-05-15T00:18:52.222Z,110,-132,2.5,-2.5,-116,-105,43.5,-111,-111
71515900,2026-10-16T00:15:00Z,Denver Broncos,Seattle Seahawks,DraftKings,spreads,home,2.5,-116,1.86,2026-07-14T03:26:57.382Z,110,-132,2.5,-2.5,-116,-105,43.5,-111,-111
71515900,2026-10-16T00:15:00Z,Denver Broncos,Seattle Seahawks,DraftKings,spreads,away,-2.5,-105,1.95,2026-07-14T03:26:57.382Z,110,-132,2.5,-2.5,-116,-105,43.5,-111,-111
71515900,2026-10-16T00:15:00Z,Denver Broncos,Seattle Seahawks,DraftKings,totals,over,43.5,-111,1.9,2026-05-15T00:18:52.222Z,110,-132,2.5,-2.5,-116,-105,43.5,-111,-111
71515900,2026-10-16T00:15:00Z,Denver Broncos,Seattle Seahawks,DraftKings,totals,under,43.5,-111,1.9,2026-05-15T00:18:52.222Z,110,-132,2.5,-2.5,-116,-105,43.5,-111,-111
71515882,2026-10-11T17:00:00Z,Pittsburgh Steelers,Indianapolis Colts,DraftKings,h2h,home,,-143,1.7,2026-07-06T11:11:47.796Z,-143,120,-2.5,2.5,-111,-111,47.5,-111,-111
71515882,2026-10-11T17:00:00Z,Pittsburgh Steelers,Indianapolis Colts,DraftKings,h2h,away,,120,2.2,2026-07-06T11:11:47.796Z,-143,120,-2.5,2.5,-111,-111,47.5,-111,-111
71515882,2026-10-11T17:00:00Z,Pittsburgh Steelers,Indianapolis Colts,DraftKings,spreads,home,-2.5,-111,1.9,2026-07-06T11:11:47.796Z,-143,120,-2.5,2.5,-111,-111,47.5,-111,-111
71515882,2026-10-11T17:00:00Z,Pittsburgh Steelers,Indianapolis Colts,DraftKings,spreads,away,2.5,-111,1.9,2026-07-06T11:11:47.796Z,-143,120,-2.5,2.5,-111,-111,47.5,-111,-111
71515882,2026-10-11T17:00:00Z,Pittsburgh Steelers,Indianapolis Colts,DraftKings,totals,over,47.5,-111,1.9,2026-07-06T11:11:47.796Z,-143,120,-2.5,2.5,-111,-111,47.5,-111,-111
71515882,2026-10-11T17:00:00Z,Pittsburgh Steelers,Indianapolis Colts,DraftKings,totals,under,47.5,-111,1.9,2026-07-06T11:11:47.796Z,-143,120,-2.5,2.5,-111,-111,47.5,-111,-111
71515898,2026-10-13T00:15:00Z,Los Angeles Rams,Buffalo Bills,DraftKings,h2h,home,,-185,1.54,2026-07-07T14:19:02.016Z,-185,154,-3.5,3.5,-111,-111,53.5,-111,-111
71515898,2026-10-13T00:15:00Z,Los Angeles Rams,Buffalo Bills,DraftKings,h2h,away,,154,2.54,2026-07-07T14:19:02.016Z,-185,154,-3.5,3.5,-111,-111,53.5,-111,-111
71515898,2026-10-13T00:15:00Z,Los Angeles Rams,Buffalo Bills,DraftKings,spreads,home,-3.5,-111,1.9,2026-07-07T14:19:02.016Z,-185,154,-3.5,3.5,-111,-111,53.5,-111,-111
71515898,2026-10-13T00:15:00Z,Los Angeles Rams,Buffalo Bills,DraftKings,spreads,away,3.5,-111,1.9,2026-07-07T14:19:02.016Z,-185,154,-3.5,3.5,-111,-111,53.5,-111,-111
71515898,2026-10-13T00:15:00Z,Los Angeles Rams,Buffalo Bills,DraftKings,totals,over,53.5,-111,1.9,2026-05-15T00:35:20.695Z,-185,154,-3.5,3.5,-111,-111,53.5,-111,-111
71515898,2026-10-13T00:15:00Z,Los Angeles Rams,Buffalo Bills,DraftKings,totals,under,53.5,-111,1.9,2026-05-15T00:35:20.695Z,-185,154,-3.5,3.5,-111,-111,53.5,-111,-111
71515908,2026-10-18T17:00:00Z,New England Patriots,New York Jets,DraftKings,h2h,home,,-455,1.22,2026-06-15T22:40:58.788Z,-455,340,-9.5,9.5,-111,-111,42.5,-111,-111
71515908,2026-10-18T17:00:00Z,New England Patriots,New York Jets,DraftKings,h2h,away,,340,4.4,2026-06-15T22:40:58.788Z,-455,340,-9.5,9.5,-111,-111,42.5,-111,-111
71515908,2026-10-18T17:00:00Z,New England Patriots,New York Jets,DraftKings,spreads,home,-9.5,-111,1.9,2026-06-15T22:40:58.788Z,-455,340,-9.5,9.5,-111,-111,42.5,-111,-111
71515908,2026-10-18T17:00:00Z,New England Patriots,New York Jets,DraftKings,spreads,away,9.5,-111,1.9,2026-06-15T22:40:58.788Z,-455,340,-9.5,9.5,-111,-111,42.5,-111,-111
71515908,2026-10-18T17:00:00Z,New England Patriots,New York Jets,DraftKings,totals,over,42.5,-111,1.9,2026-06-15T22:40:58.788Z,-455,340,-9.5,9.5,-111,-111,42.5,-111,-111
71515908,2026-10-18T17:00:00Z,New England Patriots,New York Jets,DraftKings,totals,under,42.5,-111,1.9,2026-06-15T22:40:58.788Z,-455,340,-9.5,9.5,-111,-111,42.5,-111,-111
71515910,2026-10-18T17:00:00Z,New York Giants,New Orleans Saints,DraftKings,h2h,home,,-149,1.67,2026-05-15T00:43:47.814Z,-149,124,-2.5,2.5,-116,-105,45.5,-111,-111
71515910,2026-10-18T17:00:00Z,New York Giants,New Orleans Saints,DraftKings,h2h,away,,124,2.24,2026-05-15T00:43:47.814Z,-149,124,-2.5,2.5,-116,-105,45.5,-111,-111
71515910,2026-10-18T17:00:00Z,New York Giants,New Orleans Saints,DraftKings,spreads,home,-2.5,-116,1.86,2026-05-15T00:43:47.814Z,-149,124,-2.5,2.5,-116,-105,45.5,-111,-111
71515910,2026-10-18T17:00:00Z,New York Giants,New Orleans Saints,DraftKings,spreads,away,2.5,-105,1.95,2026-05-15T00:43:47.814Z,-149,124,-2.5,2.5,-116,-105,45.5,-111,-111
71515910,2026-10-18T17:00:00Z,New York Giants,New Orleans Saints,DraftKings,totals,over,45.5,-111,1.9,2026-05-15T00:43:47.814Z,-149,124,-2.5,2.5,-116,-105,45.5,-111,-111
71515910,2026-10-18T17:00:00Z,New York Giants,New Orleans Saints,DraftKings,totals,under,45.5,-111,1.9,2026-05-15T00:43:47.814Z,-149,124,-2.5,2.5,-116,-105,45.5,-111,-111
71488626,2026-10-18T13:30:00Z,Jacksonville Jaguars,Houston Texans,DraftKings,h2h,home,,-105,1.95,2026-05-13T13:55:27.358Z,-105,-116,1.5,-1.5,-119,-102,41.5,-111,-111
71488626,2026-10-18T13:30:00Z,Jacksonville Jaguars,Houston Texans,DraftKings,h2h,away,,-116,1.86,2026-05-13T13:55:27.358Z,-105,-116,1.5,-1.5,-119,-102,41.5,-111,-111
71488626,2026-10-18T13:30:00Z,Jacksonville Jaguars,Houston Texans,DraftKings,spreads,home,1.5,-119,1.84,2026-05-13T13:55:27.358Z,-105,-116,1.5,-1.5,-119,-102,41.5,-111,-111
71488626,2026-10-18T13:30:00Z,Jacksonville Jaguars,Houston Texans,DraftKings,spreads,away,-1.5,-102,1.98,2026-05-13T13:55:27.358Z,-105,-116,1.5,-1.5,-119,-102,41.5,-111,-111
71488626,2026-10-18T13:30:00Z,Jacksonville Jaguars,Houston Texans,DraftKings,totals,over,41.5,-111,1.9,2026-05-13T13:06:13.289Z,-105,-116,1.5,-1.5,-119,-102,41.5,-111,-111
71488626,2026-10-18T13:30:00Z,Jacksonville Jaguars,Houston Texans,DraftKings,totals,under,41.5,-111,1.9,2026-05-13T13:06:13.289Z,-105,-116,1.5,-1.5,-119,-102,41.5,-111,-111
71515902,2026-10-18T17:00:00Z,Atlanta Falcons,Chicago Bears,DraftKings,h2h,home,,140,2.4,2026-07-07T14:23:26.226Z,140,-167,3,-3,-105,-116,47.5,-111,-111
71515902,2026-10-18T17:00:00Z,Atlanta Falcons,Chicago Bears,DraftKings,h2h,away,,-167,1.6,2026-07-07T14:23:26.226Z,140,-167,3,-3,-105,-116,47.5,-111,-111
71515902,2026-10-18T17:00:00Z,Atlanta Falcons,Chicago Bears,DraftKings,spreads,home,3,-105,1.95,2026-05-15T01:02:37.308Z,140,-167,3,-3,-105,-116,47.5,-111,-111
71515902,2026-10-18T17:00:00Z,Atlanta Falcons,Chicago Bears,DraftKings,spreads,away,-3,-116,1.86,2026-05-15T01:02:37.308Z,140,-167,3,-3,-105,-116,47.5,-111,-111
71515902,2026-10-18T17:00:00Z,Atlanta Falcons,Chicago Bears,DraftKings,totals,over,47.5,-111,1.9,2026-05-15T01:02:37.308Z,140,-167,3,-3,-105,-116,47.5,-111,-111
71515902,2026-10-18T17:00:00Z,Atlanta Falcons,Chicago Bears,DraftKings,totals,under,47.5,-111,1.9,2026-05-15T01:02:37.308Z,140,-167,3,-3,-105,-116,47.5,-111,-111
71515904,2026-10-18T17:00:00Z,Cleveland Browns,Baltimore Ravens,DraftKings,h2h,home,,260,3.6,2026-06-15T22:39:00.309Z,260,-333,7,-7,-105,-116,45.5,-111,-111
71515904,2026-10-18T17:00:00Z,Cleveland Browns,Baltimore Ravens,DraftKings,h2h,away,,-333,1.3,2026-06-15T22:39:00.309Z,260,-333,7,-7,-105,-116,45.5,-111,-111
71515904,2026-10-18T17:00:00Z,Cleveland Browns,Baltimore Ravens,DraftKings,spreads,home,7,-105,1.95,2026-06-15T22:39:00.309Z,260,-333,7,-7,-105,-116,45.5,-111,-111
71515904,2026-10-18T17:00:00Z,Cleveland Browns,Baltimore Ravens,DraftKings,spreads,away,-7,-116,1.86,2026-06-15T22:39:00.309Z,260,-333,7,-7,-105,-116,45.5,-111,-111
71515904,2026-10-18T17:00:00Z,Cleveland Browns,Baltimore Ravens,DraftKings,totals,over,45.5,-111,1.9,2026-06-15T22:39:00.309Z,260,-333,7,-7,-105,-116,45.5,-111,-111
71515904,2026-10-18T17:00:00Z,Cleveland Browns,Baltimore Ravens,DraftKings,totals,under,45.5,-111,1.9,2026-06-15T22:39:00.309Z,260,-333,7,-7,-105,-116,45.5,-111,-111
71515906,2026-10-18T17:00:00Z,Indianapolis Colts,Tennessee Titans,DraftKings,h2h,home,,-192,1.52,2026-05-15T02:11:15.873Z,-192,160,-3.5,3.5,-111,-111,48.5,-111,-111
71515906,2026-10-18T17:00:00Z,Indianapolis Colts,Tennessee Titans,DraftKings,h2h,away,,160,2.6,2026-05-15T02:11:15.873Z,-192,160,-3.5,3.5,-111,-111,48.5,-111,-111
71515906,2026-10-18T17:00:00Z,Indianapolis Colts,Tennessee Titans,DraftKings,spreads,home,-3.5,-111,1.9,2026-05-15T02:11:15.873Z,-192,160,-3.5,3.5,-111,-111,48.5,-111,-111
71515906,2026-10-18T17:00:00Z,Indianapolis Colts,Tennessee Titans,DraftKings,spreads,away,3.5,-111,1.9,2026-05-15T02:11:15.873Z,-192,160,-3.5,3.5,-111,-111,48.5,-111,-111
71515906,2026-10-18T17:00:00Z,Indianapolis Colts,Tennessee Titans,DraftKings,totals,over,48.5,-111,1.9,2026-05-15T02:11:15.873Z,-192,160,-3.5,3.5,-111,-111,48.5,-111,-111
71515906,2026-10-18T17:00:00Z,Indianapolis Colts,Tennessee Titans,DraftKings,totals,under,48.5,-111,1.9,2026-05-15T02:11:15.873Z,-192,160,-3.5,3.5,-111,-111,48.5,-111,-111
71515912,2026-10-18T17:00:00Z,Philadelphia Eagles,Carolina Panthers,DraftKings,h2h,home,,-286,1.35,2026-07-07T14:19:02.016Z,-286,225,-6.5,6.5,-112,-109,43.5,-111,-111
71515912,2026-10-18T17:00:00Z,Philadelphia Eagles,Carolina Panthers,DraftKings,h2h,away,,225,3.25,2026-07-07T14:19:02.016Z,-286,225,-6.5,6.5,-112,-109,43.5,-111,-111
71515912,2026-10-18T17:00:00Z,Philadelphia Eagles,Carolina Panthers,DraftKings,spreads,home,-6.5,-112,1.89,2026-07-07T14:19:02.016Z,-286,225,-6.5,6.5,-112,-109,43.5,-111,-111
71515912,2026-10-18T17:00:00Z,Philadelphia Eagles,Carolina Panthers,DraftKings,spreads,away,6.5,-109,1.92,2026-07-07T14:19:02.016Z,-286,225,-6.5,6.5,-112,-109,43.5,-111,-111
71515912,2026-10-18T17:00:00Z,Philadelphia Eagles,Carolina Panthers,DraftKings,totals,over,43.5,-111,1.9,2026-05-15T01:12:14.598Z,-286,225,-6.5,6.5,-112,-109,43.5,-111,-111
71515912,2026-10-18T17:00:00Z,Philadelphia Eagles,Carolina Panthers,DraftKings,totals,under,43.5,-111,1.9,2026-05-15T01:12:14.598Z,-286,225,-6.5,6.5,-112,-109,43.5,-111,-111
71515914,2026-10-18T17:00:00Z,Tampa Bay Buccaneers,Pittsburgh Steelers,DraftKings,h2h,home,,-125,1.8,2026-05-15T02:14:53.949Z,-125,105,-1.5,1.5,-111,-111,45.5,-111,-111
71515914,2026-10-18T17:00:00Z,Tampa Bay Buccaneers,Pittsburgh Steelers,DraftKings,h2h,away,,105,2.05,2026-05-15T02:14:53.949Z,-125,105,-1.5,1.5,-111,-111,45.5,-111,-111
71515914,2026-10-18T17:00:00Z,Tampa Bay Buccaneers,Pittsburgh Steelers,DraftKings,spreads,home,-1.5,-111,1.9,2026-05-15T02:14:53.949Z,-125,105,-1.5,1.5,-111,-111,45.5,-111,-111
71515914,2026-10-18T17:00:00Z,Tampa Bay Buccaneers,Pittsburgh Steelers,DraftKings,spreads,away,1.5,-111,1.9,2026-05-15T02:14:53.949Z,-125,105,-1.5,1.5,-111,-111,45.5,-111,-111
71515914,2026-10-18T17:00:00Z,Tampa Bay Buccaneers,Pittsburgh Steelers,DraftKings,totals,over,45.5,-111,1.9,2026-05-15T02:14:53.949Z,-125,105,-1.5,1.5,-111,-111,45.5,-111,-111
71515914,2026-10-18T17:00:00Z,Tampa Bay Buccaneers,Pittsburgh Steelers,DraftKings,totals,under,45.5,-111,1.9,2026-05-15T02:14:53.949Z,-125,105,-1.5,1.5,-111,-111,45.5,-111,-111
